item,category,2004,2005,2006,2007,2008,2009,2010,2011,2012,2013,2014,2015,2016,2017,2018,2019,2020,2021,2022
강원특별자치도 - 개소,Statistics,649.0,663.0,670.0,675.0,722.0,755.0,777.0,790.0,814.0,840.0,919.0,921.0,985.0,1065.0,1053.0,1177.0,,,
강원특별자치도 - 면수,Statistics,55531.0,54102.0,53571.0,54058.0,54551.0,54323.0,56919.0,58025.0,63468.0,66446.0,68009.0,68445.0,71480.0,74676.0,72638.0,76263.0,,,
경기도 - 개소,Statistics,6398.0,3334.0,3603.0,3016.0,2835.0,2593.0,2645.0,2700.0,2804.0,6041.0,2954.0,2616.0,2977.0,2995.0,3053.0,2947.0,3026.0,3253.0,3217.0
경기도 - 면수,Statistics,238395.0,237671.0,261924.0,259001.0,198847.0,198681.0,205735.0,189875.0,206046.0,227319.0,209345.0,187159.0,209389.0,216720.0,202279.0,202526.0,213477.0,219876.0,227700.0
경상남도 - 개소,Statistics,2013.0,2098.0,2143.0,1963.0,2065.0,2265.0,2195.0,2226.0,2343.0,2358.0,2399.0,2378.0,2375.0,2380.0,2527.0,2601.0,,,
경상남도 - 면수,Statistics,103857.0,90381.0,94798.0,96122.0,99826.0,105707.0,98194.0,97923.0,100126.0,101711.0,109076.0,102538.0,111816.0,112578.0,113446.0,118349.0,,,
경상북도 - 개소,Statistics,4175.0,4056.0,4042.0,1476.0,1492.0,1580.0,2534.0,1570.0,1327.0,1200.0,1150.0,1109.0,1381.0,1345.0,1451.0,1361.0,1699.0,1511.0,2077.0
경상북도 - 면수,Statistics,80623.0,80195.0,77832.0,63595.0,64564.0,69388.0,68582.0,68769.0,67963.0,67917.0,70698.0,65124.0,64323.0,74978.0,78413.0,73638.0,85872.0,80621.0,94753.0
광주광역시 - 개소,Statistics,555.0,602.0,589.0,605.0,620.0,632.0,639.0,658.0,684.0,709.0,749.0,841.0,875.0,897.0,740.0,728.0,,,
광주광역시 - 면수,Statistics,19997.0,26717.0,26654.0,27218.0,27821.0,28136.0,29038.0,30059.0,30301.0,29494.0,34931.0,36373.0,38000.0,36445.0,28225.0,30188.0,,,
대구광역시 - 개소,Statistics,957.0,1010.0,1066.0,1121.0,1135.0,1180.0,685.0,694.0,709.0,712.0,714.0,722.0,725.0,725.0,713.0,727.0,,,
대구광역시 - 면수,Statistics,36488.0,38337.0,39425.0,40876.0,39616.0,41118.0,29718.0,30300.0,31260.0,31218.0,31318.0,31675.0,31580.0,31580.0,31408.0,29657.0,,,
대전광역시 - 개소,Statistics,459.0,460.0,459.0,486.0,515.0,341.0,358.0,380.0,390.0,397.0,494.0,425.0,430.0,445.0,522.0,516.0,527.0,548.0,
대전광역시 - 면수,Statistics,23758.0,24135.0,25375.0,26792.0,27779.0,23168.0,23480.0,25128.0,26004.0,23048.0,29066.0,24915.0,24149.0,24712.0,27585.0,27088.0,27259.0,28028.0,
부산광역시 - 개소,Statistics,3367.0,3787.0,4021.0,3563.0,3695.0,3650.0,3483.0,3894.0,3405.0,3266.0,3238.0,3379.0,3665.0,3834.0,3749.0,3764.0,,,
부산광역시 - 면수,Statistics,72230.0,76917.0,79862.0,77751.0,81276.0,86390.0,91109.0,87913.0,81476.0,83385.0,83514.0,82554.0,89204.0,90090.0,92743.0,98028.0,,,
서울특별시 - 개소,Statistics,3148.0,3231.0,3341.0,3633.0,3068.0,2910.0,3006.0,2399.0,2538.0,2064.0,2157.0,2081.0,2019.0,1977.0,2045.0,2074.0,1907.0,1956.0,1857.0
서울특별시 - 면수,Statistics,122890.0,131986.0,140000.0,123891.0,134560.0,126226.0,132093.0,116949.0,122564.0,104303.0,111495.0,109306.0,110575.0,112782.0,110172.0,100773.0,100489.0,106862.0,101064.0
세종특별자치시 - 개소,Statistics,,,,,,,,,32.0,22.0,24.0,32.0,41.0,44.0,47.0,77.0,,,
세종특별자치시 - 면수,Statistics,,,,,,,,,1092.0,845.0,697.0,1082.0,1564.0,3167.0,3431.0,7589.0,,,
울산광역시 - 개소,Statistics,624.0,632.0,1336.0,1366.0,1365.0,780.0,806.0,777.0,811.0,793.0,808.0,909.0,824.0,840.0,1057.0,1069.0,,,
울산광역시 - 면수,Statistics,33341.0,31492.0,39120.0,41125.0,40710.0,29985.0,31392.0,30643.0,35302.0,35724.0,36632.0,59286.0,37031.0,38674.0,42533.0,44336.0,,,
인천광역시 - 개소,Statistics,655.0,620.0,643.0,711.0,752.0,779.0,834.0,859.0,951.0,979.0,965.0,933.0,819.0,864.0,911.0,901.0,,,
인천광역시 - 면수,Statistics,31559.0,32666.0,33837.0,37121.0,38723.0,39339.0,40901.0,42837.0,48774.0,49133.0,48764.0,48563.0,42915.0,45259.0,47130.0,47707.0,,,
전국 - 개소,Statistics,26880.0,24611.0,26081.0,22988.0,22818.0,22090.0,22721.0,24969.0,21944.0,24635.0,23832.0,21738.0,22565.0,23000.0,23286.0,23924.0,,,
전국 - 면수,Statistics,1053927.0,1071452.0,1113754.0,1100047.0,1058784.0,1073780.0,1085415.0,1070389.0,1111300.0,1116809.0,1118867.0,1110790.0,1131635.0,1166828.0,1167666.0,1231977.0,,,
전라남도 - 개소,Statistics,878.0,824.0,917.0,984.0,982.0,1170.0,1205.0,1297.0,1373.0,1351.0,1260.0,1382.0,1471.0,1538.0,1494.0,1700.0,,,
전라남도 - 면수,Statistics,72967.0,70411.0,62399.0,68913.0,61563.0,81063.0,87829.0,89437.0,95269.0,91904.0,83481.0,91877.0,95273.0,97923.0,114422.0,112768.0,,,
전북특별자치도 - 개소,Statistics,929.0,1002.0,1114.0,1208.0,1248.0,1277.0,1311.0,1351.0,1244.0,1322.0,1308.0,1367.0,1350.0,1366.0,1373.0,1336.0,,,
전북특별자치도 - 면수,Statistics,51808.0,58292.0,61930.0,65286.0,67316.0,72597.0,73582.0,77157.0,71673.0,72568.0,71200.0,79531.0,78177.0,80063.0,79209.0,75513.0,,,
제주특별자치도 - 개소,Statistics,819.0,880.0,799.0,849.0,950.0,730.0,972.0,929.0,1006.0,1010.0,1027.0,1112.0,1122.0,1205.0,984.0,1370.0,,,
제주특별자치도 - 면수,Statistics,31260.0,33727.0,34012.0,35872.0,35827.0,27488.0,36219.0,36079.0,34277.0,34302.0,34752.0,39215.0,39840.0,41391.0,34297.0,44750.0,,,
충청남도 - 개소,Statistics,681.0,826.0,665.0,664.0,698.0,774.0,593.0,3753.0,810.0,845.0,2524.0,935.0,907.0,838.0,935.0,1018.0,1179.0,1233.0,1121.0
충청남도 - 면수,Statistics,44395.0,51464.0,41902.0,42932.0,46124.0,49498.0,39634.0,48181.0,52177.0,52539.0,58934.0,52603.0,54750.0,53205.0,56298.0,107718.0,109418.0,62847.0,62386.0
충청북도 - 개소,Statistics,573.0,586.0,673.0,668.0,676.0,674.0,678.0,692.0,703.0,726.0,1142.0,596.0,599.0,642.0,632.0,558.0,,,
충청북도 - 면수,Statistics,34828.0,32959.0,41113.0,39494.0,39681.0,40673.0,40990.0,41114.0,43528.0,44953.0,36955.0,30544.0,31569.0,32585.0,33437.0,35086.0,,,
