item,category,1995,1996,1997,1998,1999,2000,2001,2002,2003,2004,2005,2006,2007,2008,2009,2010,2011,2012,2013,2014,2015,2016,2017,2018,2019,2020,2021,2022,2023,2024,2025
강원 - 예금은행예금액,Statistics,2720.2,2457.7,2762.6,2972.1,4075.4,5053.1,5891.6,6446.7,7813.7,7789.7,8218.8,8069.4,8226.7,9299.0,10273.9,10669.1,11456.5,12589.6,13326.4,14006.2,15126.0,17707.9,22479.9,24018.4,24787.2,25716.1,25776.8,28587.8,31108.8,34089.7,34145.0
경기 - 예금은행예금액,Statistics,17738.6,17018.0,21363.0,24642.4,31062.9,40267.4,51496.7,61093.1,70457.2,75896.5,75857.6,80100.4,83362.3,86133.8,95997.7,106624.9,118747.7,128770.2,136866.6,144862.8,154819.7,170823.0,183489.4,194912.3,206126.0,221677.1,249874.3,268966.4,280964.4,292177.7,296119.2
경남 - 예금은행예금액,Statistics,8519.3,7909.0,9406.7,7570.0,8943.2,11312.7,13925.0,16176.2,19106.2,21573.7,21211.2,21092.1,22005.7,23940.5,27035.2,27644.4,29898.1,32337.5,34136.1,35196.1,38283.6,41545.9,41438.5,42348.7,44050.1,47289.8,51335.4,53788.8,56872.6,61400.7,61599.7
경북 - 예금은행예금액,Statistics,4675.1,4232.9,4980.1,5426.0,6840.9,7940.6,9956.1,11260.5,12949.8,13582.6,13980.5,14479.6,14949.5,15603.8,17432.0,17694.4,19502.3,21285.3,22751.9,23883.6,26156.7,27814.0,29686.3,30297.8,31749.6,34426.0,36326.2,37838.7,44704.9,46814.8,46082.3
광주 - 예금은행예금액,Statistics,3362.2,3259.3,3916.8,4031.8,6003.9,7612.2,9080.7,10436.5,11698.6,11682.9,11228.5,10468.3,10135.1,10136.8,11237.9,12625.0,13720.8,15582.1,16125.2,17733.7,19225.8,21275.0,23216.2,23643.2,23590.5,25118.4,27757.2,30168.2,30105.8,30806.6,31125.5
대구 - 예금은행예금액,Statistics,7821.2,7561.3,8719.9,8972.7,11446.9,14463.1,17907.1,19204.7,21794.1,22872.9,22257.4,23203.8,22335.3,22143.2,24481.3,26309.6,30278.2,33492.0,34919.1,37618.2,43730.3,46591.8,46792.6,48323.6,48996.8,52216.2,57437.2,59611.2,60919.1,64656.4,67028.6
대전 - 예금은행예금액,Statistics,3388.3,3178.0,3660.4,3962.9,6249.2,7771.1,9824.2,11818.7,13026.6,14722.2,14044.3,14523.2,14876.2,14992.2,16877.3,17902.5,20807.8,22770.4,23025.2,23638.8,25514.0,28198.4,28937.6,30908.1,31653.6,35693.6,39151.0,43318.8,48352.6,48872.8,50902.7
부산 - 예금은행예금액,Statistics,11883.6,11251.3,13324.3,14485.0,18764.8,23205.8,28035.0,30701.6,34087.7,35951.4,33998.2,34023.4,33414.4,35298.4,37583.1,41900.1,49026.7,54256.5,57127.8,59518.3,68793.2,72294.6,78234.0,81588.1,79774.1,88888.4,99799.5,95051.9,95552.7,101984.3,112248.9
서울 - 예금은행예금액,Statistics,76028.6,69971.8,82758.7,96245.4,122011.8,171571.0,205978.6,241135.5,252590.8,276608.9,271350.9,271310.4,287263.4,303671.6,348093.9,424710.5,483595.0,510325.4,530230.7,532240.6,548408.4,586088.4,615291.3,657538.9,717318.2,778474.6,882684.9,1009347.3,1013244.3,1031604.8,1121076.5
세종 - 예금은행예금액,Statistics,,,,,,,,,,,,,,,,,,831.2,985.9,1487.8,1860.7,2700.8,6139.5,8704.9,11682.0,12012.6,14274.8,15123.7,16588.2,15541.8,15613.7
울산 - 예금은행예금액,Statistics,,,2575.6,2465.5,2939.5,3733.9,4633.8,5386.2,6439.6,7181.9,7085.0,7323.7,7714.6,8643.0,9659.2,10209.4,11670.9,12746.9,13644.8,14152.2,14618.1,15295.3,15912.9,15895.0,16247.5,16939.7,18246.0,19427.4,22019.2,22827.0,24104.3
인천 - 예금은행예금액,Statistics,6036.2,5800.4,6622.5,7313.9,9227.2,10898.0,13941.1,16343.9,19071.8,19295.1,18792.7,19349.9,20542.1,21282.4,22175.7,23782.8,26341.4,27188.6,29773.1,31122.4,32700.4,35610.4,39219.3,41956.4,44028.9,46504.8,51908.4,56226.0,57847.5,58071.0,59999.0
전국 - 예금은행예금액,Statistics,154136.1,143666.1,170716.1,192552.2,246309.9,326441.0,398788.2,461604.9,504039.9,543983.9,537409.1,545065.9,568186.7,598429.4,673340.7,774427.7,875289.4,938494.0,983449.1,1008925.2,1069318.2,1153532.3,1221517.7,1296039.2,1384871.9,1503576.8,1681058.4,1849700.4,1905400.8,1964188.4,2073334.0
전남 - 예금은행예금액,Statistics,2541.1,2330.8,2863.2,3002.8,4064.5,4572.5,5527.5,6320.6,6653.4,6921.7,7967.2,8801.6,9060.1,11124.7,12284.2,13019.1,13593.3,15011.1,16041.0,15791.7,17870.4,19881.4,20470.7,20833.9,22911.6,24258.2,25272.4,25837.9,30347.9,30335.0,30774.0
전북 - 예금은행예금액,Statistics,3375.0,3152.6,3592.3,3903.9,5206.4,6326.3,7890.7,8684.0,9556.2,9859.7,10105.9,10498.3,10749.3,11380.9,13027.5,13652.5,15235.6,16645.1,17289.7,17956.2,19200.8,20320.4,20914.0,23256.7,28050.7,36834.2,38992.3,39521.4,41372.9,47834.8,45911.5
제주 - 예금은행예금액,Statistics,1099.3,1033.3,1204.5,1345.0,1844.9,2238.7,2870.1,3265.7,3751.9,3824.2,3814.4,3908.7,3999.2,4353.7,4765.7,4871.5,5460.5,6245.8,6414.1,6685.8,7810.1,8844.7,9487.5,9662.4,9338.0,9888.8,10296.1,11405.6,13557.6,12713.9,11506.9
충남 - 예금은행예금액,Statistics,2641.5,2376.4,2982.3,3213.3,3937.3,4914.0,6086.9,7100.0,8357.1,9032.3,10215.9,10249.4,11506.3,11546.9,12448.4,12616.1,14560.6,16491.9,17458.4,18877.0,20009.8,22287.7,22572.6,23635.8,24773.8,25860.0,27861.5,29877.3,33451.4,35122.3,35367.0
충북 - 예금은행예금액,Statistics,2306.1,2133.2,2559.0,2999.7,3691.3,4560.5,5743.1,6231.0,6685.3,7188.1,7280.6,7663.7,8046.4,8878.3,9967.7,10195.8,11394.0,12755.7,13333.0,14153.7,15190.2,16252.7,17235.4,18514.9,19793.4,21778.2,24064.6,25602.1,28390.9,29334.7,29729.3
