item,category,2010,2011,2012,2013,2014,2015,2016,2017,2018,2019,2020,2021,2022,2023,2024,2025
강원특별자치도 - 생산지수(2020＝100),Statistics,76.306,89.866,89.678,96.505,96.599,90.726,86.996,87.298,92.54,102.722,97.3,92.2,105.7,102.2,103.6,89.5
강원특별자치도 - 증감률,Statistics,33.3,17.8,-0.2,7.6,0.1,-6.1,-4.1,0.3,6.0,11.0,-5.3,-5.2,14.6,-3.3,1.4,-13.6
경기도 - 생산지수(2020＝100),Statistics,49.87,56.954,55.829,63.308,64.713,66.022,68.889,74.265,82.796,80.645,88.1,102.5,118.6,88.1,121.5,126.7
경기도 - 증감률,Statistics,45.6,14.2,-2.0,13.4,2.2,2.0,4.3,7.8,11.5,-2.6,9.2,16.3,15.7,-25.7,37.9,4.3
경상남도 - 생산지수(2020＝100),Statistics,118.283,127.497,112.058,135.216,121.272,118.906,113.436,108.68,105.826,109.512,99.3,99.1,104.9,99.2,120.0,103.6
경상남도 - 증감률,Statistics,34.6,7.8,-12.1,20.7,-10.3,-2.0,-4.6,-4.2,-2.6,3.5,-9.3,-0.2,5.9,-5.4,21.0,-13.7
경상북도 - 생산지수(2020＝100),Statistics,126.896,135.409,138.734,134.477,131.951,127.25,123.551,109.618,109.618,105.055,96.0,108.3,101.9,99.0,104.9,93.0
경상북도 - 증감률,Statistics,27.5,6.7,2.5,-3.1,-1.9,-3.6,-2.9,-11.3,0.0,-4.2,-8.6,12.8,-5.9,-2.8,6.0,-11.3
광주광역시 - 생산지수(2020＝100),Statistics,75.489,103.97,85.536,96.689,96.781,106.893,94.639,95.624,96.718,99.344,91.1,100.3,108.2,107.3,119.3,112.3
광주광역시 - 증감률,Statistics,65.6,37.7,-17.7,13.0,0.1,10.4,-11.5,1.0,1.1,2.7,-8.3,10.1,7.9,-0.8,11.2,-5.9
대구광역시 - 생산지수(2020＝100),Statistics,92.576,109.159,96.952,108.04,112.11,110.428,106.476,105.159,109.44,116.465,98.3,104.7,109.4,111.9,120.1,99.8
대구광역시 - 증감률,Statistics,50.0,17.9,-11.2,11.4,3.8,-1.5,-3.6,-1.2,4.1,6.4,-15.6,6.5,4.5,2.3,7.3,-16.9
대전광역시 - 생산지수(2020＝100),Statistics,78.518,87.548,89.01,95.031,87.635,93.632,104.179,106.468,106.368,104.378,98.9,93.8,93.0,92.1,103.4,91.8
대전광역시 - 증감률,Statistics,37.3,11.5,1.7,6.8,-7.8,6.8,11.3,2.2,-0.1,-1.9,-5.2,-5.2,-0.9,-1.0,12.3,-11.2
부산광역시 - 생산지수(2020＝100),Statistics,101.268,104.23,104.019,106.347,99.786,114.019,121.846,111.215,112.734,110.631,99.1,94.5,107.9,103.8,109.7,99.6
부산광역시 - 증감률,Statistics,14.4,2.9,-0.2,2.2,-6.2,14.3,6.9,-8.7,1.4,-1.9,-10.4,-4.6,14.2,-3.8,5.7,-9.2
서울특별시 - 생산지수(2020＝100),Statistics,113.099,128.577,120.123,120.362,116.075,115.062,126.173,122.222,128.519,127.16,104.6,100.6,105.3,95.8,94.3,79.0
서울특별시 - 증감률,Statistics,9.2,13.7,-6.6,0.2,-3.6,-0.9,9.7,-3.1,5.2,-1.1,-17.7,-3.8,4.7,-9.0,-1.6,-16.2
세종특별자치시 - 생산지수(2020＝100),Statistics,,,,,,,,,,,94.4,109.0,113.9,102.1,115.4,95.0
세종특별자치시 - 증감률,Statistics,,,,,,,,,,,,15.5,4.5,-10.4,13.0,-17.7
울산광역시 - 생산지수(2020＝100),Statistics,100.031,114.232,115.073,128.432,115.915,116.274,105.163,98.092,102.132,114.478,100.6,107.5,112.8,98.1,109.2,98.4
울산광역시 - 증감률,Statistics,20.8,14.2,0.7,11.6,-9.7,0.3,-9.6,-6.7,4.1,12.1,-12.1,6.9,4.9,-13.0,11.3,-9.9
인천광역시 - 생산지수(2020＝100),Statistics,85.238,94.552,88.249,100.667,100.761,93.642,94.605,97.881,116.378,98.073,93.3,123.3,104.3,104.6,144.2,123.3
인천광역시 - 증감률,Statistics,30.6,10.9,-6.7,14.1,0.1,-7.1,1.0,3.5,18.9,-15.7,-4.9,32.2,-15.4,0.3,37.9,-14.5
전국 - 생산지수(2020＝100),Statistics,80.695,90.424,87.644,96.07,91.813,91.917,91.259,93.139,97.932,98.026,93.5,103.0,109.8,95.2,108.2,102.8
전국 - 증감률,Statistics,40.8,12.1,-3.1,9.6,-4.4,0.1,-0.7,2.1,5.1,0.1,-4.6,10.2,6.6,-13.3,13.7,-5.0
전라남도 - 생산지수(2020＝100),Statistics,91.579,97.184,113.094,108.846,102.518,101.015,106.091,103.452,106.904,106.396,104.4,104.9,115.3,102.5,105.9,102.6
전라남도 - 증감률,Statistics,34.8,6.1,16.4,-3.8,-5.8,-1.5,5.0,-2.5,3.3,-0.5,-1.9,0.5,9.9,-11.1,3.3,-3.1
전북특별자치도 - 생산지수(2020＝100),Statistics,113.336,127.878,119.826,128.599,121.509,118.98,115.658,112.218,117.438,109.134,102.0,101.2,106.4,94.8,104.1,91.5
전북특별자치도 - 증감률,Statistics,51.4,12.8,-6.3,7.3,-5.5,-2.1,-2.8,-3.0,4.7,-7.1,-6.5,-0.8,5.1,-10.9,9.8,-12.1
제주특별자치도 - 생산지수(2020＝100),Statistics,107.991,87.538,91.792,119.444,92.283,107.441,94.495,106.422,96.228,125.79,69.6,86.0,105.9,90.7,106.8,100.4
제주특별자치도 - 증감률,Statistics,56.8,-18.9,4.9,30.1,-22.7,16.4,-12.0,12.6,-9.6,30.7,-44.7,23.6,23.1,-14.4,17.8,-6.0
충청남도 - 생산지수(2020＝100),Statistics,68.505,76.762,76.613,83.233,81.596,84.192,84.708,92.354,107.732,103.265,91.7,113.4,113.8,103.3,101.7,99.0
충청남도 - 증감률,Statistics,67.0,12.1,-0.2,8.6,-2.0,3.2,0.6,9.0,16.7,-4.1,-11.2,23.7,0.4,-9.2,-1.5,-2.7
충청북도 - 생산지수(2020＝100),Statistics,50.742,58.635,60.383,79.609,78.199,88.701,88.968,100.356,100.534,109.875,88.4,107.5,115.4,102.7,102.8,92.2
충청북도 - 증감률,Statistics,48.0,15.6,3.0,31.8,-1.8,13.4,0.3,12.8,0.2,9.3,-19.5,21.6,7.3,-11.0,0.1,-10.3
