item,category,2005,2010,2015,2016,2017,2018,2019,2020,2021,2022,2023
가평군 - 65세이상 1인가구＜br＞(A),Statistics,1587.0,1992.0,2519.0,2630.0,2775.0,2956.0,3085.0,3333.0,3676.0,4005.0,4316.0
가평군 - 독거노인가구비율＜br＞(A÷B×100),Statistics,9.5,11.0,11.0,11.1,11.5,12.0,12.4,13.0,14.0,15.0,15.8
가평군 - 전체 일반가구＜br＞(B),Statistics,16754.0,18081.0,22900.0,23628.0,24201.0,24724.0,24950.0,25652.0,26221.0,26772.0,27241.0
강남구 - 65세이상 1인가구＜br＞(A),Statistics,3892.0,5375.0,7514.0,7906.0,8502.0,8819.0,9490.0,10335.0,11593.0,12442.0,13459.0
강남구 - 독거노인가구비율＜br＞(A÷B×100),Statistics,2.1,2.7,3.6,3.8,4.1,4.3,4.6,4.9,5.5,5.9,6.1
강남구 - 전체 일반가구＜br＞(B),Statistics,186020.0,200965.0,211357.0,208904.0,207369.0,203083.0,206524.0,208833.0,211168.0,212499.0,218895.0
강동구 - 65세이상 1인가구＜br＞(A),Statistics,3528.0,5273.0,7318.0,7580.0,8207.0,8666.0,9523.0,10831.0,12532.0,13821.0,15313.0
강동구 - 독거노인가구비율＜br＞(A÷B×100),Statistics,2.5,3.3,4.5,4.7,5.1,5.4,5.8,6.1,6.8,7.4,8.1
강동구 - 전체 일반가구＜br＞(B),Statistics,142929.0,159630.0,164094.0,160021.0,160680.0,159233.0,162976.0,177148.0,185441.0,187615.0,189599.0
강릉시 - 65세이상 1인가구＜br＞(A),Statistics,5131.0,7090.0,7512.0,7900.0,8319.0,8680.0,9188.0,9956.0,10813.0,11669.0,12639.0
강릉시 - 독거노인가구비율＜br＞(A÷B×100),Statistics,6.4,8.4,8.6,8.9,9.3,9.6,10.0,10.2,10.9,11.9,12.8
강릉시 - 전체 일반가구＜br＞(B),Statistics,79779.0,84099.0,86937.0,88622.0,89874.0,90664.0,92093.0,98032.0,99105.0,97663.0,98918.0
강북구 - 65세이상 1인가구＜br＞(A),Statistics,3949.0,6320.0,9049.0,9502.0,10255.0,10854.0,11631.0,12704.0,13860.0,14959.0,16081.0
강북구 - 독거노인가구비율＜br＞(A÷B×100),Statistics,3.5,5.4,7.2,7.6,8.1,8.5,9.1,9.8,10.6,11.4,12.2
강북구 - 전체 일반가구＜br＞(B),Statistics,112719.0,117072.0,125666.0,125580.0,127281.0,127551.0,128012.0,129805.0,130329.0,131275.0,131363.0
강서구 - 65세이상 1인가구＜br＞(A),Statistics,4962.0,7832.0,10390.0,11469.0,12557.0,13487.0,14836.0,16294.0,18123.0,19760.0,21701.0
강서구 - 독거노인가구비율＜br＞(A÷B×100),Statistics,2.8,4.0,4.8,5.2,5.4,5.7,6.2,6.7,7.2,7.8,8.5
강서구 - 전체 일반가구＜br＞(B),Statistics,178045.0,193629.0,217636.0,222652.0,231739.0,235754.0,240135.0,244097.0,249984.0,254540.0,255617.0
강원특별자치도 - 65세이상 1인가구＜br＞(A),Statistics,34264.0,47733.0,52670.0,55212.0,58379.0,61599.0,64894.0,70244.0,76928.0,83349.0,91601.0
강원특별자치도 - 독거노인가구비율＜br＞(A÷B×100),Statistics,6.6,8.6,8.7,9.0,9.4,9.8,10.2,10.6,11.4,12.2,13.1
강원특별자치도 - 전체 일반가구＜br＞(B),Statistics,520628.0,557751.0,606117.0,616346.0,620729.0,628484.0,633942.0,661039.0,674728.0,684895.0,698410.0
강진군 - 65세이상 1인가구＜br＞(A),Statistics,3200.0,3631.0,3238.0,3232.0,3276.0,3262.0,3250.0,3384.0,3537.0,3602.0,3701.0
강진군 - 독거노인가구비율＜br＞(A÷B×100),Statistics,20.7,24.2,21.1,21.4,21.7,21.7,21.8,22.2,23.0,23.5,24.0
강진군 - 전체 일반가구＜br＞(B),Statistics,15435.0,14985.0,15325.0,15084.0,15108.0,15012.0,14918.0,15250.0,15358.0,15343.0,15392.0
강화군 - 65세이상 1인가구＜br＞(A),Statistics,2261.0,2734.0,3234.0,3335.0,3521.0,3726.0,3798.0,3988.0,4371.0,4667.0,4829.0
강화군 - 독거노인가구비율＜br＞(A÷B×100),Statistics,10.7,12.6,12.9,13.1,13.5,13.9,14.0,14.3,15.3,16.0,16.4
강화군 - 전체 일반가구＜br＞(B),Statistics,21045.0,21686.0,25133.0,25477.0,26103.0,26728.0,27048.0,27827.0,28616.0,29259.0,29379.0
거제시 - 65세이상 1인가구＜br＞(A),Statistics,3050.0,3638.0,3652.0,3824.0,4148.0,4416.0,4663.0,5241.0,6038.0,6732.0,7448.0
거제시 - 독거노인가구비율＜br＞(A÷B×100),Statistics,4.7,4.5,3.9,4.0,4.4,4.7,5.0,5.5,6.2,7.0,7.6
거제시 - 전체 일반가구＜br＞(B),Statistics,65144.0,80074.0,93981.0,95037.0,95116.0,93740.0,93728.0,95837.0,97007.0,96780.0,97648.0
거창군 - 65세이상 1인가구＜br＞(A),Statistics,3770.0,4379.0,4168.0,4233.0,4325.0,4417.0,4472.0,4599.0,4845.0,5088.0,5192.0
거창군 - 독거노인가구비율＜br＞(A÷B×100),Statistics,15.9,18.7,16.9,17.0,17.2,17.4,17.5,17.8,18.3,19.1,19.2
거창군 - 전체 일반가구＜br＞(B),Statistics,23698.0,23459.0,24716.0,24958.0,25105.0,25430.0,25491.0,25874.0,26508.0,26693.0,27105.0
경기 여주군 - 65세이상 1인가구＜br＞(A),Statistics,2118.0,2776.0,,,,,,,,,
경기 여주군 - 독거노인가구비율＜br＞(A÷B×100),Statistics,6.5,7.8,,,,,,,,,
경기 여주군 - 전체 일반가구＜br＞(B),Statistics,32451.0,35492.0,,,,,,,,,
경기도 - 65세이상 1인가구＜br＞(A),Statistics,96002.0,147434.0,195059.0,211633.0,227890.0,245480.0,268019.0,296821.0,330371.0,364360.0,406282.0
경기도 - 독거노인가구비율＜br＞(A÷B×100),Statistics,2.9,3.8,4.4,4.7,5.0,5.2,5.5,5.8,6.2,6.7,7.4
경기도 - 전체 일반가구＜br＞(B),Statistics,3329177.0,3831134.0,4384742.0,4484424.0,4602950.0,4751497.0,4907660.0,5098431.0,5290662.0,5406963.0,5500024.0
경남 마산시 - 65세이상 1인가구＜br＞(A),Statistics,6220.0,,,,,,,,,,
경남 마산시 - 독거노인가구비율＜br＞(A÷B×100),Statistics,4.3,,,,,,,,,,
경남 마산시 - 전체 일반가구＜br＞(B),Statistics,144246.0,,,,,,,,,,
경남 진해시 - 65세이상 1인가구＜br＞(A),Statistics,2364.0,,,,,,,,,,
경남 진해시 - 독거노인가구비율＜br＞(A÷B×100),Statistics,4.7,,,,,,,,,,
경남 진해시 - 전체 일반가구＜br＞(B),Statistics,49975.0,,,,,,,,,,
경남 창원시 - 65세이상 1인가구＜br＞(A),Statistics,3710.0,,,,,,,,,,
경남 창원시 - 독거노인가구비율＜br＞(A÷B×100),Statistics,2.3,,,,,,,,,,
경남 창원시 - 전체 일반가구＜br＞(B),Statistics,162888.0,,,,,,,,,,
경산시 - 65세이상 1인가구＜br＞(A),Statistics,4191.0,5881.0,6295.0,6718.0,7165.0,7625.0,8032.0,8767.0,9880.0,10691.0,12006.0
경산시 - 독거노인가구비율＜br＞(A÷B×100),Statistics,4.9,5.8,6.0,6.3,6.6,7.0,7.2,7.5,8.1,8.6,9.4
경산시 - 전체 일반가구＜br＞(B),Statistics,85485.0,100576.0,105571.0,106396.0,108602.0,109175.0,112324.0,116127.0,122309.0,124164.0,127547.0
경상남도 - 65세이상 1인가구＜br＞(A),Statistics,79702.0,99249.0,104241.0,108935.0,114010.0,118767.0,123835.0,132723.0,145671.0,156221.0,168365.0
경상남도 - 독거노인가구비율＜br＞(A÷B×100),Statistics,7.5,8.6,8.3,8.6,8.8,9.1,9.4,9.8,10.6,11.2,12.0
경상남도 - 전체 일반가구＜br＞(B),Statistics,1056007.0,1151172.0,1258487.0,1273523.0,1292998.0,1306394.0,1321213.0,1350155.0,1378982.0,1392608.0,1404476.0
경상북도 - 65세이상 1인가구＜br＞(A),Statistics,88068.0,108072.0,107177.0,111776.0,116968.0,121493.0,124876.0,132074.0,143877.0,152660.0,158914.0
경상북도 - 독거노인가구비율＜br＞(A÷B×100),Statistics,9.4,10.7,10.1,10.4,10.8,11.1,11.3,11.7,12.4,13.1,13.6
경상북도 - 전체 일반가구＜br＞(B),Statistics,938840.0,1005349.0,1062724.0,1076581.0,1087807.0,1094534.0,1102934.0,1131819.0,1156645.0,1166306.0,1166594.0
경주시 - 65세이상 1인가구＜br＞(A),Statistics,8738.0,10463.0,10400.0,10869.0,11389.0,11858.0,12169.0,13030.0,14364.0,15272.0,16095.0
경주시 - 독거노인가구비율＜br＞(A÷B×100),Statistics,9.1,10.6,10.0,10.3,10.7,11.0,11.2,11.7,12.6,13.4,14.0
경주시 - 전체 일반가구＜br＞(B),Statistics,96216.0,99125.0,103686.0,105400.0,106533.0,107484.0,108194.0,111247.0,113760.0,113877.0,114793.0
계룡시 - 65세이상 1인가구＜br＞(A),Statistics,322.0,515.0,586.0,630.0,688.0,764.0,842.0,934.0,1069.0,1188.0,1442.0
계룡시 - 독거노인가구비율＜br＞(A÷B×100),Statistics,3.3,3.9,4.3,4.5,4.6,5.1,5.6,6.2,6.7,7.1,7.9
계룡시 - 전체 일반가구＜br＞(B),Statistics,9766.0,13240.0,13545.0,14051.0,14890.0,14905.0,15028.0,15137.0,15882.0,16790.0,18349.0
계양구 - 65세이상 1인가구＜br＞(A),Statistics,2267.0,3554.0,4642.0,5035.0,5487.0,5906.0,6476.0,7236.0,8129.0,9025.0,9829.0
계양구 - 독거노인가구비율＜br＞(A÷B×100),Statistics,2.2,3.1,4.0,4.3,4.7,5.2,5.7,6.4,7.0,7.7,8.4
계양구 - 전체 일반가구＜br＞(B),Statistics,102176.0,113561.0,116403.0,116055.0,115976.0,114050.0,112858.0,113632.0,116818.0,117769.0,116641.0
고령군 - 65세이상 1인가구＜br＞(A),Statistics,1832.0,2176.0,1902.0,1984.0,2070.0,2151.0,2209.0,2322.0,2523.0,2722.0,2763.0
고령군 - 독거노인가구비율＜br＞(A÷B×100),Statistics,15.0,16.8,14.0,14.7,15.3,15.9,16.4,17.2,18.6,19.9,20.0
고령군 - 전체 일반가구＜br＞(B),Statistics,12187.0,12930.0,13627.0,13476.0,13519.0,13506.0,13468.0,13498.0,13576.0,13676.0,13781.0
고성군 - 65세이상 1인가구＜br＞(A),Statistics,1183.0,1445.0,1580.0,1648.0,1696.0,1762.0,1777.0,1883.0,2006.0,2078.0,2308.0
고성군 - 독거노인가구비율＜br＞(A÷B×100),Statistics,11.0,14.2,12.8,12.7,13.9,14.6,16.0,16.1,16.7,16.9,17.9
고성군 - 전체 일반가구＜br＞(B),Statistics,10788.0,10188.0,12313.0,12982.0,12160.0,12031.0,11132.0,11723.0,11992.0,12309.0,12866.0
고양시 - 65세이상 1인가구＜br＞(A),Statistics,7526.0,11558.0,15612.0,16925.0,18040.0,19294.0,21278.0,23484.0,26098.0,29071.0,32890.0
고양시 - 독거노인가구비율＜br＞(A÷B×100),Statistics,2.7,3.8,4.4,4.7,5.0,5.2,5.5,5.9,6.3,6.9,7.7
고양시 - 전체 일반가구＜br＞(B),Statistics,276394.0,303568.0,351477.0,357684.0,364356.0,370108.0,385021.0,398864.0,411137.0,419496.0,427072.0
고창군 - 65세이상 1인가구＜br＞(A),Statistics,4278.0,4947.0,4608.0,4680.0,4793.0,4863.0,4904.0,4857.0,5133.0,5307.0,5500.0
고창군 - 독거노인가구비율＜br＞(A÷B×100),Statistics,18.7,21.7,19.6,19.9,20.3,20.6,20.8,20.7,21.7,22.3,23.0
고창군 - 전체 일반가구＜br＞(B),Statistics,22893.0,22782.0,23468.0,23505.0,23614.0,23647.0,23540.0,23512.0,23648.0,23836.0,23871.0
고흥군 - 65세이상 1인가구＜br＞(A),Statistics,6327.0,7415.0,6969.0,7209.0,7109.0,7100.0,7236.0,7557.0,7773.0,8064.0,8148.0
고흥군 - 독거노인가구비율＜br＞(A÷B×100),Statistics,20.1,24.8,23.9,24.7,24.5,24.5,25.0,25.6,26.1,26.8,27.1
고흥군 - 전체 일반가구＜br＞(B),Statistics,31492.0,29852.0,29136.0,29198.0,28959.0,28993.0,28933.0,29520.0,29739.0,30107.0,30024.0
곡성군 - 65세이상 1인가구＜br＞(A),Statistics,2508.0,3037.0,2702.0,2722.0,2776.0,2800.0,2743.0,2798.0,2882.0,2981.0,3056.0
곡성군 - 독거노인가구비율＜br＞(A÷B×100),Statistics,21.0,25.9,21.9,21.4,21.7,22.5,21.7,22.1,22.5,23.1,23.5
곡성군 - 전체 일반가구＜br＞(B),Statistics,11932.0,11704.0,12344.0,12721.0,12810.0,12464.0,12630.0,12689.0,12801.0,12901.0,13018.0
공주시 - 65세이상 1인가구＜br＞(A),Statistics,3787.0,4738.0,4587.0,4850.0,5001.0,5198.0,5356.0,5647.0,6208.0,6641.0,6988.0
공주시 - 독거노인가구비율＜br＞(A÷B×100),Statistics,8.6,10.7,10.8,11.0,11.3,11.7,12.0,12.2,13.4,14.2,14.7
공주시 - 전체 일반가구＜br＞(B),Statistics,43965.0,44317.0,42461.0,43921.0,44298.0,44552.0,44816.0,46165.0,46411.0,46899.0,47452.0
과천시 - 65세이상 1인가구＜br＞(A),Statistics,683.0,951.0,1194.0,1175.0,1024.0,1059.0,1090.0,1220.0,1417.0,1542.0,1589.0
과천시 - 독거노인가구비율＜br＞(A÷B×100),Statistics,3.9,4.4,5.3,5.5,5.5,5.7,5.8,6.0,6.0,5.8,5.7
과천시 - 전체 일반가구＜br＞(B),Statistics,17652.0,21662.0,22541.0,21211.0,18491.0,18678.0,18901.0,20504.0,23761.0,26753.0,27702.0
관악구 - 65세이상 1인가구＜br＞(A),Statistics,4251.0,6713.0,9640.0,10333.0,10915.0,11503.0,12500.0,13676.0,15039.0,16292.0,17603.0
관악구 - 독거노인가구비율＜br＞(A÷B×100),Statistics,2.1,3.1,4.2,4.5,4.7,4.9,5.2,5.5,6.0,6.3,6.7
관악구 - 전체 일반가구＜br＞(B),Statistics,202788.0,217359.0,228636.0,230570.0,232212.0,236761.0,242154.0,248959.0,252619.0,260075.0,263166.0
광명시 - 65세이상 1인가구＜br＞(A),Statistics,3166.0,4294.0,5617.0,6020.0,6491.0,6814.0,7220.0,7461.0,7841.0,8430.0,8888.0
광명시 - 독거노인가구비율＜br＞(A÷B×100),Statistics,3.1,3.9,4.8,5.2,5.6,5.8,6.3,6.7,7.1,7.7,8.3
광명시 - 전체 일반가구＜br＞(B),Statistics,102724.0,110306.0,117670.0,116670.0,116608.0,117086.0,115414.0,111383.0,110678.0,109959.0,107445.0
광산구 - 65세이상 1인가구＜br＞(A),Statistics,3799.0,5370.0,6006.0,6340.0,6661.0,6942.0,7370.0,7963.0,8769.0,9630.0,10397.0
광산구 - 독거노인가구비율＜br＞(A÷B×100),Statistics,4.0,4.4,4.2,4.3,4.4,4.6,4.8,5.0,5.4,5.8,6.3
광산구 - 전체 일반가구＜br＞(B),Statistics,95260.0,121936.0,144574.0,147467.0,150393.0,151510.0,154385.0,159360.0,163352.0,164743.0,164978.0
광양시 - 65세이상 1인가구＜br＞(A),Statistics,2450.0,3234.0,3231.0,3430.0,3644.0,3788.0,3886.0,4080.0,4531.0,4888.0,5396.0
광양시 - 독거노인가구비율＜br＞(A÷B×100),Statistics,5.5,6.5,6.0,6.3,6.6,6.8,6.9,7.1,7.6,8.0,8.6
광양시 - 전체 일반가구＜br＞(B),Statistics,44656.0,49388.0,54018.0,54550.0,55138.0,55698.0,56134.0,57752.0,59376.0,61173.0,62702.0
광주광역시 - 65세이상 1인가구＜br＞(A),Statistics,17879.0,27175.0,31000.0,33006.0,35005.0,36782.0,38907.0,42224.0,46895.0,50970.0,56049.0
광주광역시 - 독거노인가구비율＜br＞(A÷B×100),Statistics,3.9,5.3,5.5,5.8,6.1,6.4,6.6,7.0,7.6,8.2,8.9
광주광역시 - 전체 일반가구＜br＞(B),Statistics,460090.0,515855.0,567157.0,569372.0,575732.0,578559.0,587159.0,599217.0,615693.0,623252.0,627602.0
광주시 - 65세이상 1인가구＜br＞(A),Statistics,1440.0,2228.0,3726.0,4154.0,4618.0,5271.0,5853.0,6577.0,7459.0,8402.0,9805.0
광주시 - 독거노인가구비율＜br＞(A÷B×100),Statistics,2.3,3.1,3.5,3.7,3.8,4.0,4.3,4.6,5.0,5.5,6.3
광주시 - 전체 일반가구＜br＞(B),Statistics,62560.0,72951.0,107862.0,112798.0,120936.0,131002.0,136730.0,143039.0,147829.0,152615.0,154441.0
광진구 - 65세이상 1인가구＜br＞(A),Statistics,2597.0,3985.0,6013.0,6331.0,6740.0,7104.0,7605.0,8200.0,8993.0,9846.0,10415.0
광진구 - 독거노인가구비율＜br＞(A÷B×100),Statistics,2.1,3.0,4.1,4.3,4.6,4.8,5.1,5.4,5.8,6.3,6.6
광진구 - 전체 일반가구＜br＞(B),Statistics,125845.0,133468.0,147718.0,146196.0,147846.0,148735.0,149905.0,152090.0,153962.0,156463.0,158612.0
괴산군 - 65세이상 1인가구＜br＞(A),Statistics,2120.0,2549.0,2588.0,2693.0,2701.0,2774.0,2787.0,2881.0,3150.0,3375.0,3573.0
괴산군 - 독거노인가구비율＜br＞(A÷B×100),Statistics,16.1,19.1,16.6,16.6,16.3,16.5,16.4,15.8,17.5,18.7,19.6
괴산군 - 전체 일반가구＜br＞(B),Statistics,13189.0,13330.0,15611.0,16214.0,16590.0,16765.0,17013.0,18209.0,17997.0,18083.0,18191.0
구례군 - 65세이상 1인가구＜br＞(A),Statistics,1834.0,2124.0,1994.0,2114.0,2086.0,2107.0,2125.0,2270.0,2361.0,2425.0,2521.0
구례군 - 독거노인가구비율＜br＞(A÷B×100),Statistics,18.0,21.8,19.0,19.7,19.3,19.4,19.7,20.6,21.2,21.7,22.4
구례군 - 전체 일반가구＜br＞(B),Statistics,10179.0,9753.0,10482.0,10736.0,10805.0,10839.0,10786.0,11009.0,11160.0,11198.0,11254.0
구로구 - 65세이상 1인가구＜br＞(A),Statistics,3225.0,5003.0,7228.0,7759.0,8366.0,8961.0,9795.0,10819.0,11970.0,13152.0,14348.0
구로구 - 독거노인가구비율＜br＞(A÷B×100),Statistics,2.4,3.5,4.6,5.0,5.4,5.7,6.1,6.6,7.2,7.8,8.4
구로구 - 전체 일반가구＜br＞(B),Statistics,132705.0,142678.0,156528.0,156671.0,156110.0,156235.0,160378.0,164083.0,166197.0,169228.0,171257.0
구리시 - 65세이상 1인가구＜br＞(A),Statistics,1483.0,2141.0,2798.0,3086.0,3421.0,3676.0,4075.0,4462.0,4790.0,5310.0,6012.0
구리시 - 독거노인가구비율＜br＞(A÷B×100),Statistics,2.5,3.5,4.4,4.7,5.0,5.1,5.7,6.1,6.5,7.2,8.1
구리시 - 전체 일반가구＜br＞(B),Statistics,58940.0,61934.0,63952.0,66000.0,68928.0,71874.0,71974.0,73253.0,73348.0,73755.0,74350.0
구미시 - 65세이상 1인가구＜br＞(A),Statistics,3628.0,4969.0,5701.0,6103.0,6557.0,6970.0,7406.0,8068.0,9165.0,10017.0,10930.0
구미시 - 독거노인가구비율＜br＞(A÷B×100),Statistics,2.9,3.4,3.6,3.8,4.0,4.3,4.5,4.8,5.3,5.7,6.2
구미시 - 전체 일반가구＜br＞(B),Statistics,124202.0,145331.0,157705.0,159917.0,162429.0,163405.0,164752.0,169519.0,173937.0,174947.0,177393.0
군산시 - 65세이상 1인가구＜br＞(A),Statistics,5590.0,7213.0,8233.0,8713.0,9231.0,9601.0,10145.0,10940.0,12082.0,13020.0,14143.0
군산시 - 독거노인가구비율＜br＞(A÷B×100),Statistics,6.6,7.6,7.8,8.1,8.5,8.8,9.3,9.8,10.6,11.3,12.1
군산시 - 전체 일반가구＜br＞(B),Statistics,84736.0,94944.0,106127.0,108113.0,108211.0,108539.0,108999.0,111817.0,114276.0,115636.0,116911.0
군위군 - 65세이상 1인가구＜br＞(A),Statistics,1954.0,2192.0,2114.0,2142.0,2239.0,2286.0,2272.0,2321.0,2502.0,2589.0,2307.0
군위군 - 독거노인가구비율＜br＞(A÷B×100),Statistics,18.9,23.4,21.1,21.1,21.5,21.6,21.5,21.6,23.2,23.1,21.1
군위군 - 전체 일반가구＜br＞(B),Statistics,10335.0,9348.0,10039.0,10166.0,10410.0,10565.0,10560.0,10726.0,10797.0,11185.0,10943.0
군포시 - 65세이상 1인가구＜br＞(A),Statistics,2210.0,3398.0,4288.0,4690.0,4968.0,5327.0,5909.0,6543.0,7199.0,7911.0,8913.0
군포시 - 독거노인가구비율＜br＞(A÷B×100),Statistics,2.6,3.7,4.4,4.8,5.0,5.4,5.9,6.3,6.9,7.5,8.4
군포시 - 전체 일반가구＜br＞(B),Statistics,85278.0,92647.0,98130.0,98411.0,98562.0,98728.0,100586.0,103186.0,104422.0,105957.0,105892.0
금산군 - 65세이상 1인가구＜br＞(A),Statistics,2673.0,3229.0,2957.0,3156.0,3254.0,3378.0,3474.0,3680.0,3907.0,4231.0,4221.0
금산군 - 독거노인가구비율＜br＞(A÷B×100),Statistics,13.3,15.4,13.0,13.2,14.1,14.8,15.5,15.8,16.8,18.2,18.1
금산군 - 전체 일반가구＜br＞(B),Statistics,20031.0,20931.0,22820.0,23913.0,23044.0,22889.0,22450.0,23257.0,23299.0,23275.0,23354.0
금정구 - 65세이상 1인가구＜br＞(A),Statistics,3677.0,5439.0,6800.0,7264.0,7803.0,8470.0,9091.0,9819.0,10652.0,11382.0,12405.0
금정구 - 독거노인가구비율＜br＞(A÷B×100),Statistics,4.2,6.1,6.9,7.4,7.8,8.4,9.0,9.6,10.4,11.2,12.3
금정구 - 전체 일반가구＜br＞(B),Statistics,87109.0,89452.0,97988.0,98500.0,99425.0,101118.0,101294.0,101802.0,102456.0,101834.0,100914.0
금천구 - 65세이상 1인가구＜br＞(A),Statistics,2636.0,3849.0,5352.0,5777.0,6042.0,6407.0,6913.0,7619.0,8379.0,9194.0,9830.0
금천구 - 독거노인가구비율＜br＞(A÷B×100),Statistics,3.1,4.4,5.7,6.2,6.3,6.7,7.0,7.4,7.8,8.3,8.8
금천구 - 전체 일반가구＜br＞(B),Statistics,85171.0,86533.0,93443.0,93402.0,95331.0,96298.0,99315.0,103432.0,107430.0,110689.0,111789.0
기장군 - 65세이상 1인가구＜br＞(A),Statistics,1908.0,2793.0,3400.0,3769.0,4154.0,4531.0,4939.0,5325.0,6211.0,6609.0,7273.0
기장군 - 독거노인가구비율＜br＞(A÷B×100),Statistics,7.8,8.3,6.3,6.6,7.1,7.4,7.9,8.0,8.9,9.3,10.0
기장군 - 전체 일반가구＜br＞(B),Statistics,24349.0,33772.0,54006.0,56777.0,58788.0,61108.0,62178.0,66584.0,69646.0,71346.0,72849.0
김제시 - 65세이상 1인가구＜br＞(A),Statistics,5527.0,6387.0,5954.0,6138.0,6171.0,6206.0,6274.0,6382.0,6872.0,7117.0,7438.0
김제시 - 독거노인가구비율＜br＞(A÷B×100),Statistics,16.2,19.2,17.2,17.6,17.8,17.9,18.2,18.4,19.6,19.9,20.4
김제시 - 전체 일반가구＜br＞(B),Statistics,34045.0,33295.0,34671.0,34789.0,34726.0,34621.0,34491.0,34697.0,35113.0,35702.0,36483.0
김천시 - 65세이상 1인가구＜br＞(A),Statistics,5418.0,6602.0,6201.0,6394.0,6680.0,6941.0,7148.0,7482.0,8125.0,8479.0,8858.0
김천시 - 독거노인가구비율＜br＞(A÷B×100),Statistics,11.2,13.5,11.5,11.6,11.8,12.2,12.5,12.6,13.5,13.9,14.4
김천시 - 전체 일반가구＜br＞(B),Statistics,48210.0,48843.0,53745.0,55285.0,56612.0,56670.0,57408.0,59250.0,60115.0,61083.0,61530.0
김포시 - 65세이상 1인가구＜br＞(A),Statistics,1822.0,2800.0,4714.0,5276.0,5849.0,6551.0,7175.0,8287.0,9620.0,10803.0,12301.0
김포시 - 독거노인가구비율＜br＞(A÷B×100),Statistics,3.1,3.9,4.0,4.3,4.4,4.4,4.6,4.8,5.3,5.8,6.5
김포시 - 전체 일반가구＜br＞(B),Statistics,59249.0,71246.0,118224.0,123571.0,134242.0,147297.0,156040.0,171854.0,182709.0,185175.0,188422.0
김해시 - 65세이상 1인가구＜br＞(A),Statistics,4984.0,7042.0,8365.0,8962.0,9712.0,10241.0,11179.0,12296.0,13999.0,15403.0,17272.0
김해시 - 독거노인가구비율＜br＞(A÷B×100),Statistics,3.6,4.3,4.5,4.8,5.1,5.3,5.6,5.9,6.6,7.2,7.9
김해시 - 전체 일반가구＜br＞(B),Statistics,137295.0,165258.0,186657.0,187699.0,192078.0,194797.0,201314.0,207272.0,211354.0,214436.0,217871.0
나주시 - 65세이상 1인가구＜br＞(A),Statistics,5914.0,6609.0,5625.0,5816.0,5892.0,6041.0,6088.0,6418.0,6824.0,7116.0,7400.0
나주시 - 독거노인가구비율＜br＞(A÷B×100),Statistics,17.8,20.8,14.8,14.3,13.4,13.2,13.0,13.2,13.6,14.0,14.2
나주시 - 전체 일반가구＜br＞(B),Statistics,33296.0,31795.0,38085.0,40683.0,44119.0,45864.0,46928.0,48497.0,50270.0,50878.0,52082.0
남구 - 65세이상 1인가구＜br＞(A),Statistics,3955.0,6360.0,7309.0,7705.0,8233.0,8781.0,9166.0,9880.0,10797.0,11639.0,12388.0
남구 - 독거노인가구비율＜br＞(A÷B×100),Statistics,4.0,5.9,6.7,7.1,7.6,7.9,8.2,8.9,9.7,10.5,11.0
남구 - 전체 일반가구＜br＞(B),Statistics,98986.0,107435.0,109345.0,108478.0,108016.0,111261.0,111594.0,110605.0,111810.0,111263.0,112697.0
남동구 - 65세이상 1인가구＜br＞(A),Statistics,3355.0,5841.0,8288.0,9238.0,10024.0,10992.0,12338.0,14018.0,15667.0,17203.0,19189.0
남동구 - 독거노인가구비율＜br＞(A÷B×100),Statistics,2.8,3.7,4.4,4.8,5.1,5.5,6.1,6.8,7.4,8.2,9.2
남동구 - 전체 일반가구＜br＞(B),Statistics,120028.0,157859.0,190088.0,192717.0,196858.0,201623.0,203704.0,207421.0,210772.0,210750.0,209484.0
남양주시 - 65세이상 1인가구＜br＞(A),Statistics,3842.0,6176.0,8727.0,9715.0,10809.0,11734.0,13012.0,14642.0,16686.0,18760.0,21215.0
남양주시 - 독거노인가구비율＜br＞(A÷B×100),Statistics,3.0,3.6,4.1,4.4,4.8,5.0,5.3,5.8,6.3,6.8,7.7
남양주시 - 전체 일반가구＜br＞(B),Statistics,129947.0,170933.0,214763.0,220424.0,224811.0,232836.0,243802.0,252977.0,266223.0,274943.0,276687.0
남원시 - 65세이상 1인가구＜br＞(A),Statistics,4276.0,5033.0,5088.0,5177.0,5343.0,5400.0,5460.0,5567.0,5920.0,6126.0,6384.0
남원시 - 독거노인가구비율＜br＞(A÷B×100),Statistics,13.1,16.1,15.4,15.6,16.0,16.3,16.4,16.4,17.2,17.8,18.4
남원시 - 전체 일반가구＜br＞(B),Statistics,32668.0,31329.0,33145.0,33251.0,33315.0,33135.0,33242.0,33974.0,34386.0,34509.0,34712.0
남해군 - 65세이상 1인가구＜br＞(A),Statistics,4088.0,4749.0,4512.0,4387.0,4468.0,4528.0,4500.0,4502.0,4690.0,4858.0,4949.0
남해군 - 독거노인가구비율＜br＞(A÷B×100),Statistics,20.7,24.1,22.9,22.6,23.0,23.3,23.3,23.1,23.9,24.5,25.2
남해군 - 전체 일반가구＜br＞(B),Statistics,19788.0,19694.0,19671.0,19442.0,19431.0,19431.0,19316.0,19501.0,19606.0,19804.0,19653.0
노원구 - 65세이상 1인가구＜br＞(A),Statistics,6349.0,9587.0,12240.0,13004.0,14029.0,15020.0,16299.0,17738.0,19299.0,20720.0,22402.0
노원구 - 독거노인가구비율＜br＞(A÷B×100),Statistics,3.3,4.9,6.0,6.4,6.9,7.4,8.1,8.8,9.4,10.1,10.9
노원구 - 전체 일반가구＜br＞(B),Statistics,191342.0,197168.0,204836.0,204606.0,202955.0,202326.0,201458.0,202695.0,204282.0,205078.0,205769.0
논산시 - 65세이상 1인가구＜br＞(A),Statistics,4785.0,5859.0,6007.0,6228.0,6316.0,6518.0,6687.0,6961.0,7553.0,7946.0,8297.0
논산시 - 독거노인가구비율＜br＞(A÷B×100),Statistics,10.8,13.1,12.5,12.9,12.9,13.4,13.6,13.9,14.9,15.7,16.5
논산시 - 전체 일반가구＜br＞(B),Statistics,44347.0,44745.0,47995.0,48460.0,48844.0,48759.0,49004.0,50139.0,50723.0,50599.0,50401.0
단양군 - 65세이상 1인가구＜br＞(A),Statistics,1373.0,1693.0,1809.0,1865.0,1932.0,1998.0,2109.0,2224.0,2405.0,2532.0,2627.0
단양군 - 독거노인가구비율＜br＞(A÷B×100),Statistics,11.8,14.6,14.8,15.1,15.6,15.8,16.6,17.4,18.7,19.6,20.1
단양군 - 전체 일반가구＜br＞(B),Statistics,11612.0,11585.0,12208.0,12311.0,12390.0,12684.0,12719.0,12785.0,12885.0,12950.0,13086.0
달서구 - 65세이상 1인가구＜br＞(A),Statistics,5417.0,8587.0,10905.0,12005.0,13135.0,14225.0,15516.0,17121.0,18999.0,20861.0,22374.0
달서구 - 독거노인가구비율＜br＞(A÷B×100),Statistics,2.9,4.1,4.9,5.4,6.0,6.5,6.9,7.5,8.3,9.2,9.8
달서구 - 전체 일반가구＜br＞(B),Statistics,189664.0,209247.0,222242.0,220750.0,219535.0,220531.0,224644.0,226813.0,227587.0,227834.0,229085.0
달성군 - 65세이상 1인가구＜br＞(A),Statistics,2551.0,3322.0,3571.0,4015.0,4517.0,4971.0,5330.0,5980.0,6768.0,7341.0,8000.0
달성군 - 독거노인가구비율＜br＞(A÷B×100),Statistics,5.4,5.9,5.4,5.3,5.2,5.4,5.6,6.0,6.6,7.0,7.5
달성군 - 전체 일반가구＜br＞(B),Statistics,47044.0,55985.0,66459.0,75704.0,87094.0,92106.0,95751.0,99370.0,103208.0,105048.0,106343.0
담양군 - 65세이상 1인가구＜br＞(A),Statistics,2900.0,3243.0,2774.0,2798.0,2864.0,2895.0,2852.0,2994.0,3129.0,3232.0,3547.0
담양군 - 독거노인가구비율＜br＞(A÷B×100),Statistics,18.3,20.9,16.2,16.4,16.3,16.3,16.1,16.6,16.7,17.2,18.4
담양군 - 전체 일반가구＜br＞(B),Statistics,15818.0,15487.0,17134.0,17109.0,17545.0,17730.0,17663.0,18034.0,18704.0,18842.0,19234.0
당진시 - 65세이상 1인가구＜br＞(A),Statistics,,,4340.0,4676.0,5022.0,5274.0,5667.0,6055.0,6701.0,7338.0,7907.0
당진시 - 독거노인가구비율＜br＞(A÷B×100),Statistics,,,6.9,7.3,7.6,7.9,8.4,8.8,9.4,10.0,10.4
당진시 - 전체 일반가구＜br＞(B),Statistics,,,62697.0,64303.0,65860.0,67159.0,67758.0,69099.0,71602.0,73500.0,75714.0
대구광역시 - 65세이상 1인가구＜br＞(A),Statistics,33122.0,48978.0,57723.0,62394.0,67025.0,71359.0,76077.0,83459.0,91357.0,99097.0,109018.0
대구광역시 - 독거노인가구비율＜br＞(A÷B×100),Statistics,4.1,5.6,6.2,6.7,7.1,7.5,7.9,8.5,9.1,9.8,10.6
대구광역시 - 전체 일반가구＜br＞(B),Statistics,814585.0,868327.0,928528.0,935753.0,948030.0,957516.0,968620.0,985816.0,1000931.0,1010834.0,1033238.0
대덕구 - 65세이상 1인가구＜br＞(A),Statistics,2124.0,3371.0,4119.0,4449.0,4778.0,5048.0,5426.0,5989.0,6634.0,7243.0,7889.0
대덕구 - 독거노인가구비율＜br＞(A÷B×100),Statistics,3.0,4.7,5.5,6.0,6.5,6.9,7.5,8.2,8.8,9.5,10.3
대덕구 - 전체 일반가구＜br＞(B),Statistics,71720.0,71639.0,74736.0,74216.0,73163.0,72990.0,72177.0,73457.0,75236.0,76398.0,76451.0
대전광역시 - 65세이상 1인가구＜br＞(A),Statistics,14280.0,22078.0,28258.0,30503.0,32917.0,34946.0,37723.0,41614.0,46266.0,50377.0,54110.0
대전광역시 - 독거노인가구비율＜br＞(A÷B×100),Statistics,3.0,4.1,4.9,5.2,5.5,5.8,6.2,6.6,7.2,7.8,8.3
대전광역시 - 전체 일반가구＜br＞(B),Statistics,478865.0,532643.0,582504.0,590698.0,597736.0,602175.0,609043.0,631208.0,640085.0,646474.0,654809.0
도봉구 - 65세이상 1인가구＜br＞(A),Statistics,3362.0,5473.0,7281.0,8044.0,8520.0,9097.0,9858.0,10706.0,11830.0,12834.0,14001.0
도봉구 - 독거노인가구비율＜br＞(A÷B×100),Statistics,2.9,4.6,5.8,6.4,6.8,7.2,7.8,8.4,9.2,10.0,10.8
도봉구 - 전체 일반가구＜br＞(B),Statistics,116492.0,118947.0,124981.0,125384.0,125974.0,126286.0,126831.0,127362.0,128439.0,128975.0,129149.0
동구 - 65세이상 1인가구＜br＞(A),Statistics,3017.0,4250.0,4668.0,4829.0,4999.0,5137.0,5320.0,5694.0,6046.0,6403.0,6999.0
동구 - 독거노인가구비율＜br＞(A÷B×100),Statistics,8.1,11.3,12.3,12.9,13.4,13.8,13.9,14.3,15.0,15.5,16.4
동구 - 전체 일반가구＜br＞(B),Statistics,37450.0,37514.0,37865.0,37308.0,37402.0,37194.0,38163.0,39776.0,40372.0,41296.0,42678.0
동대문구 - 65세이상 1인가구＜br＞(A),Statistics,4853.0,6257.0,8573.0,8938.0,9379.0,9808.0,10434.0,11072.0,11998.0,12910.0,13947.0
동대문구 - 독거노인가구비율＜br＞(A÷B×100),Statistics,3.7,4.9,5.8,6.2,6.5,6.7,7.0,7.4,7.8,8.3,8.7
동대문구 - 전체 일반가구＜br＞(B),Statistics,131213.0,128042.0,146677.0,145179.0,145294.0,146974.0,148349.0,150373.0,153246.0,155912.0,159457.0
동두천시 - 65세이상 1인가구＜br＞(A),Statistics,1417.0,2399.0,2982.0,3214.0,3462.0,3622.0,3861.0,4320.0,4681.0,5195.0,5621.0
동두천시 - 독거노인가구비율＜br＞(A÷B×100),Statistics,5.3,7.4,8.2,8.7,9.4,9.7,10.4,11.4,11.9,13.1,14.4
동두천시 - 전체 일반가구＜br＞(B),Statistics,26897.0,32413.0,36214.0,36740.0,36963.0,37226.0,37297.0,37936.0,39259.0,39645.0,39014.0
동래구 - 65세이상 1인가구＜br＞(A),Statistics,3681.0,5442.0,6480.0,6856.0,7314.0,7774.0,8400.0,9283.0,10154.0,11233.0,12329.0
동래구 - 독거노인가구비율＜br＞(A÷B×100),Statistics,4.2,5.7,6.5,6.9,7.3,7.7,8.1,8.8,9.5,10.0,10.9
동래구 - 전체 일반가구＜br＞(B),Statistics,87021.0,94802.0,99022.0,99683.0,100540.0,100613.0,103176.0,106013.0,107309.0,112153.0,112749.0
동작구 - 65세이상 1인가구＜br＞(A),Statistics,3663.0,5299.0,7177.0,7482.0,7997.0,8453.0,9187.0,9923.0,10808.0,11599.0,12292.0
동작구 - 독거노인가구비율＜br＞(A÷B×100),Statistics,2.7,3.6,4.5,4.7,5.0,5.2,5.6,5.9,6.3,6.7,7.1
동작구 - 전체 일반가구＜br＞(B),Statistics,136863.0,145744.0,161000.0,159770.0,160062.0,161495.0,164963.0,167766.0,170333.0,172696.0,173897.0
동해시 - 65세이상 1인가구＜br＞(A),Statistics,2188.0,2941.0,3114.0,3242.0,3440.0,3628.0,3828.0,4218.0,4615.0,4979.0,5439.0
동해시 - 독거노인가구비율＜br＞(A÷B×100),Statistics,6.6,8.6,8.7,9.0,9.6,10.1,10.6,11.3,12.0,12.8,13.8
동해시 - 전체 일반가구＜br＞(B),Statistics,33109.0,34062.0,35755.0,35990.0,35956.0,35984.0,36214.0,37427.0,38396.0,39024.0,39492.0
마포구 - 65세이상 1인가구＜br＞(A),Statistics,3994.0,5429.0,6781.0,6946.0,7278.0,7590.0,7948.0,8569.0,9308.0,9904.0,10573.0
마포구 - 독거노인가구비율＜br＞(A÷B×100),Statistics,3.0,3.8,4.4,4.5,4.8,4.9,5.1,5.3,5.7,6.0,6.3
마포구 - 전체 일반가구＜br＞(B),Statistics,135042.0,141402.0,154981.0,153610.0,152814.0,154940.0,156885.0,160681.0,164080.0,165603.0,167410.0
목포시 - 65세이상 1인가구＜br＞(A),Statistics,4627.0,6217.0,6873.0,7338.0,7765.0,8146.0,8424.0,9091.0,10078.0,10992.0,12002.0
목포시 - 독거노인가구비율＜br＞(A÷B×100),Statistics,5.6,6.8,7.4,7.9,8.3,8.8,9.1,9.6,10.6,11.5,12.4
목포시 - 전체 일반가구＜br＞(B),Statistics,83319.0,91723.0,92743.0,93334.0,93016.0,93021.0,92846.0,94391.0,95442.0,95985.0,96911.0
무안군 - 65세이상 1인가구＜br＞(A),Statistics,3302.0,3930.0,3600.0,3627.0,3718.0,3721.0,3745.0,3853.0,4130.0,4335.0,4456.0
무안군 - 독거노인가구비율＜br＞(A÷B×100),Statistics,16.1,15.2,11.7,11.6,11.8,11.8,11.7,10.8,11.1,11.5,11.6
무안군 - 전체 일반가구＜br＞(B),Statistics,20497.0,25780.0,30761.0,31359.0,31545.0,31570.0,32078.0,35628.0,37294.0,37810.0,38330.0
무주군 - 65세이상 1인가구＜br＞(A),Statistics,1554.0,1935.0,1809.0,1860.0,1904.0,1914.0,1938.0,2024.0,2123.0,2216.0,2302.0
무주군 - 독거노인가구비율＜br＞(A÷B×100),Statistics,16.8,20.4,18.2,18.6,18.8,18.7,18.8,19.3,19.9,20.6,21.2
무주군 - 전체 일반가구＜br＞(B),Statistics,9259.0,9476.0,9948.0,9988.0,10140.0,10251.0,10296.0,10469.0,10669.0,10770.0,10864.0
문경시 - 65세이상 1인가구＜br＞(A),Statistics,3793.0,4772.0,4585.0,4757.0,4919.0,5120.0,5219.0,5475.0,5757.0,5984.0,6163.0
문경시 - 독거노인가구비율＜br＞(A÷B×100),Statistics,13.9,16.9,15.4,15.9,16.5,17.1,17.4,17.9,18.5,19.0,19.7
문경시 - 전체 일반가구＜br＞(B),Statistics,27293.0,28223.0,29808.0,29825.0,29841.0,29855.0,30068.0,30574.0,31154.0,31556.0,31254.0
미추홀구 - 65세이상 1인가구＜br＞(A),Statistics,,,,,,11088.0,11723.0,12948.0,14247.0,15729.0,17197.0
미추홀구 - 독거노인가구비율＜br＞(A÷B×100),Statistics,,,,,,6.8,7.1,7.7,8.1,8.8,9.5
미추홀구 - 전체 일반가구＜br＞(B),Statistics,,,,,,162813.0,166240.0,168908.0,175389.0,179218.0,180687.0
밀양시 - 65세이상 1인가구＜br＞(A),Statistics,5769.0,6683.0,6565.0,6817.0,7116.0,7305.0,7443.0,7787.0,8578.0,9033.0,9356.0
밀양시 - 독거노인가구비율＜br＞(A÷B×100),Statistics,14.3,16.6,15.2,15.5,16.0,16.3,16.6,16.9,18.3,19.1,19.6
밀양시 - 전체 일반가구＜br＞(B),Statistics,40389.0,40285.0,43119.0,43959.0,44465.0,44774.0,44923.0,45948.0,46760.0,47331.0,47747.0
보령시 - 65세이상 1인가구＜br＞(A),Statistics,3251.0,4490.0,4591.0,4744.0,5039.0,5230.0,5352.0,5710.0,6186.0,6537.0,7042.0
보령시 - 독거노인가구비율＜br＞(A÷B×100),Statistics,9.3,11.7,11.3,11.6,12.2,12.6,12.9,13.5,14.3,15.0,16.0
보령시 - 전체 일반가구＜br＞(B),Statistics,35089.0,38503.0,40691.0,40782.0,41277.0,41506.0,41410.0,42417.0,43135.0,43622.0,43912.0
보성군 - 65세이상 1인가구＜br＞(A),Statistics,4257.0,4816.0,4143.0,4249.0,4233.0,4270.0,4250.0,4286.0,4510.0,4661.0,4701.0
보성군 - 독거노인가구비율＜br＞(A÷B×100),Statistics,21.8,26.2,22.9,23.4,23.5,23.8,24.0,24.0,25.0,25.8,26.1
보성군 - 전체 일반가구＜br＞(B),Statistics,19571.0,18382.0,18104.0,18125.0,18037.0,17970.0,17708.0,17862.0,18065.0,18073.0,17986.0
보은군 - 65세이상 1인가구＜br＞(A),Statistics,2014.0,2541.0,2408.0,2508.0,2562.0,2585.0,2625.0,2784.0,2936.0,3137.0,3185.0
보은군 - 독거노인가구비율＜br＞(A÷B×100),Statistics,15.7,19.7,17.7,18.2,18.4,18.4,18.7,19.5,20.3,21.4,22.0
보은군 - 전체 일반가구＜br＞(B),Statistics,12803.0,12924.0,13621.0,13780.0,13945.0,14080.0,14044.0,14306.0,14477.0,14640.0,14460.0
봉화군 - 65세이상 1인가구＜br＞(A),Statistics,2249.0,2669.0,2532.0,2690.0,2777.0,2804.0,2824.0,2914.0,3139.0,3235.0,3335.0
봉화군 - 독거노인가구비율＜br＞(A÷B×100),Statistics,16.6,19.5,18.2,19.2,19.8,20.0,20.2,20.7,22.1,22.7,23.5
봉화군 - 전체 일반가구＜br＞(B),Statistics,13517.0,13693.0,13880.0,14034.0,14052.0,14044.0,13992.0,14092.0,14186.0,14243.0,14213.0
부산광역시 - 65세이상 1인가구＜br＞(A),Statistics,54649.0,80686.0,97051.0,102877.0,109391.0,116589.0,124735.0,135957.0,148148.0,160609.0,174540.0
부산광역시 - 독거노인가구비율＜br＞(A÷B×100),Statistics,4.6,6.5,7.3,7.7,8.1,8.6,9.1,9.7,10.4,11.1,11.9
부산광역시 - 전체 일반가구＜br＞(B),Statistics,1186378.0,1243880.0,1335900.0,1344170.0,1354401.0,1363608.0,1377030.0,1405037.0,1431365.0,1447825.0,1462404.0
부산진구 - 65세이상 1인가구＜br＞(A),Statistics,6585.0,9589.0,11541.0,12042.0,12664.0,13147.0,13841.0,14945.0,16175.0,17421.0,18995.0
부산진구 - 독거노인가구비율＜br＞(A÷B×100),Statistics,4.8,6.7,7.5,7.9,8.3,8.7,9.1,9.5,10.1,10.6,11.2
부산진구 - 전체 일반가구＜br＞(B),Statistics,138263.0,143867.0,153541.0,151910.0,153075.0,151852.0,152433.0,157105.0,160558.0,164101.0,169534.0
부안군 - 65세이상 1인가구＜br＞(A),Statistics,3826.0,4403.0,4144.0,4297.0,4300.0,4250.0,4265.0,4368.0,4583.0,4762.0,4944.0
부안군 - 독거노인가구비율＜br＞(A÷B×100),Statistics,17.3,20.4,18.4,19.1,19.2,19.1,19.4,19.5,20.6,21.1,22.0
부안군 - 전체 일반가구＜br＞(B),Statistics,22154.0,21600.0,22497.0,22445.0,22419.0,22270.0,22026.0,22351.0,22289.0,22531.0,22521.0
부여군 - 65세이상 1인가구＜br＞(A),Statistics,3782.0,4682.0,4564.0,4733.0,4818.0,4915.0,5012.0,5233.0,5548.0,5754.0,5944.0
부여군 - 독거노인가구비율＜br＞(A÷B×100),Statistics,13.6,17.3,16.4,16.9,17.2,17.4,17.9,18.5,19.5,20.2,21.3
부여군 - 전체 일반가구＜br＞(B),Statistics,27721.0,27059.0,27852.0,27985.0,27933.0,28265.0,27982.0,28332.0,28500.0,28539.0,27956.0
부천시 - 65세이상 1인가구＜br＞(A),Statistics,6794.0,10404.0,13625.0,14673.0,15771.0,16826.0,18191.0,20033.0,21964.0,24082.0,26878.0
부천시 - 독거노인가구비율＜br＞(A÷B×100),Statistics,2.5,3.6,4.5,4.8,5.1,5.4,5.8,6.3,6.9,7.6,8.4
부천시 - 전체 일반가구＜br＞(B),Statistics,269509.0,291513.0,301530.0,304268.0,307764.0,311868.0,311910.0,315696.0,318968.0,318561.0,320407.0
부평구 - 65세이상 1인가구＜br＞(A),Statistics,4913.0,7746.0,10201.0,10795.0,11527.0,12137.0,13114.0,14313.0,15720.0,17155.0,18437.0
부평구 - 독거노인가구비율＜br＞(A÷B×100),Statistics,2.8,4.1,5.1,5.4,5.8,6.2,6.7,7.4,8.0,8.5,9.0
부평구 - 전체 일반가구＜br＞(B),Statistics,175716.0,187494.0,198939.0,198909.0,198443.0,195852.0,194930.0,193963.0,197396.0,202792.0,205580.0
북구 - 65세이상 1인가구＜br＞(A),Statistics,3925.0,5845.0,7647.0,8210.0,8860.0,9456.0,10211.0,11219.0,12228.0,13468.0,14744.0
북구 - 독거노인가구비율＜br＞(A÷B×100),Statistics,3.7,5.6,6.9,7.2,7.8,8.4,9.1,9.9,10.5,11.5,12.6
북구 - 전체 일반가구＜br＞(B),Statistics,105754.0,104859.0,111109.0,114093.0,113476.0,112896.0,112242.0,113121.0,116241.0,117296.0,116981.0
사상구 - 65세이상 1인가구＜br＞(A),Statistics,3003.0,4564.0,5956.0,6332.0,6850.0,7302.0,7939.0,8718.0,9557.0,10433.0,11442.0
사상구 - 독거노인가구비율＜br＞(A÷B×100),Statistics,3.3,5.1,6.5,7.0,7.5,8.1,8.8,9.6,10.4,11.4,12.2
사상구 - 전체 일반가구＜br＞(B),Statistics,90051.0,89498.0,91711.0,90745.0,90925.0,90355.0,90171.0,90678.0,92300.0,91789.0,93814.0
사천시 - 65세이상 1인가구＜br＞(A),Statistics,4097.0,4927.0,4897.0,5051.0,5191.0,5347.0,5455.0,5766.0,6248.0,6656.0,7225.0
사천시 - 독거노인가구비율＜br＞(A÷B×100),Statistics,10.6,11.9,11.0,11.3,11.6,11.7,12.0,12.4,13.1,13.8,14.8
사천시 - 전체 일반가구＜br＞(B),Statistics,38726.0,41320.0,44505.0,44690.0,44894.0,45623.0,45589.0,46540.0,47535.0,48150.0,48983.0
사하구 - 65세이상 1인가구＜br＞(A),Statistics,4276.0,6615.0,8219.0,8940.0,9629.0,10457.0,11382.0,12524.0,13624.0,15087.0,16415.0
사하구 - 독거노인가구비율＜br＞(A÷B×100),Statistics,3.6,5.4,6.5,7.0,7.5,8.1,8.9,9.8,10.5,11.5,12.5
사하구 - 전체 일반가구＜br＞(B),Statistics,117935.0,121730.0,127160.0,127097.0,128433.0,129242.0,128548.0,128354.0,129782.0,131434.0,131845.0
산청군 - 65세이상 1인가구＜br＞(A),Statistics,2785.0,2852.0,3069.0,3062.0,3124.0,3174.0,3236.0,3297.0,3532.0,3716.0,3818.0
산청군 - 독거노인가구비율＜br＞(A÷B×100),Statistics,20.7,21.2,20.5,20.4,20.5,20.6,21.1,21.1,22.3,23.2,23.6
산청군 - 전체 일반가구＜br＞(B),Statistics,13449.0,13469.0,14991.0,15044.0,15275.0,15406.0,15356.0,15611.0,15867.0,16033.0,16149.0
삼척시 - 65세이상 1인가구＜br＞(A),Statistics,2790.0,3545.0,3467.0,3545.0,3685.0,3839.0,3890.0,4047.0,4335.0,4641.0,4999.0
삼척시 - 독거노인가구비율＜br＞(A÷B×100),Statistics,10.6,13.0,12.0,12.1,12.8,13.0,13.2,13.2,14.7,15.6,16.5
삼척시 - 전체 일반가구＜br＞(B),Statistics,26388.0,27357.0,28852.0,29243.0,28828.0,29470.0,29361.0,30764.0,29554.0,29676.0,30225.0
상주시 - 65세이상 1인가구＜br＞(A),Statistics,6215.0,7188.0,6813.0,6938.0,7180.0,7332.0,7361.0,7636.0,8039.0,8376.0,8632.0
상주시 - 독거노인가구비율＜br＞(A÷B×100),Statistics,15.0,17.5,16.6,16.5,17.0,17.3,17.3,17.5,18.5,19.2,19.6
상주시 - 전체 일반가구＜br＞(B),Statistics,41326.0,40983.0,41036.0,41997.0,42274.0,42327.0,42579.0,43717.0,43339.0,43721.0,43933.0
서구 - 65세이상 1인가구＜br＞(A),Statistics,3331.0,4544.0,5050.0,5264.0,5361.0,5657.0,5906.0,6353.0,6801.0,7316.0,7839.0
서구 - 독거노인가구비율＜br＞(A÷B×100),Statistics,7.0,9.8,10.8,11.3,11.8,12.3,12.7,13.4,14.2,15.0,16.0
서구 - 전체 일반가구＜br＞(B),Statistics,47668.0,46219.0,46842.0,46391.0,45600.0,46072.0,46608.0,47261.0,47761.0,48741.0,49104.0
서귀포시 - 65세이상 1인가구＜br＞(A),Statistics,,5614.0,4513.0,4669.0,4970.0,5258.0,5537.0,5966.0,6724.0,7289.0,7749.0
서귀포시 - 독거노인가구비율＜br＞(A÷B×100),Statistics,,11.7,7.9,7.7,7.7,7.7,8.0,8.4,9.1,9.6,10.2
서귀포시 - 전체 일반가구＜br＞(B),Statistics,,47838.0,56915.0,60380.0,64768.0,68118.0,69228.0,71449.0,74013.0,75548.0,75948.0
서대문구 - 65세이상 1인가구＜br＞(A),Statistics,4138.0,5492.0,6852.0,7219.0,7570.0,7845.0,8338.0,8899.0,9612.0,10272.0,10958.0
서대문구 - 독거노인가구비율＜br＞(A÷B×100),Statistics,3.5,4.9,5.7,5.7,6.0,6.2,6.5,6.7,7.1,7.6,7.9
서대문구 - 전체 일반가구＜br＞(B),Statistics,117866.0,112701.0,121034.0,126581.0,126672.0,127197.0,128635.0,133112.0,134544.0,136043.0,138166.0
서산시 - 65세이상 1인가구＜br＞(A),Statistics,3001.0,4228.0,4748.0,5021.0,5357.0,5731.0,5970.0,6342.0,6994.0,7577.0,8088.0
서산시 - 독거노인가구비율＜br＞(A÷B×100),Statistics,6.0,7.3,7.5,7.8,8.1,8.4,8.5,8.7,9.3,9.9,10.4
서산시 - 전체 일반가구＜br＞(B),Statistics,50380.0,58274.0,63431.0,64727.0,66351.0,68462.0,70024.0,72765.0,75485.0,76382.0,77564.0
서울특별시 - 65세이상 1인가구＜br＞(A),Statistics,94855.0,138825.0,186131.0,196456.0,209240.0,220988.0,238088.0,259733.0,285384.0,309072.0,334348.0
서울특별시 - 독거노인가구비율＜br＞(A÷B×100),Statistics,2.9,4.0,4.9,5.2,5.5,5.8,6.1,6.5,7.1,7.5,8.1
서울특별시 - 전체 일반가구＜br＞(B),Statistics,3309890.0,3504297.0,3784490.0,3784705.0,3813260.0,3839766.0,3896389.0,3982290.0,4046799.0,4098818.0,4141659.0
서천군 - 65세이상 1인가구＜br＞(A),Statistics,3485.0,4247.0,4164.0,4215.0,4278.0,4311.0,4431.0,4619.0,4851.0,5039.0,5254.0
서천군 - 독거노인가구비율＜br＞(A÷B×100),Statistics,15.2,18.7,18.0,18.4,18.7,18.9,19.6,20.3,21.1,21.8,22.7
서천군 - 전체 일반가구＜br＞(B),Statistics,22885.0,22704.0,23146.0,22848.0,22895.0,22804.0,22581.0,22790.0,22999.0,23132.0,23135.0
서초구 - 65세이상 1인가구＜br＞(A),Statistics,2367.0,3432.0,4855.0,5152.0,5575.0,5888.0,6277.0,6891.0,7531.0,8014.0,8726.0
서초구 - 독거노인가구비율＜br＞(A÷B×100),Statistics,1.9,2.5,3.2,3.3,3.6,3.8,4.0,4.4,4.8,5.2,5.5
서초구 - 전체 일반가구＜br＞(B),Statistics,124933.0,136840.0,154031.0,155051.0,155513.0,155418.0,155377.0,156123.0,155936.0,154471.0,157290.0
성남시 - 65세이상 1인가구＜br＞(A),Statistics,8079.0,12665.0,16646.0,17865.0,18874.0,19971.0,21669.0,23569.0,25880.0,27982.0,30922.0
성남시 - 독거노인가구비율＜br＞(A÷B×100),Statistics,2.6,3.8,4.7,5.0,5.2,5.6,6.0,6.4,6.9,7.4,8.1
성남시 - 전체 일반가구＜br＞(B),Statistics,307491.0,335614.0,355499.0,358928.0,359515.0,359322.0,361413.0,369585.0,375080.0,376179.0,380003.0
성동구 - 65세이상 1인가구＜br＞(A),Statistics,3410.0,4616.0,5627.0,5790.0,6126.0,6517.0,6912.0,7361.0,8009.0,8611.0,9226.0
성동구 - 독거노인가구비율＜br＞(A÷B×100),Statistics,3.1,4.3,4.9,5.0,5.1,5.3,5.6,6.0,6.5,7.0,7.5
성동구 - 전체 일반가구＜br＞(B),Statistics,111485.0,107114.0,114719.0,116401.0,120957.0,123963.0,122770.0,122186.0,122756.0,122873.0,123124.0
성북구 - 65세이상 1인가구＜br＞(A),Statistics,4953.0,7228.0,9154.0,9522.0,9926.0,10370.0,10936.0,11771.0,12855.0,13891.0,14866.0
성북구 - 독거노인가구비율＜br＞(A÷B×100),Statistics,3.4,4.4,5.3,5.5,5.7,6.0,6.2,6.6,7.1,7.6,8.1
성북구 - 전체 일반가구＜br＞(B),Statistics,146894.0,162896.0,174257.0,174370.0,172973.0,171943.0,176729.0,179660.0,181827.0,183972.0,184404.0
성주군 - 65세이상 1인가구＜br＞(A),Statistics,2440.0,2947.0,2511.0,2659.0,2745.0,2803.0,2908.0,3010.0,3321.0,3459.0,3687.0
성주군 - 독거노인가구비율＜br＞(A÷B×100),Statistics,16.1,19.5,14.7,15.3,15.7,15.9,16.3,16.5,17.9,18.4,19.4
성주군 - 전체 일반가구＜br＞(B),Statistics,15197.0,15138.0,17035.0,17324.0,17479.0,17677.0,17835.0,18255.0,18547.0,18796.0,18994.0
세종특별자치시 - 65세이상 1인가구＜br＞(A),Statistics,,,3324.0,3602.0,4078.0,4544.0,5107.0,5640.0,6372.0,7119.0,7691.0
세종특별자치시 - 독거노인가구비율＜br＞(A÷B×100),Statistics,,,4.4,4.0,3.9,3.8,3.9,4.1,4.4,4.6,4.9
세종특별자치시 - 전체 일반가구＜br＞(B),Statistics,,,75219.0,90413.0,104325.0,119029.0,129664.0,139106.0,145295.0,154019.0,156444.0
속초시 - 65세이상 1인가구＜br＞(A),Statistics,1693.0,2611.0,2792.0,2921.0,3079.0,3270.0,3528.0,3877.0,4313.0,4658.0,5078.0
속초시 - 독거노인가구비율＜br＞(A÷B×100),Statistics,5.6,8.3,8.5,8.9,9.3,9.7,10.3,10.9,11.8,12.4,13.3
속초시 - 전체 일반가구＜br＞(B),Statistics,30243.0,31366.0,32659.0,32809.0,33111.0,33623.0,34213.0,35551.0,36656.0,37502.0,38042.0
송파구 - 65세이상 1인가구＜br＞(A),Statistics,3962.0,6107.0,8081.0,8586.0,9326.0,10036.0,11128.0,12324.0,13807.0,15163.0,16605.0
송파구 - 독거노인가구비율＜br＞(A÷B×100),Statistics,2.1,2.8,3.5,3.7,3.9,4.1,4.4,4.8,5.3,5.8,6.2
송파구 - 전체 일반가구＜br＞(B),Statistics,187000.0,219426.0,230941.0,230801.0,237516.0,243547.0,252212.0,255766.0,259378.0,263448.0,265857.0
수성구 - 65세이상 1인가구＜br＞(A),Statistics,5008.0,7473.0,8918.0,9535.0,10079.0,10817.0,11524.0,12586.0,13749.0,14889.0,15925.0
수성구 - 독거노인가구비율＜br＞(A÷B×100),Statistics,3.6,4.9,5.6,6.1,6.4,6.9,7.3,7.9,8.5,9.1,9.8
수성구 - 전체 일반가구＜br＞(B),Statistics,137479.0,151441.0,157903.0,157126.0,156945.0,156596.0,157906.0,160239.0,162210.0,163237.0,163311.0
수영구 - 65세이상 1인가구＜br＞(A),Statistics,2762.0,4035.0,5001.0,5251.0,5582.0,5973.0,6525.0,7135.0,7858.0,8473.0,9180.0
수영구 - 독거노인가구비율＜br＞(A÷B×100),Statistics,4.6,6.3,7.1,7.4,7.7,8.2,8.8,9.3,10.0,10.5,11.2
수영구 - 전체 일반가구＜br＞(B),Statistics,59857.0,63761.0,70064.0,70784.0,72186.0,72556.0,74187.0,76700.0,78800.0,80409.0,81720.0
수원시 - 65세이상 1인가구＜br＞(A),Statistics,7206.0,11464.0,16066.0,17425.0,19069.0,20361.0,22002.0,24010.0,26737.0,29507.0,33129.0
수원시 - 독거노인가구비율＜br＞(A÷B×100),Statistics,2.1,3.1,3.8,4.0,4.3,4.5,4.8,5.2,5.6,6.0,6.6
수원시 - 전체 일반가구＜br＞(B),Statistics,343659.0,374008.0,427554.0,436304.0,445309.0,450819.0,457351.0,466089.0,480566.0,492051.0,503568.0
순창군 - 65세이상 1인가구＜br＞(A),Statistics,2281.0,2630.0,2460.0,2412.0,2365.0,2344.0,2368.0,2374.0,2500.0,2558.0,2593.0
순창군 - 독거노인가구비율＜br＞(A÷B×100),Statistics,20.7,24.1,21.5,21.0,20.5,20.2,20.6,20.4,21.5,21.8,21.7
순창군 - 전체 일반가구＜br＞(B),Statistics,11026.0,10891.0,11440.0,11464.0,11518.0,11577.0,11476.0,11647.0,11639.0,11728.0,11941.0
순천시 - 65세이상 1인가구＜br＞(A),Statistics,5898.0,7471.0,7565.0,7984.0,8291.0,8654.0,8895.0,9512.0,10428.0,11153.0,12051.0
순천시 - 독거노인가구비율＜br＞(A÷B×100),Statistics,6.8,8.1,7.6,7.9,8.1,8.3,8.4,8.6,9.1,9.7,10.3
순천시 - 전체 일반가구＜br＞(B),Statistics,87105.0,92131.0,99899.0,101344.0,102801.0,104561.0,106414.0,110112.0,114166.0,114578.0,116484.0
시흥시 - 65세이상 1인가구＜br＞(A),Statistics,2174.0,3662.0,4553.0,5131.0,5594.0,6261.0,7183.0,8395.0,9663.0,10977.0,12641.0
시흥시 - 독거노인가구비율＜br＞(A÷B×100),Statistics,1.7,2.6,3.1,3.5,3.7,3.8,4.0,4.4,4.7,5.3,5.9
시흥시 - 전체 일반가구＜br＞(B),Statistics,128753.0,140422.0,144569.0,145794.0,152812.0,165423.0,178734.0,192833.0,204432.0,207794.0,213014.0
신안군 - 65세이상 1인가구＜br＞(A),Statistics,3349.0,3943.0,3435.0,3428.0,3481.0,3480.0,3458.0,3516.0,3722.0,3707.0,3753.0
신안군 - 독거노인가구비율＜br＞(A÷B×100),Statistics,19.8,24.5,20.7,20.7,21.1,21.0,21.0,21.0,22.2,21.9,22.0
신안군 - 전체 일반가구＜br＞(B),Statistics,16925.0,16114.0,16622.0,16530.0,16526.0,16572.0,16481.0,16742.0,16798.0,16946.0,17055.0
아산시 - 65세이상 1인가구＜br＞(A),Statistics,3756.0,5141.0,6063.0,6454.0,6883.0,7311.0,7777.0,8521.0,9585.0,10545.0,11524.0
아산시 - 독거노인가구비율＜br＞(A÷B×100),Statistics,5.5,5.4,5.5,5.7,5.8,6.1,6.3,6.7,7.1,7.5,7.8
아산시 - 전체 일반가구＜br＞(B),Statistics,68263.0,94579.0,110601.0,113605.0,118216.0,120613.0,123229.0,128012.0,135276.0,140653.0,146899.0
안동시 - 65세이상 1인가구＜br＞(A),Statistics,6177.0,7612.0,7426.0,7735.0,8113.0,8453.0,8789.0,9222.0,9995.0,10703.0,11238.0
안동시 - 독거노인가구비율＜br＞(A÷B×100),Statistics,10.0,11.8,11.0,11.3,11.9,12.4,12.9,13.0,13.9,14.9,15.6
안동시 - 전체 일반가구＜br＞(B),Statistics,61914.0,64361.0,67693.0,68192.0,68249.0,68050.0,68285.0,70934.0,71804.0,71913.0,72259.0
안산시 - 65세이상 1인가구＜br＞(A),Statistics,4710.0,7699.0,9947.0,10525.0,11158.0,11644.0,12715.0,14048.0,15442.0,16941.0,18756.0
안산시 - 독거노인가구비율＜br＞(A÷B×100),Statistics,2.1,3.1,3.8,4.1,4.4,4.6,5.0,5.4,5.8,6.3,7.0
안산시 - 전체 일반가구＜br＞(B),Statistics,223743.0,249009.0,258519.0,256238.0,254755.0,251418.0,253140.0,260598.0,267483.0,268609.0,268028.0
안성시 - 65세이상 1인가구＜br＞(A),Statistics,2733.0,3846.0,4278.0,4570.0,4996.0,5240.0,5578.0,6124.0,6765.0,7305.0,7650.0
안성시 - 독거노인가구비율＜br＞(A÷B×100),Statistics,5.1,5.9,6.2,6.5,7.0,7.2,7.5,7.9,8.4,8.9,9.2
안성시 - 전체 일반가구＜br＞(B),Statistics,53554.0,65542.0,68665.0,70127.0,71193.0,72418.0,74066.0,77368.0,80301.0,82267.0,82975.0
안양시 - 65세이상 1인가구＜br＞(A),Statistics,4752.0,7141.0,8801.0,9426.0,9781.0,10367.0,11300.0,12152.0,13312.0,14629.0,16191.0
안양시 - 독거노인가구비율＜br＞(A÷B×100),Statistics,2.5,3.6,4.3,4.6,4.7,5.1,5.5,6.0,6.4,6.9,7.6
안양시 - 전체 일반가구＜br＞(B),Statistics,191614.0,199484.0,205482.0,205736.0,205965.0,204984.0,205695.0,203441.0,208284.0,213022.0,213815.0
양구군 - 65세이상 1인가구＜br＞(A),Statistics,556.0,753.0,777.0,794.0,853.0,903.0,929.0,955.0,1026.0,1108.0,1237.0
양구군 - 독거노인가구비율＜br＞(A÷B×100),Statistics,8.3,10.9,8.5,8.5,9.6,9.9,10.9,11.2,11.7,12.6,13.7
양구군 - 전체 일반가구＜br＞(B),Statistics,6736.0,6919.0,9148.0,9331.0,8869.0,9076.0,8519.0,8521.0,8733.0,8822.0,9027.0
양산시 - 65세이상 1인가구＜br＞(A),Statistics,2744.0,4543.0,6023.0,6709.0,7555.0,8243.0,8926.0,10111.0,11380.0,12594.0,14041.0
양산시 - 독거노인가구비율＜br＞(A÷B×100),Statistics,3.9,5.2,5.5,5.8,6.0,6.2,6.6,7.3,8.0,8.7,9.4
양산시 - 전체 일반가구＜br＞(B),Statistics,70134.0,87494.0,109304.0,115933.0,125887.0,132069.0,134260.0,138629.0,142960.0,145390.0,148613.0
양양군 - 65세이상 1인가구＜br＞(A),Statistics,958.0,1336.0,1450.0,1491.0,1576.0,1683.0,1796.0,1902.0,2077.0,2239.0,2476.0
양양군 - 독거노인가구비율＜br＞(A÷B×100),Statistics,8.8,13.0,13.1,13.3,13.9,14.6,15.0,15.4,16.4,17.4,18.7
양양군 - 전체 일반가구＜br＞(B),Statistics,10893.0,10313.0,11108.0,11223.0,11358.0,11513.0,11934.0,12324.0,12651.0,12867.0,13241.0
양주시 - 65세이상 1인가구＜br＞(A),Statistics,1449.0,2643.0,3592.0,3858.0,4377.0,4917.0,5437.0,6252.0,6973.0,7736.0,9033.0
양주시 - 독거노인가구비율＜br＞(A÷B×100),Statistics,3.1,4.3,5.1,5.4,5.8,6.3,6.7,7.2,7.7,8.3,8.5
양주시 - 전체 일반가구＜br＞(B),Statistics,46291.0,61232.0,70446.0,71155.0,74886.0,77928.0,81582.0,86650.0,90836.0,93648.0,105751.0
양천구 - 65세이상 1인가구＜br＞(A),Statistics,3692.0,5424.0,7275.0,7847.0,8282.0,8950.0,9745.0,10847.0,12042.0,13211.0,14447.0
양천구 - 독거노인가구비율＜br＞(A÷B×100),Statistics,2.5,3.5,4.4,4.8,5.1,5.5,6.0,6.5,7.2,7.8,8.5
양천구 - 전체 일반가구＜br＞(B),Statistics,148261.0,154239.0,163823.0,163253.0,162045.0,162039.0,162867.0,166044.0,168355.0,169344.0,169479.0
양평군 - 65세이상 1인가구＜br＞(A),Statistics,2499.0,3285.0,3913.0,4297.0,4718.0,5005.0,5262.0,5684.0,6269.0,6801.0,7379.0
양평군 - 독거노인가구비율＜br＞(A÷B×100),Statistics,9.4,10.9,9.9,10.4,10.8,11.1,11.5,12.0,12.7,13.5,14.1
양평군 - 전체 일반가구＜br＞(B),Statistics,26496.0,30171.0,39523.0,41328.0,43538.0,44928.0,45895.0,47544.0,49236.0,50538.0,52242.0
여수시 - 65세이상 1인가구＜br＞(A),Statistics,6187.0,8272.0,8950.0,9530.0,9959.0,10300.0,10618.0,11139.0,12034.0,12926.0,13969.0
여수시 - 독거노인가구비율＜br＞(A÷B×100),Statistics,6.6,8.3,8.4,8.9,9.2,9.5,9.7,9.9,10.5,11.2,12.0
여수시 - 전체 일반가구＜br＞(B),Statistics,93482.0,99271.0,106355.0,107641.0,108207.0,108824.0,109473.0,112397.0,114112.0,115438.0,116299.0
여주시 - 65세이상 1인가구＜br＞(A),Statistics,,,3169.0,3362.0,3594.0,3721.0,3940.0,4326.0,4734.0,5155.0,5730.0
여주시 - 독거노인가구비율＜br＞(A÷B×100),Statistics,,,7.9,8.3,8.6,8.8,9.2,9.8,10.4,11.0,11.8
여주시 - 전체 일반가구＜br＞(B),Statistics,,,39924.0,40587.0,41709.0,42310.0,42903.0,44234.0,45571.0,46944.0,48619.0
연수구 - 65세이상 1인가구＜br＞(A),Statistics,1741.0,2892.0,3787.0,4086.0,4493.0,4798.0,5393.0,6154.0,6913.0,7620.0,8265.0
연수구 - 독거노인가구비율＜br＞(A÷B×100),Statistics,2.1,3.1,3.5,3.6,3.9,4.0,4.1,4.4,4.7,5.2,5.6
연수구 - 전체 일반가구＜br＞(B),Statistics,84744.0,94007.0,107358.0,112840.0,115927.0,120190.0,130428.0,141117.0,146830.0,145258.0,148578.0
연제구 - 65세이상 1인가구＜br＞(A),Statistics,2859.0,4366.0,5261.0,5381.0,5762.0,6252.0,7003.0,7714.0,8455.0,9221.0,10140.0
연제구 - 독거노인가구비율＜br＞(A÷B×100),Statistics,4.0,6.0,6.7,6.9,7.3,7.8,8.4,9.0,9.8,10.5,11.4
연제구 - 전체 일반가구＜br＞(B),Statistics,70836.0,73188.0,78094.0,78070.0,79475.0,80104.0,83398.0,85699.0,86267.0,87486.0,88825.0
연천군 - 65세이상 1인가구＜br＞(A),Statistics,1324.0,1762.0,2037.0,2107.0,2212.0,2302.0,2346.0,2578.0,2843.0,2972.0,3225.0
연천군 - 독거노인가구비율＜br＞(A÷B×100),Statistics,9.2,11.4,11.6,11.7,12.3,12.7,13.3,14.3,15.5,16.1,17.3
연천군 - 전체 일반가구＜br＞(B),Statistics,14364.0,15432.0,17534.0,18077.0,18019.0,18089.0,17681.0,18014.0,18342.0,18427.0,18647.0
영광군 - 65세이상 1인가구＜br＞(A),Statistics,3267.0,3871.0,3571.0,3560.0,3690.0,3698.0,3688.0,3845.0,4025.0,4180.0,4363.0
영광군 - 독거노인가구비율＜br＞(A÷B×100),Statistics,14.7,19.2,16.7,16.8,17.3,17.3,17.3,17.7,18.3,18.6,19.4
영광군 - 전체 일반가구＜br＞(B),Statistics,22189.0,20210.0,21426.0,21180.0,21314.0,21324.0,21345.0,21780.0,21957.0,22451.0,22526.0
영덕군 - 65세이상 1인가구＜br＞(A),Statistics,3321.0,3810.0,3565.0,3656.0,3747.0,3789.0,3752.0,3907.0,4100.0,4224.0,4407.0
영덕군 - 독거노인가구비율＜br＞(A÷B×100),Statistics,19.2,22.5,21.2,21.4,22.0,22.3,22.2,23.0,24.2,25.0,26.0
영덕군 - 전체 일반가구＜br＞(B),Statistics,17288.0,16966.0,16819.0,17096.0,17015.0,17027.0,16918.0,16969.0,16958.0,16920.0,16982.0
영도구 - 65세이상 1인가구＜br＞(A),Statistics,3482.0,4970.0,5734.0,6069.0,6321.0,6696.0,7006.0,7479.0,8037.0,8505.0,9149.0
영도구 - 독거노인가구비율＜br＞(A÷B×100),Statistics,6.5,9.4,10.9,11.7,12.4,13.3,14.1,14.7,15.9,17.1,18.2
영도구 - 전체 일반가구＜br＞(B),Statistics,53668.0,52602.0,52448.0,51910.0,50951.0,50356.0,49823.0,50842.0,50400.0,49844.0,50216.0
영동군 - 65세이상 1인가구＜br＞(A),Statistics,2641.0,3152.0,3120.0,3237.0,3282.0,3362.0,3423.0,3502.0,3837.0,4032.0,4173.0
영동군 - 독거노인가구비율＜br＞(A÷B×100),Statistics,14.1,16.6,15.0,15.5,15.7,16.1,16.5,16.7,18.2,19.6,19.8
영동군 - 전체 일반가구＜br＞(B),Statistics,18698.0,19037.0,20816.0,20873.0,20912.0,20915.0,20749.0,20984.0,21119.0,20557.0,21114.0
영등포구 - 65세이상 1인가구＜br＞(A),Statistics,4197.0,5964.0,7898.0,8149.0,8477.0,8678.0,9259.0,10036.0,10845.0,11702.0,12609.0
영등포구 - 독거노인가구비율＜br＞(A÷B×100),Statistics,3.1,4.3,5.3,5.5,5.7,5.8,6.0,6.2,6.4,6.8,7.2
영등포구 - 전체 일반가구＜br＞(B),Statistics,135609.0,138637.0,147745.0,146904.0,147559.0,149831.0,153923.0,162391.0,168518.0,172104.0,174908.0
영암군 - 65세이상 1인가구＜br＞(A),Statistics,3066.0,3903.0,3295.0,3353.0,3471.0,3536.0,3503.0,3586.0,3838.0,4066.0,4164.0
영암군 - 독거노인가구비율＜br＞(A÷B×100),Statistics,13.8,16.9,14.1,14.4,15.1,15.6,15.4,15.2,16.0,16.7,16.7
영암군 - 전체 일반가구＜br＞(B),Statistics,22204.0,23161.0,23340.0,23332.0,23014.0,22736.0,22747.0,23534.0,24003.0,24392.0,24977.0
영양군 - 65세이상 1인가구＜br＞(A),Statistics,1333.0,1557.0,1497.0,1525.0,1575.0,1598.0,1603.0,1677.0,1753.0,1816.0,1892.0
영양군 - 독거노인가구비율＜br＞(A÷B×100),Statistics,17.7,20.8,19.8,20.2,20.8,21.1,21.3,21.9,22.7,23.4,24.5
영양군 - 전체 일반가구＜br＞(B),Statistics,7547.0,7498.0,7578.0,7559.0,7565.0,7585.0,7539.0,7661.0,7723.0,7763.0,7730.0
영월군 - 65세이상 1인가구＜br＞(A),Statistics,1603.0,2108.0,2248.0,2319.0,2468.0,2564.0,2693.0,2893.0,3082.0,3277.0,3569.0
영월군 - 독거노인가구비율＜br＞(A÷B×100),Statistics,11.2,14.5,14.1,14.3,15.0,15.4,16.2,16.9,17.9,18.7,19.8
영월군 - 전체 일반가구＜br＞(B),Statistics,14253.0,14588.0,15918.0,16163.0,16406.0,16642.0,16608.0,17069.0,17190.0,17555.0,18013.0
영주시 - 65세이상 1인가구＜br＞(A),Statistics,4045.0,5044.0,5162.0,5453.0,5664.0,5880.0,6028.0,6306.0,6788.0,7320.0,7607.0
영주시 - 독거노인가구비율＜br＞(A÷B×100),Statistics,9.8,12.1,11.8,12.2,12.6,13.2,13.6,13.8,14.9,15.9,16.4
영주시 - 전체 일반가구＜br＞(B),Statistics,41142.0,41701.0,43683.0,44582.0,44844.0,44681.0,44303.0,45636.0,45423.0,45918.0,46254.0
영천시 - 65세이상 1인가구＜br＞(A),Statistics,5152.0,5888.0,5621.0,5974.0,6229.0,6474.0,6572.0,6834.0,7375.0,7916.0,8347.0
영천시 - 독거노인가구비율＜br＞(A÷B×100),Statistics,13.2,15.5,14.0,14.6,14.9,15.3,15.2,15.2,16.1,17.1,17.9
영천시 - 전체 일반가구＜br＞(B),Statistics,39043.0,38086.0,40268.0,40947.0,41681.0,42328.0,43310.0,44842.0,45839.0,46283.0,46589.0
예산군 - 65세이상 1인가구＜br＞(A),Statistics,3126.0,3878.0,4149.0,4427.0,4593.0,4746.0,4876.0,5131.0,5596.0,5969.0,6323.0
예산군 - 독거노인가구비율＜br＞(A÷B×100),Statistics,10.5,12.8,12.7,13.9,14.3,14.5,14.8,15.2,16.4,17.1,17.6
예산군 - 전체 일반가구＜br＞(B),Statistics,29717.0,30317.0,32695.0,31878.0,32014.0,32641.0,32933.0,33675.0,34083.0,34960.0,35961.0
예천군 - 65세이상 1인가구＜br＞(A),Statistics,3544.0,4126.0,3840.0,3958.0,4028.0,4110.0,4231.0,4306.0,4534.0,4693.0,4848.0
예천군 - 독거노인가구비율＜br＞(A÷B×100),Statistics,18.5,21.5,20.4,20.3,19.7,18.4,18.1,17.9,18.4,18.7,19.3
예천군 - 전체 일반가구＜br＞(B),Statistics,19197.0,19214.0,18803.0,19459.0,20413.0,22350.0,23382.0,24041.0,24682.0,25070.0,25184.0
오산시 - 65세이상 1인가구＜br＞(A),Statistics,787.0,1639.0,2290.0,2506.0,2731.0,3022.0,3436.0,3912.0,4486.0,4986.0,5740.0
오산시 - 독거노인가구비율＜br＞(A÷B×100),Statistics,1.8,2.5,3.0,3.2,3.4,3.6,3.9,4.3,4.7,5.1,5.8
오산시 - 전체 일반가구＜br＞(B),Statistics,43166.0,66285.0,76663.0,77468.0,79379.0,83469.0,87151.0,91909.0,95384.0,96992.0,98406.0
옥천군 - 65세이상 1인가구＜br＞(A),Statistics,2352.0,2868.0,2704.0,2818.0,2924.0,3025.0,3078.0,3194.0,3445.0,3633.0,3958.0
옥천군 - 독거노인가구비율＜br＞(A÷B×100),Statistics,12.7,15.2,13.7,14.2,14.6,14.9,15.1,15.4,16.2,16.9,18.3
옥천군 - 전체 일반가구＜br＞(B),Statistics,18584.0,18867.0,19783.0,19864.0,19997.0,20362.0,20331.0,20721.0,21297.0,21462.0,21650.0
옹진군 - 65세이상 1인가구＜br＞(A),Statistics,640.0,773.0,832.0,875.0,948.0,1012.0,1057.0,1164.0,1301.0,1452.0,1557.0
옹진군 - 독거노인가구비율＜br＞(A÷B×100),Statistics,12.7,13.0,9.2,9.7,10.1,11.1,11.9,13.3,14.0,14.9,15.8
옹진군 - 전체 일반가구＜br＞(B),Statistics,5052.0,5952.0,9005.0,9059.0,9347.0,9149.0,8862.0,8750.0,9306.0,9743.0,9877.0
완도군 - 65세이상 1인가구＜br＞(A),Statistics,3429.0,4160.0,3590.0,3653.0,3715.0,3748.0,3700.0,3848.0,4073.0,4231.0,4407.0
완도군 - 독거노인가구비율＜br＞(A÷B×100),Statistics,16.0,19.9,17.2,17.5,17.7,17.9,17.8,18.1,19.1,19.9,20.8
완도군 - 전체 일반가구＜br＞(B),Statistics,21469.0,20856.0,20837.0,20892.0,20933.0,20922.0,20810.0,21234.0,21304.0,21221.0,21172.0
완주군 - 65세이상 1인가구＜br＞(A),Statistics,2880.0,3563.0,3455.0,3582.0,3626.0,3717.0,3799.0,3986.0,4345.0,4676.0,5381.0
완주군 - 독거노인가구비율＜br＞(A÷B×100),Statistics,10.8,12.1,9.6,9.5,9.5,9.8,10.1,10.3,11.0,11.7,12.2
완주군 - 전체 일반가구＜br＞(B),Statistics,26692.0,29493.0,35902.0,37708.0,38051.0,37860.0,37510.0,38551.0,39605.0,39938.0,44049.0
용산구 - 65세이상 1인가구＜br＞(A),Statistics,3349.0,4630.0,5595.0,5680.0,5816.0,5973.0,6163.0,6395.0,6742.0,7222.0,7667.0
용산구 - 독거노인가구비율＜br＞(A÷B×100),Statistics,4.4,5.4,6.2,6.3,6.4,6.5,6.6,6.7,7.0,7.3,7.8
용산구 - 전체 일반가구＜br＞(B),Statistics,76125.0,86470.0,90313.0,90164.0,91102.0,92500.0,93177.0,95714.0,96989.0,98483.0,98322.0
용인시 - 65세이상 1인가구＜br＞(A),Statistics,4126.0,7840.0,11385.0,12338.0,13408.0,14770.0,16347.0,18610.0,20735.0,22468.0,24815.0
용인시 - 독거노인가구비율＜br＞(A÷B×100),Statistics,2.0,2.9,3.5,3.7,3.9,4.1,4.4,4.8,5.2,5.6,6.1
용인시 - 전체 일반가구＜br＞(B),Statistics,210689.0,269746.0,324312.0,330588.0,339699.0,355967.0,371752.0,386929.0,396112.0,401300.0,405291.0
울릉군 - 65세이상 1인가구＜br＞(A),Statistics,380.0,449.0,382.0,397.0,407.0,444.0,445.0,507.0,520.0,569.0,590.0
울릉군 - 독거노인가구비율＜br＞(A÷B×100),Statistics,10.8,12.9,9.5,10.0,10.0,10.7,11.0,12.3,12.6,13.4,13.7
울릉군 - 전체 일반가구＜br＞(B),Statistics,3532.0,3494.0,4031.0,3979.0,4072.0,4145.0,4061.0,4116.0,4135.0,4248.0,4319.0
울산광역시 - 65세이상 1인가구＜br＞(A),Statistics,9967.0,14150.0,17953.0,19323.0,21004.0,22582.0,24752.0,27387.0,30976.0,33966.0,36987.0
울산광역시 - 독거노인가구비율＜br＞(A÷B×100),Statistics,2.9,3.8,4.2,4.5,4.9,5.2,5.7,6.2,6.9,7.5,8.1
울산광역시 - 전체 일반가구＜br＞(B),Statistics,339095.0,373633.0,423412.0,426027.0,428720.0,431391.0,437094.0,444087.0,451432.0,453998.0,458129.0
울주군 - 65세이상 1인가구＜br＞(A),Statistics,3445.0,4204.0,4713.0,4970.0,5279.0,5542.0,5912.0,6422.0,7220.0,7858.0,8362.0
울주군 - 독거노인가구비율＜br＞(A÷B×100),Statistics,6.5,6.5,6.0,6.3,6.6,6.7,7.0,7.4,8.1,8.7,9.2
울주군 - 전체 일반가구＜br＞(B),Statistics,53399.0,64276.0,78055.0,78667.0,80213.0,82278.0,84394.0,86836.0,88925.0,89970.0,90451.0
울진군 - 65세이상 1인가구＜br＞(A),Statistics,3124.0,3698.0,3597.0,3648.0,3730.0,3769.0,3785.0,3942.0,4141.0,4232.0,4393.0
울진군 - 독거노인가구비율＜br＞(A÷B×100),Statistics,14.9,17.8,16.8,16.9,17.3,17.6,17.7,18.2,18.9,19.4,20.0
울진군 - 전체 일반가구＜br＞(B),Statistics,20953.0,20747.0,21466.0,21569.0,21518.0,21409.0,21332.0,21707.0,21876.0,21870.0,21988.0
원주시 - 65세이상 1인가구＜br＞(A),Statistics,4221.0,6458.0,7577.0,8057.0,8671.0,9269.0,10034.0,11041.0,12454.0,13766.0,15336.0
원주시 - 독거노인가구비율＜br＞(A÷B×100),Statistics,4.3,5.7,6.0,6.1,6.4,6.7,7.0,7.3,8.0,8.6,9.4
원주시 - 전체 일반가구＜br＞(B),Statistics,97041.0,114198.0,127095.0,131233.0,134649.0,137823.0,142352.0,150242.0,155108.0,159208.0,162343.0
유성구 - 65세이상 1인가구＜br＞(A),Statistics,1429.0,2283.0,3474.0,3784.0,4269.0,4627.0,5089.0,5718.0,6561.0,7305.0,7995.0
유성구 - 독거노인가구비율＜br＞(A÷B×100),Statistics,2.0,2.3,2.8,2.9,3.1,3.3,3.6,3.7,4.2,4.7,4.9
유성구 - 전체 일반가구＜br＞(B),Statistics,72741.0,99256.0,126231.0,132178.0,137871.0,140085.0,143172.0,154100.0,154421.0,156411.0,162551.0
은평구 - 65세이상 1인가구＜br＞(A),Statistics,4504.0,6749.0,9768.0,10331.0,11068.0,11731.0,12673.0,14020.0,15393.0,16692.0,18133.0
은평구 - 독거노인가구비율＜br＞(A÷B×100),Statistics,3.1,4.4,5.4,5.8,6.2,6.5,6.9,7.4,7.9,8.5,9.1
은평구 - 전체 일반가구＜br＞(B),Statistics,145477.0,154923.0,179752.0,178775.0,179641.0,181338.0,184890.0,190631.0,193626.0,196206.0,198534.0
음성군 - 65세이상 1인가구＜br＞(A),Statistics,2006.0,2684.0,3057.0,3261.0,3426.0,3651.0,3835.0,4253.0,4652.0,5069.0,5408.0
음성군 - 독거노인가구비율＜br＞(A÷B×100),Statistics,7.4,8.9,8.3,8.4,8.8,9.2,9.7,10.5,11.3,12.1,12.8
음성군 - 전체 일반가구＜br＞(B),Statistics,27271.0,30037.0,36826.0,38634.0,38717.0,39808.0,39538.0,40342.0,41040.0,41958.0,42185.0
의령군 - 65세이상 1인가구＜br＞(A),Statistics,2953.0,3287.0,2957.0,2980.0,2977.0,2954.0,2976.0,2962.0,3133.0,3229.0,3373.0
의령군 - 독거노인가구비율＜br＞(A÷B×100),Statistics,24.5,28.0,24.3,24.6,24.7,24.2,24.5,24.0,25.0,25.6,26.8
의령군 - 전체 일반가구＜br＞(B),Statistics,12077.0,11740.0,12173.0,12126.0,12057.0,12196.0,12144.0,12321.0,12529.0,12609.0,12594.0
의성군 - 65세이상 1인가구＜br＞(A),Statistics,4759.0,5589.0,5412.0,5476.0,5574.0,5604.0,5597.0,5662.0,6024.0,6222.0,6381.0
의성군 - 독거노인가구비율＜br＞(A÷B×100),Statistics,19.0,23.1,22.9,23.1,23.5,23.7,23.5,23.5,24.8,25.4,25.9
의성군 - 전체 일반가구＜br＞(B),Statistics,25019.0,24214.0,23667.0,23733.0,23688.0,23679.0,23767.0,24119.0,24243.0,24455.0,24646.0
의왕시 - 65세이상 1인가구＜br＞(A),Statistics,1101.0,1561.0,2148.0,2309.0,2494.0,2662.0,2931.0,3146.0,3507.0,3804.0,4185.0
의왕시 - 독거노인가구비율＜br＞(A÷B×100),Statistics,2.5,3.4,4.0,4.3,4.6,5.0,5.1,5.3,5.8,6.3,7.0
의왕시 - 전체 일반가구＜br＞(B),Statistics,43668.0,46414.0,53407.0,53705.0,53884.0,53682.0,57061.0,59444.0,60830.0,60598.0,60145.0
의정부시 - 65세이상 1인가구＜br＞(A),Statistics,3705.0,6281.0,8568.0,9264.0,9871.0,10520.0,11541.0,12918.0,14362.0,16035.0,17800.0
의정부시 - 독거노인가구비율＜br＞(A÷B×100),Statistics,2.9,4.4,5.5,5.9,6.2,6.4,6.8,7.3,7.7,8.4,9.2
의정부시 - 전체 일반가구＜br＞(B),Statistics,128039.0,142331.0,154558.0,157212.0,160020.0,164439.0,170040.0,178067.0,185533.0,189934.0,193577.0
이천시 - 65세이상 1인가구＜br＞(A),Statistics,2386.0,3296.0,3724.0,3973.0,4248.0,4516.0,4835.0,5224.0,5806.0,6267.0,6931.0
이천시 - 독거노인가구비율＜br＞(A÷B×100),Statistics,4.1,5.1,5.2,5.4,5.5,5.8,6.0,6.3,6.7,7.1,7.7
이천시 - 전체 일반가구＜br＞(B),Statistics,58015.0,64256.0,71691.0,73959.0,76749.0,78535.0,80367.0,83415.0,87231.0,88663.0,90581.0
익산시 - 65세이상 1인가구＜br＞(A),Statistics,6949.0,9139.0,9780.0,10297.0,10650.0,10994.0,11459.0,12171.0,13323.0,14181.0,15128.0
익산시 - 독거노인가구비율＜br＞(A÷B×100),Statistics,6.6,8.4,8.3,8.7,9.0,9.3,9.7,10.2,11.1,11.8,12.5
익산시 - 전체 일반가구＜br＞(B),Statistics,104695.0,109391.0,117517.0,117839.0,118594.0,118435.0,118313.0,119474.0,119937.0,120485.0,121458.0
인제군 - 65세이상 1인가구＜br＞(A),Statistics,735.0,974.0,1111.0,1214.0,1266.0,1332.0,1350.0,1443.0,1571.0,1706.0,1895.0
인제군 - 독거노인가구비율＜br＞(A÷B×100),Statistics,7.1,9.3,8.6,9.5,10.0,10.4,11.0,11.5,11.8,12.6,13.5
인제군 - 전체 일반가구＜br＞(B),Statistics,10399.0,10453.0,12860.0,12840.0,12697.0,12768.0,12326.0,12592.0,13345.0,13509.0,14021.0
인천광역시 - 65세이상 1인가구＜br＞(A),Statistics,25449.0,38453.0,50650.0,54272.0,58824.0,63031.0,68648.0,76298.0,84850.0,93707.0,102510.0
인천광역시 - 독거노인가구비율＜br＞(A÷B×100),Statistics,3.1,4.2,4.8,5.1,5.4,5.8,6.1,6.7,7.2,7.7,8.3
인천광역시 - 전체 일반가구＜br＞(B),Statistics,823023.0,918850.0,1045417.0,1062828.0,1080285.0,1094749.0,1120576.0,1147200.0,1183610.0,1212731.0,1242168.0
임실군 - 65세이상 1인가구＜br＞(A),Statistics,2343.0,2579.0,2256.0,2321.0,2380.0,2398.0,2387.0,2455.0,2657.0,2723.0,2644.0
임실군 - 독거노인가구비율＜br＞(A÷B×100),Statistics,21.2,24.1,19.9,19.9,20.1,20.1,19.9,20.0,21.7,22.0,21.9
임실군 - 전체 일반가구＜br＞(B),Statistics,11053.0,10693.0,11347.0,11691.0,11852.0,11940.0,11985.0,12288.0,12247.0,12387.0,12066.0
장성군 - 65세이상 1인가구＜br＞(A),Statistics,2814.0,3182.0,2807.0,2805.0,2831.0,2825.0,2845.0,2900.0,3023.0,3128.0,3290.0
장성군 - 독거노인가구비율＜br＞(A÷B×100),Statistics,18.1,21.1,16.7,16.9,16.8,16.8,16.7,16.8,17.2,17.6,18.4
장성군 - 전체 일반가구＜br＞(B),Statistics,15531.0,15071.0,16775.0,16603.0,16817.0,16850.0,17059.0,17291.0,17551.0,17739.0,17903.0
장수군 - 65세이상 1인가구＜br＞(A),Statistics,1476.0,1749.0,1651.0,1694.0,1695.0,1759.0,1800.0,1832.0,1974.0,2050.0,2088.0
장수군 - 독거노인가구비율＜br＞(A÷B×100),Statistics,17.9,21.1,18.4,18.7,18.6,19.1,19.5,19.5,20.9,21.6,22.1
장수군 - 전체 일반가구＜br＞(B),Statistics,8226.0,8300.0,8975.0,9041.0,9094.0,9213.0,9248.0,9383.0,9452.0,9480.0,9456.0
장흥군 - 65세이상 1인가구＜br＞(A),Statistics,3437.0,3767.0,3363.0,3425.0,3525.0,3538.0,3610.0,3661.0,3815.0,3933.0,4075.0
장흥군 - 독거노인가구비율＜br＞(A÷B×100),Statistics,20.4,23.5,20.6,21.0,21.5,21.6,22.1,22.2,23.1,23.9,24.8
장흥군 - 전체 일반가구＜br＞(B),Statistics,16861.0,15997.0,16332.0,16297.0,16382.0,16356.0,16350.0,16484.0,16533.0,16470.0,16463.0
전국 - 65세이상 1인가구＜br＞(A),Statistics,782708.0,1066365.0,1223169.0,1294453.0,1370962.0,1444588.0,1532847.0,1660711.0,1824434.0,1973416.0,2138107.0
전국 - 독거노인가구비율＜br＞(A÷B×100),Statistics,4.9,6.1,6.4,6.7,7.0,7.2,7.5,7.9,8.5,9.1,9.7
전국 - 전체 일반가구＜br＞(B),Statistics,15887128.0,17339422.0,19111030.0,19367696.0,19673875.0,19979188.0,20343188.0,20926710.0,21448463.0,21773507.0,22073158.0
전라남도 - 65세이상 1인가구＜br＞(A),Statistics,84077.0,100256.0,93197.0,95844.0,98156.0,99832.0,100769.0,105114.0,111885.0,117331.0,123303.0
전라남도 - 독거노인가구비율＜br＞(A÷B×100),Statistics,12.6,14.7,12.9,13.2,13.4,13.5,13.6,13.8,14.4,15.0,15.5
전라남도 - 전체 일반가구＜br＞(B),Statistics,666319.0,681431.0,720612.0,727197.0,733757.0,737406.0,741026.0,761518.0,777358.0,784645.0,793249.0
전북특별자치도 - 65세이상 1인가구＜br＞(A),Statistics,56187.0,70617.0,72820.0,75848.0,78121.0,80084.0,82834.0,86753.0,94315.0,99841.0,106075.0
전북특별자치도 - 독거노인가구비율＜br＞(A÷B×100),Statistics,9.1,10.7,10.2,10.5,10.7,10.9,11.2,11.5,12.2,12.8,13.5
전북특별자치도 - 전체 일반가구＜br＞(B),Statistics,619958.0,659946.0,717311.0,724678.0,728871.0,732980.0,738307.0,755575.0,772471.0,777680.0,786775.0
전주시 - 65세이상 1인가구＜br＞(A),Statistics,7374.0,11632.0,14606.0,15605.0,16478.0,17364.0,18627.0,20219.0,22619.0,24441.0,26400.0
전주시 - 독거노인가구비율＜br＞(A÷B×100),Statistics,3.7,5.2,5.9,6.3,6.5,6.8,7.1,7.5,8.0,8.6,9.3
전주시 - 전체 일반가구＜br＞(B),Statistics,199905.0,224883.0,247223.0,249563.0,251668.0,255604.0,261378.0,270768.0,281896.0,282885.0,284192.0
정선군 - 65세이상 1인가구＜br＞(A),Statistics,1498.0,1840.0,1897.0,1985.0,2048.0,2165.0,2264.0,2464.0,2625.0,2840.0,3161.0
정선군 - 독거노인가구비율＜br＞(A÷B×100),Statistics,9.5,12.5,12.4,12.9,13.3,13.9,14.5,15.1,16.1,17.5,19.3
정선군 - 전체 일반가구＜br＞(B),Statistics,15754.0,14753.0,15353.0,15347.0,15360.0,15539.0,15595.0,16275.0,16272.0,16202.0,16413.0
정읍시 - 65세이상 1인가구＜br＞(A),Statistics,6242.0,7290.0,6910.0,7130.0,7193.0,7246.0,7311.0,7489.0,8005.0,8405.0,8774.0
정읍시 - 독거노인가구비율＜br＞(A÷B×100),Statistics,14.4,16.7,15.3,15.7,15.8,15.9,16.1,16.3,17.2,17.9,18.5
정읍시 - 전체 일반가구＜br＞(B),Statistics,43430.0,43716.0,45119.0,45300.0,45458.0,45514.0,45455.0,45970.0,46589.0,46936.0,47323.0
제주시 - 65세이상 1인가구＜br＞(A),Statistics,,9712.0,9207.0,9721.0,10306.0,10764.0,11295.0,12217.0,13833.0,14875.0,15856.0
제주시 - 독거노인가구비율＜br＞(A÷B×100),Statistics,,7.0,5.6,5.8,5.9,6.0,6.1,6.4,7.0,7.4,7.8
제주시 - 전체 일반가구＜br＞(B),Statistics,,139485.0,163454.0,168957.0,175447.0,180880.0,184488.0,191619.0,197149.0,200677.0,202367.0
제주특별자치도 - 65세이상 1인가구＜br＞(A),Statistics,13452.0,15326.0,13720.0,14390.0,15276.0,16022.0,16832.0,18183.0,20557.0,22164.0,23605.0
제주특별자치도 - 독거노인가구비율＜br＞(A÷B×100),Statistics,7.5,8.2,6.2,6.3,6.4,6.4,6.6,6.9,7.6,8.0,8.5
제주특별자치도 - 전체 일반가구＜br＞(B),Statistics,179199.0,187323.0,220369.0,229337.0,240215.0,248998.0,253716.0,263068.0,271162.0,276225.0,278315.0
제천시 - 65세이상 1인가구＜br＞(A),Statistics,3136.0,4506.0,5055.0,5343.0,5695.0,5936.0,6265.0,6781.0,7426.0,7985.0,8474.0
제천시 - 독거노인가구비율＜br＞(A÷B×100),Statistics,6.7,8.9,9.4,9.6,10.2,10.5,10.9,11.4,12.4,13.6,14.1
제천시 - 전체 일반가구＜br＞(B),Statistics,47136.0,50887.0,53549.0,55381.0,56082.0,56476.0,57422.0,59680.0,60089.0,58927.0,59900.0
종로구 - 65세이상 1인가구＜br＞(A),Statistics,2482.0,3404.0,3982.0,3990.0,4252.0,4356.0,4542.0,4897.0,5247.0,5501.0,5900.0
종로구 - 독거노인가구비율＜br＞(A÷B×100),Statistics,4.6,5.9,6.5,6.6,6.8,6.8,7.2,7.7,8.2,8.5,9.1
종로구 - 전체 일반가구＜br＞(B),Statistics,54534.0,57807.0,61580.0,60786.0,62372.0,63773.0,62652.0,63414.0,63984.0,64422.0,64507.0
중구 - 65세이상 1인가구＜br＞(A),Statistics,2286.0,2952.0,3588.0,3606.0,3759.0,3935.0,4219.0,4526.0,5014.0,5448.0,5923.0
중구 - 독거노인가구비율＜br＞(A÷B×100),Statistics,4.9,6.5,7.0,7.0,7.2,7.4,7.7,8.2,8.9,9.7,10.0
중구 - 전체 일반가구＜br＞(B),Statistics,46625.0,45656.0,51205.0,51503.0,52208.0,53102.0,54496.0,55093.0,56116.0,56260.0,59265.0
중랑구 - 65세이상 1인가구＜br＞(A),Statistics,4254.0,6432.0,8900.0,9513.0,10276.0,10940.0,11877.0,13280.0,14555.0,15912.0,17323.0
중랑구 - 독거노인가구비율＜br＞(A÷B×100),Statistics,3.1,4.4,5.6,6.0,6.5,6.9,7.4,8.1,8.7,9.3,10.1
중랑구 - 전체 일반가구＜br＞(B),Statistics,137907.0,144951.0,157537.0,157571.0,159035.0,159444.0,160776.0,164832.0,167260.0,170544.0,171823.0
증평군 - 65세이상 1인가구＜br＞(A),Statistics,713.0,990.0,1076.0,1183.0,1226.0,1318.0,1379.0,1509.0,1664.0,1784.0,1898.0
증평군 - 독거노인가구비율＜br＞(A÷B×100),Statistics,7.4,8.6,7.7,8.1,8.2,8.7,9.0,9.6,10.5,10.7,11.1
증평군 - 전체 일반가구＜br＞(B),Statistics,9678.0,11559.0,14040.0,14557.0,14921.0,15131.0,15374.0,15714.0,15905.0,16610.0,17038.0
진도군 - 65세이상 1인가구＜br＞(A),Statistics,2863.0,3169.0,2881.0,2957.0,2934.0,2899.0,2856.0,2945.0,3072.0,3177.0,3237.0
진도군 - 독거노인가구비율＜br＞(A÷B×100),Statistics,20.5,24.2,21.8,22.4,22.1,22.0,21.8,22.0,22.6,23.3,23.7
진도군 - 전체 일반가구＜br＞(B),Statistics,13976.0,13098.0,13217.0,13173.0,13283.0,13185.0,13090.0,13400.0,13616.0,13616.0,13647.0
진안군 - 65세이상 1인가구＜br＞(A),Statistics,1591.0,2117.0,1866.0,1942.0,1992.0,2028.0,2097.0,2089.0,2179.0,2259.0,2356.0
진안군 - 독거노인가구비율＜br＞(A÷B×100),Statistics,17.3,23.1,18.8,19.5,19.5,19.5,20.3,19.6,20.3,20.8,21.6
진안군 - 전체 일반가구＜br＞(B),Statistics,9176.0,9153.0,9932.0,9981.0,10211.0,10374.0,10348.0,10674.0,10725.0,10857.0,10928.0
진주시 - 65세이상 1인가구＜br＞(A),Statistics,7162.0,9585.0,10340.0,10760.0,11259.0,11880.0,12479.0,13355.0,14505.0,15471.0,16628.0
진주시 - 독거노인가구비율＜br＞(A÷B×100),Statistics,6.3,7.9,7.7,7.9,8.2,8.6,8.9,9.1,9.7,10.2,10.9
진주시 - 전체 일반가구＜br＞(B),Statistics,114348.0,122011.0,133519.0,135912.0,137521.0,137960.0,140718.0,146660.0,149469.0,150980.0,152167.0
진천군 - 65세이상 1인가구＜br＞(A),Statistics,1606.0,2104.0,2253.0,2359.0,2450.0,2582.0,2645.0,2897.0,3186.0,3391.0,3595.0
진천군 - 독거노인가구비율＜br＞(A÷B×100),Statistics,7.9,9.3,8.7,8.8,8.4,8.3,8.0,8.3,8.7,9.0,9.4
진천군 - 전체 일반가구＜br＞(B),Statistics,20411.0,22603.0,25816.0,26817.0,29183.0,31023.0,32901.0,34771.0,36620.0,37664.0,38111.0
창녕군 - 65세이상 1인가구＜br＞(A),Statistics,4601.0,5074.0,4725.0,4793.0,4857.0,4922.0,4893.0,4996.0,5287.0,5578.0,5764.0
창녕군 - 독거노인가구비율＜br＞(A÷B×100),Statistics,19.0,21.2,18.2,18.2,18.2,18.4,18.4,18.6,19.5,20.5,21.4
창녕군 - 전체 일반가구＜br＞(B),Statistics,24246.0,23983.0,25989.0,26306.0,26652.0,26707.0,26590.0,26908.0,27107.0,27217.0,26965.0
창원시 - 65세이상 1인가구＜br＞(A),Statistics,,17365.0,21218.0,22852.0,24388.0,25893.0,27845.0,30993.0,34661.0,37716.0,41982.0
창원시 - 독거노인가구비율＜br＞(A÷B×100),Statistics,,4.7,5.4,5.8,6.2,6.5,6.9,7.6,8.2,8.8,9.8
창원시 - 전체 일반가구＜br＞(B),Statistics,,372108.0,391258.0,393675.0,395762.0,399353.0,403524.0,409688.0,421845.0,426408.0,428321.0
천안시 - 65세이상 1인가구＜br＞(A),Statistics,5011.0,7385.0,9281.0,9978.0,10843.0,11567.0,12574.0,13953.0,15609.0,17112.0,18428.0
천안시 - 독거노인가구비율＜br＞(A÷B×100),Statistics,2.9,3.6,4.0,4.2,4.4,4.5,4.8,5.1,5.5,6.0,6.3
천안시 - 전체 일반가구＜br＞(B),Statistics,174544.0,206279.0,233491.0,238778.0,248356.0,256949.0,264383.0,275707.0,282491.0,287513.0,291563.0
철원군 - 65세이상 1인가구＜br＞(A),Statistics,1044.0,1434.0,1711.0,1755.0,1804.0,1897.0,1951.0,2066.0,2206.0,2312.0,2587.0
철원군 - 독거노인가구비율＜br＞(A÷B×100),Statistics,7.1,9.3,9.2,9.5,10.2,11.1,11.6,12.2,12.9,13.6,14.9
철원군 - 전체 일반가구＜br＞(B),Statistics,14790.0,15481.0,18654.0,18526.0,17710.0,17064.0,16770.0,16968.0,17093.0,17007.0,17365.0
청도군 - 65세이상 1인가구＜br＞(A),Statistics,3219.0,3772.0,3548.0,3654.0,3828.0,3877.0,3909.0,3978.0,4226.0,4448.0,4508.0
청도군 - 독거노인가구비율＜br＞(A÷B×100),Statistics,19.8,22.6,19.7,20.1,20.8,21.0,21.0,21.1,22.2,23.0,23.2
청도군 - 전체 일반가구＜br＞(B),Statistics,16223.0,16657.0,17991.0,18170.0,18361.0,18438.0,18616.0,18821.0,19041.0,19309.0,19396.0
청송군 - 65세이상 1인가구＜br＞(A),Statistics,1837.0,2227.0,2086.0,2119.0,2197.0,2239.0,2251.0,2353.0,2538.0,2652.0,2732.0
청송군 - 독거노인가구비율＜br＞(A÷B×100),Statistics,15.9,19.7,18.4,18.6,19.2,19.4,19.6,20.1,21.4,22.2,22.9
청송군 - 전체 일반가구＜br＞(B),Statistics,11541.0,11287.0,11323.0,11401.0,11454.0,11518.0,11512.0,11723.0,11861.0,11930.0,11928.0
청양군 - 65세이상 1인가구＜br＞(A),Statistics,1842.0,2338.0,2260.0,2294.0,2402.0,2429.0,2455.0,2496.0,2653.0,2772.0,2893.0
청양군 - 독거노인가구비율＜br＞(A÷B×100),Statistics,14.8,18.8,17.4,17.5,18.0,18.0,18.3,18.4,19.4,20.0,21.0
청양군 - 전체 일반가구＜br＞(B),Statistics,12421.0,12414.0,13004.0,13084.0,13327.0,13493.0,13382.0,13532.0,13700.0,13844.0,13801.0
청주시 - 65세이상 1인가구＜br＞(A),Statistics,,,16075.0,17229.0,18470.0,19566.0,20947.0,22809.0,25449.0,27753.0,30932.0
청주시 - 독거노인가구비율＜br＞(A÷B×100),Statistics,,,5.3,5.5,5.8,6.0,6.3,6.5,7.1,7.6,8.2
청주시 - 전체 일반가구＜br＞(B),Statistics,,,306001.0,314331.0,319969.0,325023.0,334431.0,348328.0,358832.0,365883.0,376787.0
춘천시 - 65세이상 1인가구＜br＞(A),Statistics,4163.0,6234.0,7355.0,7785.0,8169.0,8614.0,9170.0,10058.0,11104.0,12319.0,13415.0
춘천시 - 독거노인가구비율＜br＞(A÷B×100),Statistics,4.5,6.0,6.8,7.1,7.3,7.6,8.1,8.5,9.1,9.8,10.4
춘천시 - 전체 일반가구＜br＞(B),Statistics,92226.0,103050.0,108027.0,109690.0,111347.0,112917.0,113550.0,118030.0,121827.0,126016.0,128682.0
충남 당진군 - 65세이상 1인가구＜br＞(A),Statistics,3150.0,4033.0,,,,,,,,,
충남 당진군 - 독거노인가구비율＜br＞(A÷B×100),Statistics,7.8,7.7,,,,,,,,,
충남 당진군 - 전체 일반가구＜br＞(B),Statistics,40285.0,52151.0,,,,,,,,,
충남 연기군 - 65세이상 1인가구＜br＞(A),Statistics,2176.0,2719.0,,,,,,,,,
충남 연기군 - 독거노인가구비율＜br＞(A÷B×100),Statistics,7.7,9.3,,,,,,,,,
충남 연기군 - 전체 일반가구＜br＞(B),Statistics,28346.0,29268.0,,,,,,,,,
충북 청원군 - 65세이상 1인가구＜br＞(A),Statistics,3424.0,4477.0,,,,,,,,,
충북 청원군 - 독거노인가구비율＜br＞(A÷B×100),Statistics,9.1,8.6,,,,,,,,,
충북 청원군 - 전체 일반가구＜br＞(B),Statistics,37575.0,52080.0,,,,,,,,,
충북 청주시 - 65세이상 1인가구＜br＞(A),Statistics,6113.0,9715.0,,,,,,,,,
충북 청주시 - 독거노인가구비율＜br＞(A÷B×100),Statistics,2.8,4.1,,,,,,,,,
충북 청주시 - 전체 일반가구＜br＞(B),Statistics,217064.0,238872.0,,,,,,,,,
충주시 - 65세이상 1인가구＜br＞(A),Statistics,4301.0,6147.0,6584.0,6987.0,7512.0,7995.0,8496.0,9182.0,10026.0,10684.0,11312.0
충주시 - 독거노인가구비율＜br＞(A÷B×100),Statistics,6.0,8.0,7.9,8.2,8.7,9.0,9.4,9.9,10.5,11.1,11.6
충주시 - 전체 일반가구＜br＞(B),Statistics,71182.0,77015.0,83585.0,85152.0,86367.0,88711.0,90191.0,93082.0,95350.0,96130.0,97709.0
충청남도 - 65세이상 1인가구＜br＞(A),Statistics,48956.0,63907.0,65466.0,68899.0,72498.0,75698.0,79162.0,84471.0,92406.0,99198.0,105574.0
충청남도 - 독거노인가구비율＜br＞(A÷B×100),Statistics,7.4,8.5,8.2,8.5,8.7,8.9,9.2,9.5,10.1,10.7,11.1
충청남도 - 전체 일반가구＜br＞(B),Statistics,659871.0,749035.0,796185.0,813730.0,834986.0,851124.0,864102.0,892222.0,915634.0,931370.0,948631.0
충청북도 - 65세이상 1인가구＜br＞(A),Statistics,31799.0,43426.0,46729.0,49483.0,52180.0,54792.0,57589.0,62016.0,68176.0,73375.0,79135.0
충청북도 - 독거노인가구비율＜br＞(A÷B×100),Statistics,6.3,7.8,7.8,8.0,8.3,8.5,8.8,9.1,9.8,10.4,11.0
충청북도 - 전체 일반가구＜br＞(B),Statistics,505203.0,558796.0,601856.0,617914.0,629073.0,640978.0,654713.0,678922.0,695611.0,704864.0,720231.0
칠곡군 - 65세이상 1인가구＜br＞(A),Statistics,2176.0,2876.0,2744.0,2924.0,3051.0,3176.0,3326.0,3612.0,4014.0,4352.0,4884.0
칠곡군 - 독거노인가구비율＜br＞(A÷B×100),Statistics,6.1,7.2,5.9,6.2,6.5,6.7,7.2,7.7,8.4,8.9,9.9
칠곡군 - 전체 일반가구＜br＞(B),Statistics,35524.0,40220.0,46243.0,46899.0,47094.0,47160.0,46237.0,46786.0,47930.0,48734.0,49152.0
태백시 - 65세이상 1인가구＜br＞(A),Statistics,1150.0,1786.0,2012.0,2094.0,2205.0,2390.0,2464.0,2606.0,2875.0,3091.0,3351.0
태백시 - 독거노인가구비율＜br＞(A÷B×100),Statistics,5.9,8.9,10.5,10.8,11.7,12.8,13.3,14.0,15.4,16.7,18.0
태백시 - 전체 일반가구＜br＞(B),Statistics,19558.0,20094.0,19192.0,19380.0,18886.0,18663.0,18536.0,18586.0,18723.0,18543.0,18657.0
태안군 - 65세이상 1인가구＜br＞(A),Statistics,1926.0,2646.0,3152.0,3210.0,3430.0,3631.0,3849.0,4073.0,4471.0,4785.0,5077.0
태안군 - 독거노인가구비율＜br＞(A÷B×100),Statistics,8.9,12.1,12.7,12.7,13.2,13.8,14.3,14.5,15.8,16.7,17.7
태안군 - 전체 일반가구＜br＞(B),Statistics,21750.0,21956.0,24849.0,25260.0,25989.0,26406.0,26887.0,28003.0,28358.0,28648.0,28725.0
통영시 - 65세이상 1인가구＜br＞(A),Statistics,3334.0,4262.0,4428.0,4690.0,4948.0,5222.0,5462.0,5886.0,6435.0,6944.0,7532.0
통영시 - 독거노인가구비율＜br＞(A÷B×100),Statistics,7.6,8.5,8.3,8.8,9.3,9.8,10.3,10.9,11.9,12.8,13.9
통영시 - 전체 일반가구＜br＞(B),Statistics,44006.0,50155.0,53237.0,53411.0,53306.0,53250.0,53200.0,53758.0,54056.0,54109.0,54144.0
파주시 - 65세이상 1인가구＜br＞(A),Statistics,3189.0,4913.0,6783.0,7368.0,7748.0,8467.0,9148.0,10108.0,11277.0,12721.0,14248.0
파주시 - 독거노인가구비율＜br＞(A÷B×100),Statistics,4.2,4.7,4.8,5.0,5.2,5.3,5.6,5.9,6.2,6.7,7.3
파주시 - 전체 일반가구＜br＞(B),Statistics,75654.0,104692.0,142665.0,146308.0,150223.0,159143.0,164306.0,170924.0,181689.0,189856.0,194815.0
평창군 - 65세이상 1인가구＜br＞(A),Statistics,1381.0,1845.0,2088.0,2173.0,2279.0,2413.0,2569.0,2795.0,3035.0,3214.0,3551.0
평창군 - 독거노인가구비율＜br＞(A÷B×100),Statistics,9.4,12.0,12.2,12.6,13.1,13.7,14.5,15.3,16.4,17.2,18.5
평창군 - 전체 일반가구＜br＞(B),Statistics,14699.0,15316.0,17099.0,17269.0,17409.0,17612.0,17758.0,18305.0,18519.0,18704.0,19175.0
평택시 - 65세이상 1인가구＜br＞(A),Statistics,4581.0,6726.0,8578.0,9131.0,9662.0,10459.0,11254.0,12486.0,13919.0,15103.0,16251.0
평택시 - 독거노인가구비율＜br＞(A÷B×100),Statistics,3.8,5.1,5.2,5.3,5.4,5.6,5.7,5.9,6.0,6.2,6.4
평택시 - 전체 일반가구＜br＞(B),Statistics,120658.0,131814.0,164197.0,170771.0,178518.0,187813.0,197997.0,213185.0,232252.0,244548.0,253667.0
포천시 - 65세이상 1인가구＜br＞(A),Statistics,2500.0,3250.0,3946.0,4283.0,4525.0,4788.0,5117.0,5577.0,6081.0,6641.0,7274.0
포천시 - 독거노인가구비율＜br＞(A÷B×100),Statistics,5.3,6.9,7.0,7.5,7.9,8.2,8.8,9.4,9.9,9.9,11.7
포천시 - 전체 일반가구＜br＞(B),Statistics,46750.0,47413.0,56599.0,57054.0,57404.0,58539.0,58273.0,59525.0,61505.0,67222.0,62070.0
포항시 - 65세이상 1인가구＜br＞(A),Statistics,8543.0,11565.0,13243.0,14003.0,15104.0,16190.0,17040.0,18743.0,21054.0,22689.0,24618.0
포항시 - 독거노인가구비율＜br＞(A÷B×100),Statistics,5.1,6.2,6.7,7.0,7.5,8.0,8.4,9.0,9.9,10.6,11.4
포항시 - 전체 일반가구＜br＞(B),Statistics,165949.0,186714.0,197027.0,199175.0,200102.0,201456.0,202492.0,207459.0,213410.0,214645.0,216729.0
하남시 - 65세이상 1인가구＜br＞(A),Statistics,1095.0,1739.0,2457.0,3129.0,3600.0,4276.0,4900.0,5728.0,6571.0,7334.0,8310.0
하남시 - 독거노인가구비율＜br＞(A÷B×100),Statistics,2.9,3.8,4.4,4.4,4.5,4.8,4.8,5.1,5.3,5.7,6.3
하남시 - 전체 일반가구＜br＞(B),Statistics,38160.0,46100.0,55689.0,71253.0,80463.0,89479.0,101231.0,112462.0,124008.0,128198.0,131044.0
하동군 - 65세이상 1인가구＜br＞(A),Statistics,3421.0,3886.0,3487.0,3534.0,3597.0,3690.0,3738.0,3843.0,4146.0,4321.0,4473.0
하동군 - 독거노인가구비율＜br＞(A÷B×100),Statistics,18.3,21.2,18.1,18.4,18.7,19.1,19.3,19.8,21.3,22.2,23.0
하동군 - 전체 일반가구＜br＞(B),Statistics,18656.0,18345.0,19314.0,19208.0,19254.0,19352.0,19387.0,19435.0,19457.0,19438.0,19461.0
함안군 - 65세이상 1인가구＜br＞(A),Statistics,3330.0,3975.0,3582.0,3848.0,3835.0,3936.0,3925.0,4139.0,4481.0,4675.0,4893.0
함안군 - 독거노인가구비율＜br＞(A÷B×100),Statistics,16.0,16.7,13.4,14.3,14.3,14.7,14.8,15.5,16.7,17.5,18.3
함안군 - 전체 일반가구＜br＞(B),Statistics,20860.0,23834.0,26725.0,26929.0,26869.0,26844.0,26560.0,26634.0,26753.0,26756.0,26738.0
함양군 - 65세이상 1인가구＜br＞(A),Statistics,3139.0,3682.0,3503.0,3521.0,3577.0,3582.0,3640.0,3759.0,3945.0,4084.0,4147.0
함양군 - 독거노인가구비율＜br＞(A÷B×100),Statistics,20.2,22.5,21.0,21.0,21.1,20.9,21.2,21.7,22.5,23.2,23.7
함양군 - 전체 일반가구＜br＞(B),Statistics,15551.0,16351.0,16670.0,16780.0,16916.0,17119.0,17165.0,17361.0,17563.0,17624.0,17493.0
함평군 - 65세이상 1인가구＜br＞(A),Statistics,3107.0,3246.0,2905.0,2887.0,2956.0,2951.0,2942.0,3050.0,3214.0,3295.0,3365.0
함평군 - 독거노인가구비율＜br＞(A÷B×100),Statistics,21.3,24.3,21.5,21.5,21.9,22.0,21.9,22.5,23.4,23.9,24.4
함평군 - 전체 일반가구＜br＞(B),Statistics,14568.0,13351.0,13542.0,13400.0,13528.0,13412.0,13434.0,13538.0,13724.0,13772.0,13808.0
합천군 - 65세이상 1인가구＜br＞(A),Statistics,4637.0,5282.0,4921.0,5017.0,4997.0,4996.0,4994.0,5057.0,5333.0,5511.0,5589.0
합천군 - 독거노인가구비율＜br＞(A÷B×100),Statistics,22.3,26.2,24.1,24.7,24.7,24.7,24.8,25.1,26.2,26.9,27.5
합천군 - 전체 일반가구＜br＞(B),Statistics,20756.0,20155.0,20411.0,20313.0,20234.0,20195.0,20124.0,20139.0,20332.0,20452.0,20347.0
해남군 - 65세이상 1인가구＜br＞(A),Statistics,5284.0,6182.0,5575.0,5581.0,5698.0,5739.0,5745.0,5940.0,6194.0,6337.0,6483.0
해남군 - 독거노인가구비율＜br＞(A÷B×100),Statistics,17.5,21.7,19.1,19.3,19.7,20.0,20.2,20.5,21.2,21.6,22.2
해남군 - 전체 일반가구＜br＞(B),Statistics,30172.0,28460.0,29116.0,28953.0,28879.0,28634.0,28491.0,29031.0,29265.0,29277.0,29232.0
해운대구 - 65세이상 1인가구＜br＞(A),Statistics,5280.0,8059.0,9932.0,10712.0,11408.0,12188.0,13091.0,14291.0,15476.0,16783.0,18068.0
해운대구 - 독거노인가구비율＜br＞(A÷B×100),Statistics,4.0,5.5,6.5,6.9,7.4,7.9,8.4,9.0,9.6,10.5,11.3
해운대구 - 전체 일반가구＜br＞(B),Statistics,131106.0,145411.0,153270.0,154367.0,153815.0,154967.0,156230.0,158613.0,161168.0,160597.0,160219.0
홍성군 - 65세이상 1인가구＜br＞(A),Statistics,2883.0,3779.0,4017.0,4283.0,4574.0,4695.0,4840.0,5116.0,5475.0,5764.0,6146.0
홍성군 - 독거노인가구비율＜br＞(A÷B×100),Statistics,9.5,11.7,10.9,10.7,11.0,11.3,11.5,11.8,12.5,13.4,14.0
홍성군 - 전체 일반가구＜br＞(B),Statistics,30361.0,32298.0,36907.0,40135.0,41692.0,41721.0,42235.0,43192.0,43690.0,43014.0,43845.0
홍천군 - 65세이상 1인가구＜br＞(A),Statistics,1867.0,2536.0,2916.0,3099.0,3372.0,3580.0,3758.0,3999.0,4391.0,4752.0,5275.0
홍천군 - 독거노인가구비율＜br＞(A÷B×100),Statistics,8.2,10.7,10.9,11.4,12.1,12.6,13.3,13.7,14.8,15.8,17.2
홍천군 - 전체 일반가구＜br＞(B),Statistics,22818.0,23753.0,26823.0,27220.0,27902.0,28314.0,28356.0,29207.0,29649.0,30034.0,30685.0
화성시 - 65세이상 1인가구＜br＞(A),Statistics,3518.0,4905.0,6376.0,7208.0,8002.0,9081.0,10329.0,11612.0,13578.0,15485.0,17644.0
화성시 - 독거노인가구비율＜br＞(A÷B×100),Statistics,3.9,3.1,3.2,3.3,3.3,3.3,3.5,3.6,4.0,4.3,4.7
화성시 - 전체 일반가구＜br＞(B),Statistics,90058.0,158423.0,201983.0,220427.0,243048.0,271365.0,298397.0,321871.0,341432.0,356542.0,375093.0
화순군 - 65세이상 1인가구＜br＞(A),Statistics,4057.0,4834.0,4111.0,4146.0,4242.0,4334.0,4310.0,4441.0,4692.0,4902.0,5218.0
화순군 - 독거노인가구비율＜br＞(A÷B×100),Statistics,15.8,19.4,16.4,16.6,17.0,17.4,17.4,17.5,18.0,18.5,19.5
화순군 - 전체 일반가구＜br＞(B),Statistics,25642.0,24862.0,25019.0,24953.0,24991.0,24869.0,24708.0,25343.0,26120.0,26435.0,26750.0
화천군 - 65세이상 1인가구＜br＞(A),Statistics,682.0,926.0,954.0,1032.0,1091.0,1135.0,1137.0,1230.0,1356.0,1460.0,1610.0
화천군 - 독거노인가구비율＜br＞(A÷B×100),Statistics,9.2,12.6,8.5,9.3,10.6,11.2,11.7,12.4,13.6,14.6,15.7
화천군 - 전체 일반가구＜br＞(B),Statistics,7416.0,7346.0,11211.0,11057.0,10274.0,10169.0,9713.0,9899.0,10005.0,10007.0,10239.0
횡성군 - 65세이상 1인가구＜br＞(A),Statistics,1421.0,1871.0,2109.0,2158.0,2358.0,2475.0,2568.0,2811.0,3044.0,3240.0,3675.0
횡성군 - 독거노인가구비율＜br＞(A÷B×100),Statistics,10.3,13.0,12.3,12.4,13.1,13.3,13.6,14.4,15.3,16.0,17.5
횡성군 - 전체 일반가구＜br＞(B),Statistics,13738.0,14415.0,17113.0,17421.0,17933.0,18612.0,18912.0,19524.0,19910.0,20247.0,21006.0
