item,category,2007,2008,2009,2010,2011,2012,2013,2014,2015,2016,2017,2018,2019
가평군 - 사업체수＜br＞(A),Statistics,,,,,,,,,,,6482.0,6818.0,6932.0
가평군 - 인구천명당 사업체수＜br＞(A÷B×1000),Statistics,,,,,,,,,,,102.9,108.4,111.1
가평군 - 주민등록인구＜br＞(B),Statistics,,,,,,,,,,,62973.0,62918.0,62415.0
강남구 - 사업체수＜br＞(A),Statistics,,,,,,,,,,,72511.0,71373.0,71027.0
강남구 - 인구천명당 사업체수＜br＞(A÷B×1000),Statistics,,,,,,,,,,,130.4,131.6,130.3
강남구 - 주민등록인구＜br＞(B),Statistics,,,,,,,,,,,556164.0,542364.0,545169.0
강동구 - 사업체수＜br＞(A),Statistics,,,,,,,,,,,29952.0,29772.0,29080.0
강동구 - 인구천명당 사업체수＜br＞(A÷B×1000),Statistics,,,,,,,,,,,68.7,69.6,66.7
강동구 - 주민등록인구＜br＞(B),Statistics,,,,,,,,,,,436223.0,427573.0,436067.0
강릉시 - 사업체수＜br＞(A),Statistics,,,,,,,,,,,20518.0,20875.0,21347.0
강릉시 - 인구천명당 사업체수＜br＞(A÷B×1000),Statistics,,,,,,,,,,,95.9,98.0,100.0
강릉시 - 주민등록인구＜br＞(B),Statistics,,,,,,,,,,,213952.0,212957.0,213442.0
강북구 - 사업체수＜br＞(A),Statistics,,,,,,,,,,,18928.0,18918.0,19014.0
강북구 - 인구천명당 사업체수＜br＞(A÷B×1000),Statistics,,,,,,,,,,,58.3,59.3,60.6
강북구 - 주민등록인구＜br＞(B),Statistics,,,,,,,,,,,324479.0,319164.0,313954.0
강서구 - 사업체수＜br＞(A),Statistics,,,,,,,,,,,36556.0,38524.0,39458.0
강서구 - 인구천명당 사업체수＜br＞(A÷B×1000),Statistics,,,,,,,,,,,60.8,64.5,66.7
강서구 - 주민등록인구＜br＞(B),Statistics,,,,,,,,,,,601691.0,596949.0,591796.0
강원특별자치도 - 사업체수＜br＞(A),Statistics,116705.0,117150.0,117569.0,118266.0,121273.0,125192.0,129403.0,133314.0,133517.0,136452.0,140058.0,143475.0,146815.0
강원특별자치도 - 인구천명당 사업체수＜br＞(A÷B×1000),Statistics,77.6,77.7,77.7,77.3,78.9,81.4,83.9,86.3,86.2,88.0,90.4,93.0,95.2
강원특별자치도 - 주민등록인구＜br＞(B),Statistics,1503806.0,1508575.0,1512870.0,1529818.0,1536448.0,1538630.0,1542263.0,1544442.0,1549507.0,1550806.0,1550142.0,1543052.0,1541502.0
강진군 - 사업체수＜br＞(A),Statistics,,,,,,,,,,,3208.0,3295.0,3462.0
강진군 - 인구천명당 사업체수＜br＞(A÷B×1000),Statistics,,,,,,,,,,,87.0,91.2,98.1
강진군 - 주민등록인구＜br＞(B),Statistics,,,,,,,,,,,36868.0,36144.0,35286.0
강화군 - 사업체수＜br＞(A),Statistics,,,,,,,,,,,5534.0,5745.0,6026.0
강화군 - 인구천명당 사업체수＜br＞(A÷B×1000),Statistics,,,,,,,,,,,80.5,83.4,87.1
강화군 - 주민등록인구＜br＞(B),Statistics,,,,,,,,,,,68754.0,68896.0,69178.0
거제시 - 사업체수＜br＞(A),Statistics,,,,,,,,,,,15765.0,16126.0,16408.0
거제시 - 인구천명당 사업체수＜br＞(A÷B×1000),Statistics,,,,,,,,,,,62.0,64.4,66.1
거제시 - 주민등록인구＜br＞(B),Statistics,,,,,,,,,,,254073.0,250516.0,248276.0
거창군 - 사업체수＜br＞(A),Statistics,,,,,,,,,,,4823.0,4911.0,5028.0
거창군 - 인구천명당 사업체수＜br＞(A÷B×1000),Statistics,,,,,,,,,,,76.8,78.6,80.9
거창군 - 주민등록인구＜br＞(B),Statistics,,,,,,,,,,,62763.0,62455.0,62179.0
경기도 - 사업체수＜br＞(A),Statistics,640490.0,651427.0,660007.0,687021.0,720850.0,751107.0,773215.0,810259.0,827983.0,856162.0,878275.0,909032.0,934349.0
경기도 - 인구천명당 사업체수＜br＞(A÷B×1000),Statistics,57.7,57.7,57.6,58.3,60.4,62.1,63.2,65.6,66.1,67.3,68.2,69.5,70.6
경기도 - 주민등록인구＜br＞(B),Statistics,11106211.0,11292264.0,11460610.0,11786622.0,11937415.0,12093299.0,12234630.0,12357830.0,12522606.0,12716780.0,12873895.0,13077153.0,13239666.0
경산시 - 사업체수＜br＞(A),Statistics,,,,,,,,,,,19735.0,20576.0,21183.0
경산시 - 인구천명당 사업체수＜br＞(A÷B×1000),Statistics,,,,,,,,,,,76.1,78.8,80.5
경산시 - 주민등록인구＜br＞(B),Statistics,,,,,,,,,,,259485.0,261093.0,263185.0
경상남도 - 사업체수＜br＞(A),Statistics,216280.0,218683.0,221507.0,224640.0,230794.0,242121.0,248911.0,258710.0,262947.0,268902.0,274490.0,281685.0,286752.0
경상남도 - 인구천명당 사업체수＜br＞(A÷B×1000),Statistics,67.7,67.8,68.2,68.3,69.8,72.9,74.7,77.2,78.1,79.7,81.2,83.5,85.3
경상남도 - 주민등록인구＜br＞(B),Statistics,3196953.0,3225255.0,3250176.0,3290536.0,3308765.0,3319314.0,3333820.0,3350257.0,3364702.0,3373871.0,3380404.0,3373988.0,3362553.0
경상북도 - 사업체수＜br＞(A),Statistics,183388.0,183406.0,184151.0,186690.0,193361.0,199544.0,205730.0,213809.0,218795.0,222536.0,226079.0,232030.0,236807.0
경상북도 - 인구천명당 사업체수＜br＞(A÷B×1000),Statistics,68.4,68.6,69.0,69.4,71.6,74.0,76.2,79.2,81.0,82.4,84.0,86.7,88.8
경상북도 - 주민등록인구＜br＞(B),Statistics,2681364.0,2673931.0,2669876.0,2689920.0,2699195.0,2698353.0,2699440.0,2700794.0,2702826.0,2700398.0,2691706.0,2676831.0,2665836.0
경주시 - 사업체수＜br＞(A),Statistics,,,,,,,,,,,24266.0,25188.0,26067.0
경주시 - 인구천명당 사업체수＜br＞(A÷B×1000),Statistics,,,,,,,,,,,94.1,98.1,102.1
경주시 - 주민등록인구＜br＞(B),Statistics,,,,,,,,,,,257903.0,256864.0,255402.0
계룡시 - 사업체수＜br＞(A),Statistics,,,,,,,,,,,2271.0,2329.0,2438.0
계룡시 - 인구천명당 사업체수＜br＞(A÷B×1000),Statistics,,,,,,,,,,,51.7,53.3,56.7
계룡시 - 주민등록인구＜br＞(B),Statistics,,,,,,,,,,,43967.0,43731.0,42971.0
계양구 - 사업체수＜br＞(A),Statistics,,,,,,,,,,,18109.0,18521.0,18712.0
계양구 - 인구천명당 사업체수＜br＞(A÷B×1000),Statistics,,,,,,,,,,,55.9,59.2,61.7
계양구 - 주민등록인구＜br＞(B),Statistics,,,,,,,,,,,323784.0,312680.0,303471.0
고령군 - 사업체수＜br＞(A),Statistics,,,,,,,,,,,3939.0,4025.0,4137.0
고령군 - 인구천명당 사업체수＜br＞(A÷B×1000),Statistics,,,,,,,,,,,116.6,122.1,127.8
고령군 - 주민등록인구＜br＞(B),Statistics,,,,,,,,,,,33768.0,32969.0,32373.0
고성군 - 사업체수＜br＞(A),Statistics,,,,,,,,,,,2878.0,2971.0,3070.0
고성군 - 인구천명당 사업체수＜br＞(A÷B×1000),Statistics,,,,,,,,,,,95.8,105.6,112.6
고성군 - 주민등록인구＜br＞(B),Statistics,,,,,,,,,,,30029.0,28144.0,27260.0
고양시 - 사업체수＜br＞(A),Statistics,,,,,,,,,,,66621.0,69255.0,69687.0
고양시 - 인구천명당 사업체수＜br＞(A÷B×1000),Statistics,,,,,,,,,,,63.9,66.3,65.4
고양시 - 주민등록인구＜br＞(B),Statistics,,,,,,,,,,,1041983.0,1044189.0,1066351.0
고창군 - 사업체수＜br＞(A),Statistics,,,,,,,,,,,5290.0,5367.0,5502.0
고창군 - 인구천명당 사업체수＜br＞(A÷B×1000),Statistics,,,,,,,,,,,87.5,94.1,99.1
고창군 - 주민등록인구＜br＞(B),Statistics,,,,,,,,,,,60472.0,57041.0,55504.0
고흥군 - 사업체수＜br＞(A),Statistics,,,,,,,,,,,5144.0,5233.0,5309.0
고흥군 - 인구천명당 사업체수＜br＞(A÷B×1000),Statistics,,,,,,,,,,,77.1,79.6,81.8
고흥군 - 주민등록인구＜br＞(B),Statistics,,,,,,,,,,,66736.0,65777.0,64913.0
곡성군 - 사업체수＜br＞(A),Statistics,,,,,,,,,,,2038.0,2104.0,2202.0
곡성군 - 인구천명당 사업체수＜br＞(A÷B×1000),Statistics,,,,,,,,,,,67.6,71.0,76.2
곡성군 - 주민등록인구＜br＞(B),Statistics,,,,,,,,,,,30131.0,29624.0,28887.0
공주시 - 사업체수＜br＞(A),Statistics,,,,,,,,,,,8983.0,9215.0,9459.0
공주시 - 인구천명당 사업체수＜br＞(A÷B×1000),Statistics,,,,,,,,,,,82.8,85.7,88.8
공주시 - 주민등록인구＜br＞(B),Statistics,,,,,,,,,,,108432.0,107581.0,106474.0
과천시 - 사업체수＜br＞(A),Statistics,,,,,,,,,,,3628.0,3675.0,3697.0
과천시 - 인구천명당 사업체수＜br＞(A÷B×1000),Statistics,,,,,,,,,,,63.1,63.2,63.4
과천시 - 주민등록인구＜br＞(B),Statistics,,,,,,,,,,,57527.0,58142.0,58289.0
관악구 - 사업체수＜br＞(A),Statistics,,,,,,,,,,,26374.0,26105.0,25505.0
관악구 - 인구천명당 사업체수＜br＞(A÷B×1000),Statistics,,,,,,,,,,,52.4,52.0,51.0
관악구 - 주민등록인구＜br＞(B),Statistics,,,,,,,,,,,503297.0,501957.0,500094.0
광명시 - 사업체수＜br＞(A),Statistics,,,,,,,,,,,19114.0,18990.0,18577.0
광명시 - 인구천명당 사업체수＜br＞(A÷B×1000),Statistics,,,,,,,,,,,57.4,58.1,58.7
광명시 - 주민등록인구＜br＞(B),Statistics,,,,,,,,,,,332790.0,326841.0,316552.0
광산구 - 사업체수＜br＞(A),Statistics,,,,,,,,,,,28579.0,29795.0,32061.0
광산구 - 인구천명당 사업체수＜br＞(A÷B×1000),Statistics,,,,,,,,,,,70.7,73.7,79.1
광산구 - 주민등록인구＜br＞(B),Statistics,,,,,,,,,,,404131.0,404547.0,405315.0
광양시 - 사업체수＜br＞(A),Statistics,,,,,,,,,,,11925.0,12231.0,12712.0
광양시 - 인구천명당 사업체수＜br＞(A÷B×1000),Statistics,,,,,,,,,,,76.5,78.1,81.1
광양시 - 주민등록인구＜br＞(B),Statistics,,,,,,,,,,,155857.0,156564.0,156750.0
광주광역시 - 사업체수＜br＞(A),Statistics,97111.0,97511.0,99148.0,99976.0,102386.0,105931.0,108808.0,111285.0,113424.0,116046.0,118409.0,119617.0,123706.0
광주광역시 - 인구천명당 사업체수＜br＞(A÷B×1000),Statistics,68.7,68.5,69.2,68.7,70.0,72.1,73.9,75.4,77.0,79.0,80.9,82.0,84.9
광주광역시 - 주민등록인구＜br＞(B),Statistics,1413444.0,1422702.0,1433640.0,1454636.0,1463464.0,1469216.0,1472910.0,1475884.0,1472199.0,1469214.0,1463770.0,1459336.0,1456468.0
광주시 - 사업체수＜br＞(A),Statistics,,,,,,,,,,,26597.0,27420.0,28195.0
광주시 - 인구천명당 사업체수＜br＞(A÷B×1000),Statistics,,,,,,,,,,,76.9,75.4,75.7
광주시 - 주민등록인구＜br＞(B),Statistics,,,,,,,,,,,345947.0,363782.0,372654.0
광진구 - 사업체수＜br＞(A),Statistics,,,,,,,,,,,24688.0,24535.0,24445.0
광진구 - 인구천명당 사업체수＜br＞(A÷B×1000),Statistics,,,,,,,,,,,69.0,69.0,69.6
광진구 - 주민등록인구＜br＞(B),Statistics,,,,,,,,,,,357703.0,355559.0,351350.0
괴산군 - 사업체수＜br＞(A),Statistics,,,,,,,,,,,2818.0,2901.0,3024.0
괴산군 - 인구천명당 사업체수＜br＞(A÷B×1000),Statistics,,,,,,,,,,,72.2,74.1,77.2
괴산군 - 주민등록인구＜br＞(B),Statistics,,,,,,,,,,,39054.0,39133.0,39163.0
구례군 - 사업체수＜br＞(A),Statistics,,,,,,,,,,,2251.0,2332.0,2381.0
구례군 - 인구천명당 사업체수＜br＞(A÷B×1000),Statistics,,,,,,,,,,,81.8,86.0,89.6
구례군 - 주민등록인구＜br＞(B),Statistics,,,,,,,,,,,27525.0,27117.0,26563.0
구로구 - 사업체수＜br＞(A),Statistics,,,,,,,,,,,38405.0,38553.0,38756.0
구로구 - 인구천명당 사업체수＜br＞(A÷B×1000),Statistics,,,,,,,,,,,93.5,95.3,95.3
구로구 - 주민등록인구＜br＞(B),Statistics,,,,,,,,,,,410742.0,404497.0,406664.0
구리시 - 사업체수＜br＞(A),Statistics,,,,,,,,,,,14201.0,14648.0,14826.0
구리시 - 인구천명당 사업체수＜br＞(A÷B×1000),Statistics,,,,,,,,,,,71.0,72.0,74.4
구리시 - 주민등록인구＜br＞(B),Statistics,,,,,,,,,,,200042.0,203553.0,199265.0
구미시 - 사업체수＜br＞(A),Statistics,,,,,,,,,,,34719.0,35624.0,36282.0
구미시 - 인구천명당 사업체수＜br＞(A÷B×1000),Statistics,,,,,,,,,,,82.3,84.5,86.4
구미시 - 주민등록인구＜br＞(B),Statistics,,,,,,,,,,,421799.0,421494.0,419742.0
군산시 - 사업체수＜br＞(A),Statistics,,,,,,,,,,,22174.0,22283.0,22440.0
군산시 - 인구천명당 사업체수＜br＞(A÷B×1000),Statistics,,,,,,,,,,,80.6,81.7,83.1
군산시 - 주민등록인구＜br＞(B),Statistics,,,,,,,,,,,274997.0,272645.0,270131.0
군위군 - 사업체수＜br＞(A),Statistics,,,,,,,,,,,1874.0,1920.0,1976.0
군위군 - 인구천명당 사업체수＜br＞(A÷B×1000),Statistics,,,,,,,,,,,77.4,80.3,82.9
군위군 - 주민등록인구＜br＞(B),Statistics,,,,,,,,,,,24215.0,23919.0,23843.0
군포시 - 사업체수＜br＞(A),Statistics,,,,,,,,,,,17286.0,17736.0,17973.0
군포시 - 인구천명당 사업체수＜br＞(A÷B×1000),Statistics,,,,,,,,,,,61.5,64.0,65.2
군포시 - 주민등록인구＜br＞(B),Statistics,,,,,,,,,,,281205.0,276916.0,275852.0
금산군 - 사업체수＜br＞(A),Statistics,,,,,,,,,,,5803.0,5896.0,6054.0
금산군 - 인구천명당 사업체수＜br＞(A÷B×1000),Statistics,,,,,,,,,,,107.7,110.8,115.9
금산군 - 주민등록인구＜br＞(B),Statistics,,,,,,,,,,,53894.0,53222.0,52257.0
금정구 - 사업체수＜br＞(A),Statistics,,,,,,,,,,,18008.0,18104.0,18025.0
금정구 - 인구천명당 사업체수＜br＞(A÷B×1000),Statistics,,,,,,,,,,,73.7,74.5,75.4
금정구 - 주민등록인구＜br＞(B),Statistics,,,,,,,,,,,244469.0,242956.0,239062.0
금천구 - 사업체수＜br＞(A),Statistics,,,,,,,,,,,31750.0,32472.0,33814.0
금천구 - 인구천명당 사업체수＜br＞(A÷B×1000),Statistics,,,,,,,,,,,135.0,138.8,145.2
금천구 - 주민등록인구＜br＞(B),Statistics,,,,,,,,,,,235154.0,233917.0,232810.0
기장군 - 사업체수＜br＞(A),Statistics,,,,,,,,,,,10712.0,11143.0,11509.0
기장군 - 인구천명당 사업체수＜br＞(A÷B×1000),Statistics,,,,,,,,,,,66.3,67.6,69.9
기장군 - 주민등록인구＜br＞(B),Statistics,,,,,,,,,,,161651.0,164864.0,164716.0
김제시 - 사업체수＜br＞(A),Statistics,,,,,,,,,,,7278.0,7468.0,7635.0
김제시 - 인구천명당 사업체수＜br＞(A÷B×1000),Statistics,,,,,,,,,,,83.7,87.5,91.0
김제시 - 주민등록인구＜br＞(B),Statistics,,,,,,,,,,,86926.0,85331.0,83895.0
김천시 - 사업체수＜br＞(A),Statistics,,,,,,,,,,,10408.0,10654.0,10885.0
김천시 - 인구천명당 사업체수＜br＞(A÷B×1000),Statistics,,,,,,,,,,,72.8,75.5,77.1
김천시 - 주민등록인구＜br＞(B),Statistics,,,,,,,,,,,142908.0,141104.0,141229.0
김포시 - 사업체수＜br＞(A),Statistics,,,,,,,,,,,28792.0,31385.0,34269.0
김포시 - 인구천명당 사업체수＜br＞(A÷B×1000),Statistics,,,,,,,,,,,73.4,74.2,78.4
김포시 - 주민등록인구＜br＞(B),Statistics,,,,,,,,,,,392092.0,423170.0,437221.0
김해시 - 사업체수＜br＞(A),Statistics,,,,,,,,,,,45057.0,46488.0,47914.0
김해시 - 인구천명당 사업체수＜br＞(A÷B×1000),Statistics,,,,,,,,,,,84.7,87.1,88.3
김해시 - 주민등록인구＜br＞(B),Statistics,,,,,,,,,,,532132.0,533672.0,542455.0
나주시 - 사업체수＜br＞(A),Statistics,,,,,,,,,,,8056.0,8704.0,9263.0
나주시 - 인구천명당 사업체수＜br＞(A÷B×1000),Statistics,,,,,,,,,,,73.2,76.5,80.8
나주시 - 주민등록인구＜br＞(B),Statistics,,,,,,,,,,,110110.0,113839.0,114664.0
남구 - 사업체수＜br＞(A),Statistics,,,,,,,,,,,16061.0,16552.0,16526.0
남구 - 인구천명당 사업체수＜br＞(A÷B×1000),Statistics,,,,,,,,,,,58.6,59.1,60.2
남구 - 주민등록인구＜br＞(B),Statistics,,,,,,,,,,,273854.0,279917.0,274480.0
남동구 - 사업체수＜br＞(A),Statistics,,,,,,,,,,,39513.0,40679.0,41071.0
남동구 - 인구천명당 사업체수＜br＞(A÷B×1000),Statistics,,,,,,,,,,,73.6,75.7,77.1
남동구 - 주민등록인구＜br＞(B),Statistics,,,,,,,,,,,536578.0,537161.0,532704.0
남양주시 - 사업체수＜br＞(A),Statistics,,,,,,,,,,,36939.0,38058.0,39232.0
남양주시 - 인구천명당 사업체수＜br＞(A÷B×1000),Statistics,,,,,,,,,,,55.5,55.8,55.9
남양주시 - 주민등록인구＜br＞(B),Statistics,,,,,,,,,,,665321.0,681828.0,701830.0
남원시 - 사업체수＜br＞(A),Statistics,,,,,,,,,,,7175.0,7166.0,7439.0
남원시 - 인구천명당 사업체수＜br＞(A÷B×1000),Statistics,,,,,,,,,,,86.2,86.8,91.3
남원시 - 주민등록인구＜br＞(B),Statistics,,,,,,,,,,,83281.0,82554.0,81441.0
남해군 - 사업체수＜br＞(A),Statistics,,,,,,,,,,,4569.0,4675.0,4743.0
남해군 - 인구천명당 사업체수＜br＞(A÷B×1000),Statistics,,,,,,,,,,,102.3,106.3,108.7
남해군 - 주민등록인구＜br＞(B),Statistics,,,,,,,,,,,44642.0,43990.0,43622.0
노원구 - 사업체수＜br＞(A),Statistics,,,,,,,,,,,26516.0,26616.0,26618.0
노원구 - 인구천명당 사업체수＜br＞(A÷B×1000),Statistics,,,,,,,,,,,47.8,48.9,49.9
노원구 - 주민등록인구＜br＞(B),Statistics,,,,,,,,,,,554403.0,543752.0,532905.0
논산시 - 사업체수＜br＞(A),Statistics,,,,,,,,,,,10569.0,10919.0,11598.0
논산시 - 인구천명당 사업체수＜br＞(A÷B×1000),Statistics,,,,,,,,,,,86.5,90.8,97.6
논산시 - 주민등록인구＜br＞(B),Statistics,,,,,,,,,,,122240.0,120230.0,118842.0
단양군 - 사업체수＜br＞(A),Statistics,,,,,,,,,,,3015.0,3122.0,3185.0
단양군 - 인구천명당 사업체수＜br＞(A÷B×1000),Statistics,,,,,,,,,,,99.8,103.2,107.0
단양군 - 주민등록인구＜br＞(B),Statistics,,,,,,,,,,,30215.0,30255.0,29756.0
달서구 - 사업체수＜br＞(A),Statistics,,,,,,,,,,,42931.0,42849.0,42679.0
달서구 - 인구천명당 사업체수＜br＞(A÷B×1000),Statistics,,,,,,,,,,,74.3,74.7,75.0
달서구 - 주민등록인구＜br＞(B),Statistics,,,,,,,,,,,578068.0,573413.0,568887.0
달성군 - 사업체수＜br＞(A),Statistics,,,,,,,,,,,17314.0,18071.0,18710.0
달성군 - 인구천명당 사업체수＜br＞(A÷B×1000),Statistics,,,,,,,,,,,71.1,72.1,72.9
달성군 - 주민등록인구＜br＞(B),Statistics,,,,,,,,,,,243375.0,250543.0,256540.0
담양군 - 사업체수＜br＞(A),Statistics,,,,,,,,,,,3800.0,4057.0,4279.0
담양군 - 인구천명당 사업체수＜br＞(A÷B×1000),Statistics,,,,,,,,,,,80.4,86.5,92.0
담양군 - 주민등록인구＜br＞(B),Statistics,,,,,,,,,,,47285.0,46917.0,46535.0
당진시 - 사업체수＜br＞(A),Statistics,,,,,,,,,,,12584.0,12942.0,13475.0
당진시 - 인구천명당 사업체수＜br＞(A÷B×1000),Statistics,,,,,,,,,,,75.2,77.1,80.7
당진시 - 주민등록인구＜br＞(B),Statistics,,,,,,,,,,,167439.0,167770.0,167042.0
대구광역시 - 사업체수＜br＞(A),Statistics,179904.0,178629.0,178765.0,183115.0,188300.0,192599.0,195716.0,198762.0,200069.0,205318.0,209376.0,210547.0,210944.0
대구광역시 - 인구천명당 사업체수＜br＞(A÷B×1000),Statistics,72.2,71.7,71.8,72.9,75.1,76.9,78.2,79.7,80.4,82.6,84.6,85.5,86.5
대구광역시 - 주민등록인구＜br＞(B),Statistics,2493261.0,2492724.0,2489781.0,2511676.0,2507271.0,2505644.0,2501588.0,2493264.0,2487829.0,2484557.0,2475231.0,2461769.0,2438031.0
대덕구 - 사업체수＜br＞(A),Statistics,,,,,,,,,,,18165.0,18131.0,18189.0
대덕구 - 인구천명당 사업체수＜br＞(A÷B×1000),Statistics,,,,,,,,,,,97.2,99.6,102.7
대덕구 - 주민등록인구＜br＞(B),Statistics,,,,,,,,,,,186902.0,181991.0,177031.0
대전광역시 - 사업체수＜br＞(A),Statistics,91097.0,92548.0,93176.0,95650.0,100474.0,104609.0,105676.0,109535.0,111815.0,113228.0,115423.0,117557.0,119628.0
대전광역시 - 인구천명당 사업체수＜br＞(A÷B×1000),Statistics,61.7,62.5,62.8,63.6,66.3,68.6,68.9,71.5,73.6,74.8,76.8,78.9,81.1
대전광역시 - 주민등록인구＜br＞(B),Statistics,1475659.0,1480895.0,1484180.0,1503664.0,1515603.0,1524583.0,1532811.0,1531809.0,1518775.0,1514370.0,1502227.0,1489936.0,1474870.0
도봉구 - 사업체수＜br＞(A),Statistics,,,,,,,,,,,18351.0,18894.0,18628.0
도봉구 - 인구천명당 사업체수＜br＞(A÷B×1000),Statistics,,,,,,,,,,,53.3,55.7,55.9
도봉구 - 주민등록인구＜br＞(B),Statistics,,,,,,,,,,,344166.0,339413.0,333362.0
동구 - 사업체수＜br＞(A),Statistics,,,,,,,,,,,13890.0,13880.0,13826.0
동구 - 인구천명당 사업체수＜br＞(A÷B×1000),Statistics,,,,,,,,,,,156.3,159.7,156.8
동구 - 주민등록인구＜br＞(B),Statistics,,,,,,,,,,,88868.0,86912.0,88165.0
동대문구 - 사업체수＜br＞(A),Statistics,,,,,,,,,,,32411.0,31878.0,31324.0
동대문구 - 인구천명당 사업체수＜br＞(A÷B×1000),Statistics,,,,,,,,,,,92.4,91.6,90.5
동대문구 - 주민등록인구＜br＞(B),Statistics,,,,,,,,,,,350647.0,348052.0,346194.0
동두천시 - 사업체수＜br＞(A),Statistics,,,,,,,,,,,6388.0,6568.0,6662.0
동두천시 - 인구천명당 사업체수＜br＞(A÷B×1000),Statistics,,,,,,,,,,,65.8,68.3,70.3
동두천시 - 주민등록인구＜br＞(B),Statistics,,,,,,,,,,,97071.0,96226.0,94768.0
동래구 - 사업체수＜br＞(A),Statistics,,,,,,,,,,,20304.0,20095.0,19596.0
동래구 - 인구천명당 사업체수＜br＞(A÷B×1000),Statistics,,,,,,,,,,,75.0,75.4,72.2
동래구 - 주민등록인구＜br＞(B),Statistics,,,,,,,,,,,270727.0,266515.0,271247.0
동작구 - 사업체수＜br＞(A),Statistics,,,,,,,,,,,19966.0,19916.0,19793.0
동작구 - 인구천명당 사업체수＜br＞(A÷B×1000),Statistics,,,,,,,,,,,50.4,50.3,50.0
동작구 - 주민등록인구＜br＞(B),Statistics,,,,,,,,,,,396217.0,396203.0,395963.0
동해시 - 사업체수＜br＞(A),Statistics,,,,,,,,,,,7985.0,8062.0,8159.0
동해시 - 인구천명당 사업체수＜br＞(A÷B×1000),Statistics,,,,,,,,,,,86.0,88.3,90.1
동해시 - 주민등록인구＜br＞(B),Statistics,,,,,,,,,,,92851.0,91272.0,90522.0
마포구 - 사업체수＜br＞(A),Statistics,,,,,,,,,,,36325.0,37232.0,37290.0
마포구 - 인구천명당 사업체수＜br＞(A÷B×1000),Statistics,,,,,,,,,,,96.9,99.3,99.7
마포구 - 주민등록인구＜br＞(B),Statistics,,,,,,,,,,,374915.0,375077.0,374035.0
목포시 - 사업체수＜br＞(A),Statistics,,,,,,,,,,,21463.0,21392.0,21738.0
목포시 - 인구천명당 사업체수＜br＞(A÷B×1000),Statistics,,,,,,,,,,,91.6,92.1,94.6
목포시 - 주민등록인구＜br＞(B),Statistics,,,,,,,,,,,234379.0,232327.0,229861.0
무안군 - 사업체수＜br＞(A),Statistics,,,,,,,,,,,5396.0,5577.0,5866.0
무안군 - 인구천명당 사업체수＜br＞(A÷B×1000),Statistics,,,,,,,,,,,65.1,68.0,72.3
무안군 - 주민등록인구＜br＞(B),Statistics,,,,,,,,,,,82872.0,81991.0,81105.0
무주군 - 사업체수＜br＞(A),Statistics,,,,,,,,,,,2278.0,2400.0,2512.0
무주군 - 인구천명당 사업체수＜br＞(A÷B×1000),Statistics,,,,,,,,,,,91.8,97.6,103.4
무주군 - 주민등록인구＜br＞(B),Statistics,,,,,,,,,,,24809.0,24589.0,24303.0
문경시 - 사업체수＜br＞(A),Statistics,,,,,,,,,,,6086.0,6279.0,6355.0
문경시 - 인구천명당 사업체수＜br＞(A÷B×1000),Statistics,,,,,,,,,,,83.0,87.4,88.0
문경시 - 주민등록인구＜br＞(B),Statistics,,,,,,,,,,,73294.0,71874.0,72242.0
미추홀구 - 사업체수＜br＞(A),Statistics,,,,,,,,,,,,27927.0,28017.0
미추홀구 - 인구천명당 사업체수＜br＞(A÷B×1000),Statistics,,,,,,,,,,,,67.0,68.5
미추홀구 - 주민등록인구＜br＞(B),Statistics,,,,,,,,,,,,416542.0,408862.0
밀양시 - 사업체수＜br＞(A),Statistics,,,,,,,,,,,9085.0,9415.0,9481.0
밀양시 - 인구천명당 사업체수＜br＞(A÷B×1000),Statistics,,,,,,,,,,,84.2,88.2,89.8
밀양시 - 주민등록인구＜br＞(B),Statistics,,,,,,,,,,,107898.0,106744.0,105552.0
보령시 - 사업체수＜br＞(A),Statistics,,,,,,,,,,,8739.0,8951.0,9060.0
보령시 - 인구천명당 사업체수＜br＞(A÷B×1000),Statistics,,,,,,,,,,,84.7,87.8,89.6
보령시 - 주민등록인구＜br＞(B),Statistics,,,,,,,,,,,103198.0,101990.0,101114.0
보성군 - 사업체수＜br＞(A),Statistics,,,,,,,,,,,3639.0,3635.0,3681.0
보성군 - 인구천명당 사업체수＜br＞(A÷B×1000),Statistics,,,,,,,,,,,83.2,84.9,88.9
보성군 - 주민등록인구＜br＞(B),Statistics,,,,,,,,,,,43755.0,42803.0,41420.0
보은군 - 사업체수＜br＞(A),Statistics,,,,,,,,,,,2986.0,3070.0,2999.0
보은군 - 인구천명당 사업체수＜br＞(A÷B×1000),Statistics,,,,,,,,,,,87.7,91.2,91.0
보은군 - 주민등록인구＜br＞(B),Statistics,,,,,,,,,,,34053.0,33680.0,32949.0
봉화군 - 사업체수＜br＞(A),Statistics,,,,,,,,,,,2494.0,2530.0,2602.0
봉화군 - 인구천명당 사업체수＜br＞(A÷B×1000),Statistics,,,,,,,,,,,75.0,77.0,80.9
봉화군 - 주민등록인구＜br＞(B),Statistics,,,,,,,,,,,33259.0,32843.0,32150.0
부산광역시 - 사업체수＜br＞(A),Statistics,262906.0,258091.0,259973.0,259972.0,263356.0,270058.0,271983.0,277713.0,278850.0,283554.0,286571.0,288860.0,290357.0
부산광역시 - 인구천명당 사업체수＜br＞(A÷B×1000),Statistics,73.3,72.4,73.4,72.9,74.2,76.3,77.1,78.9,79.4,81.0,82.6,83.9,85.1
부산광역시 - 주민등록인구＜br＞(B),Statistics,3587439.0,3564577.0,3543030.0,3567910.0,3550963.0,3538484.0,3527635.0,3519401.0,3513777.0,3498529.0,3470653.0,3441453.0,3413841.0
부산진구 - 사업체수＜br＞(A),Statistics,,,,,,,,,,,33579.0,33863.0,33696.0
부산진구 - 인구천명당 사업체수＜br＞(A÷B×1000),Statistics,,,,,,,,,,,90.3,93.5,94.2
부산진구 - 주민등록인구＜br＞(B),Statistics,,,,,,,,,,,371703.0,362357.0,357880.0
부안군 - 사업체수＜br＞(A),Statistics,,,,,,,,,,,4830.0,4959.0,4902.0
부안군 - 인구천명당 사업체수＜br＞(A÷B×1000),Statistics,,,,,,,,,,,86.1,91.1,92.0
부안군 - 주민등록인구＜br＞(B),Statistics,,,,,,,,,,,56086.0,54441.0,53295.0
부여군 - 사업체수＜br＞(A),Statistics,,,,,,,,,,,4940.0,4937.0,5087.0
부여군 - 인구천명당 사업체수＜br＞(A÷B×1000),Statistics,,,,,,,,,,,71.5,72.5,76.2
부여군 - 주민등록인구＜br＞(B),Statistics,,,,,,,,,,,69086.0,68078.0,66740.0
부천시 - 사업체수＜br＞(A),Statistics,,,,,,,,,,,60076.0,60413.0,61147.0
부천시 - 인구천명당 사업체수＜br＞(A÷B×1000),Statistics,,,,,,,,,,,70.7,71.6,73.7
부천시 - 주민등록인구＜br＞(B),Statistics,,,,,,,,,,,850329.0,843768.0,829996.0
부평구 - 사업체수＜br＞(A),Statistics,,,,,,,,,,,32277.0,32636.0,32420.0
부평구 - 인구천명당 사업체수＜br＞(A÷B×1000),Statistics,,,,,,,,,,,59.8,62.2,63.4
부평구 - 주민등록인구＜br＞(B),Statistics,,,,,,,,,,,539941.0,524640.0,511577.0
북구 - 사업체수＜br＞(A),Statistics,,,,,,,,,,,15251.0,15224.0,15111.0
북구 - 인구천명당 사업체수＜br＞(A÷B×1000),Statistics,,,,,,,,,,,50.3,51.3,51.9
북구 - 주민등록인구＜br＞(B),Statistics,,,,,,,,,,,302924.0,296952.0,291132.0
사상구 - 사업체수＜br＞(A),Statistics,,,,,,,,,,,28599.0,28388.0,28225.0
사상구 - 인구천명당 사업체수＜br＞(A÷B×1000),Statistics,,,,,,,,,,,124.8,127.1,129.4
사상구 - 주민등록인구＜br＞(B),Statistics,,,,,,,,,,,229219.0,223361.0,218094.0
사천시 - 사업체수＜br＞(A),Statistics,,,,,,,,,,,9944.0,10315.0,10478.0
사천시 - 인구천명당 사업체수＜br＞(A÷B×1000),Statistics,,,,,,,,,,,87.0,90.6,93.6
사천시 - 주민등록인구＜br＞(B),Statistics,,,,,,,,,,,114252.0,113888.0,111925.0
사하구 - 사업체수＜br＞(A),Statistics,,,,,,,,,,,22243.0,22189.0,22392.0
사하구 - 인구천명당 사업체수＜br＞(A÷B×1000),Statistics,,,,,,,,,,,66.7,67.7,69.8
사하구 - 주민등록인구＜br＞(B),Statistics,,,,,,,,,,,333301.0,327791.0,321004.0
산청군 - 사업체수＜br＞(A),Statistics,,,,,,,,,,,3122.0,3150.0,3174.0
산청군 - 인구천명당 사업체수＜br＞(A÷B×1000),Statistics,,,,,,,,,,,85.9,87.6,89.6
산청군 - 주민등록인구＜br＞(B),Statistics,,,,,,,,,,,36340.0,35952.0,35417.0
삼척시 - 사업체수＜br＞(A),Statistics,,,,,,,,,,,6652.0,6715.0,6838.0
삼척시 - 인구천명당 사업체수＜br＞(A÷B×1000),Statistics,,,,,,,,,,,97.1,98.3,101.7
삼척시 - 주민등록인구＜br＞(B),Statistics,,,,,,,,,,,68514.0,68326.0,67228.0
상주시 - 사업체수＜br＞(A),Statistics,,,,,,,,,,,7671.0,7804.0,7968.0
상주시 - 인구천명당 사업체수＜br＞(A÷B×1000),Statistics,,,,,,,,,,,76.0,77.8,79.1
상주시 - 주민등록인구＜br＞(B),Statistics,,,,,,,,,,,100947.0,100297.0,100688.0
서구 - 사업체수＜br＞(A),Statistics,,,,,,,,,,,9480.0,9368.0,9345.0
서구 - 인구천명당 사업체수＜br＞(A÷B×1000),Statistics,,,,,,,,,,,86.2,84.8,86.3
서구 - 주민등록인구＜br＞(B),Statistics,,,,,,,,,,,110039.0,110534.0,108229.0
서귀포시 - 사업체수＜br＞(A),Statistics,,,,,,,,,,,15462.0,16426.0,17463.0
서귀포시 - 인구천명당 사업체수＜br＞(A÷B×1000),Statistics,,,,,,,,,,,86.7,90.6,96.2
서귀포시 - 주민등록인구＜br＞(B),Statistics,,,,,,,,,,,178383.0,181245.0,181584.0
서대문구 - 사업체수＜br＞(A),Statistics,,,,,,,,,,,19852.0,19796.0,20095.0
서대문구 - 인구천명당 사업체수＜br＞(A÷B×1000),Statistics,,,,,,,,,,,63.5,63.8,64.9
서대문구 - 주민등록인구＜br＞(B),Statistics,,,,,,,,,,,312800.0,310313.0,309397.0
서산시 - 사업체수＜br＞(A),Statistics,,,,,,,,,,,12499.0,13024.0,13095.0
서산시 - 인구천명당 사업체수＜br＞(A÷B×1000),Statistics,,,,,,,,,,,72.8,74.8,75.0
서산시 - 주민등록인구＜br＞(B),Statistics,,,,,,,,,,,171678.0,174162.0,174690.0
서울특별시 - 사업체수＜br＞(A),Statistics,728614.0,719687.0,723086.0,729731.0,752285.0,780887.0,785094.0,812798.0,820658.0,820156.0,822863.0,823385.0,823624.0
서울특별시 - 인구천명당 사업체수＜br＞(A÷B×1000),Statistics,71.5,70.6,70.8,70.8,73.4,76.6,77.4,80.4,81.9,82.6,83.5,84.3,84.7
서울특별시 - 주민등록인구＜br＞(B),Statistics,10192710.0,10200827.0,10208302.0,10312545.0,10249679.0,10195318.0,10143645.0,10103233.0,10022181.0,9930616.0,9857426.0,9765623.0,9729107.0
서천군 - 사업체수＜br＞(A),Statistics,,,,,,,,,,,4722.0,4890.0,5003.0
서천군 - 인구천명당 사업체수＜br＞(A÷B×1000),Statistics,,,,,,,,,,,85.6,90.7,94.7
서천군 - 주민등록인구＜br＞(B),Statistics,,,,,,,,,,,55175.0,53922.0,52805.0
서초구 - 사업체수＜br＞(A),Statistics,,,,,,,,,,,46207.0,46540.0,46940.0
서초구 - 인구천명당 사업체수＜br＞(A÷B×1000),Statistics,,,,,,,,,,,104.8,107.2,109.0
서초구 - 주민등록인구＜br＞(B),Statistics,,,,,,,,,,,441102.0,433951.0,430826.0
성남시 - 사업체수＜br＞(A),Statistics,,,,,,,,,,,64188.0,65511.0,66333.0
성남시 - 인구천명당 사업체수＜br＞(A÷B×1000),Statistics,,,,,,,,,,,66.3,68.6,70.4
성남시 - 주민등록인구＜br＞(B),Statistics,,,,,,,,,,,967510.0,954347.0,942724.0
성동구 - 사업체수＜br＞(A),Statistics,,,,,,,,,,,27278.0,27868.0,28343.0
성동구 - 인구천명당 사업체수＜br＞(A÷B×1000),Statistics,,,,,,,,,,,89.5,90.4,94.2
성동구 - 주민등록인구＜br＞(B),Statistics,,,,,,,,,,,304808.0,308221.0,300889.0
성북구 - 사업체수＜br＞(A),Statistics,,,,,,,,,,,24039.0,23287.0,23617.0
성북구 - 인구천명당 사업체수＜br＞(A÷B×1000),Statistics,,,,,,,,,,,54.1,53.4,53.4
성북구 - 주민등록인구＜br＞(B),Statistics,,,,,,,,,,,444055.0,435868.0,442650.0
성주군 - 사업체수＜br＞(A),Statistics,,,,,,,,,,,4333.0,4478.0,4436.0
성주군 - 인구천명당 사업체수＜br＞(A÷B×1000),Statistics,,,,,,,,,,,96.0,100.2,100.8
성주군 - 주민등록인구＜br＞(B),Statistics,,,,,,,,,,,45138.0,44672.0,44015.0
세종특별자치시 - 사업체수＜br＞(A),Statistics,,,,,,6640.0,7468.0,9124.0,10480.0,11853.0,13668.0,15871.0,18041.0
세종특별자치시 - 인구천명당 사업체수＜br＞(A÷B×1000),Statistics,,,,,,58.7,61.1,58.4,49.7,48.8,48.8,50.5,53.0
세종특별자치시 - 주민등록인구＜br＞(B),Statistics,,,,,,113117.0,122153.0,156125.0,210884.0,243048.0,280100.0,314126.0,340575.0
속초시 - 사업체수＜br＞(A),Statistics,,,,,,,,,,,8603.0,8815.0,9068.0
속초시 - 인구천명당 사업체수＜br＞(A÷B×1000),Statistics,,,,,,,,,,,104.6,107.9,110.9
속초시 - 주민등록인구＜br＞(B),Statistics,,,,,,,,,,,82273.0,81682.0,81786.0
송파구 - 사업체수＜br＞(A),Statistics,,,,,,,,,,,46676.0,47772.0,48644.0
송파구 - 인구천명당 사업체수＜br＞(A÷B×1000),Statistics,,,,,,,,,,,70.2,71.7,72.0
송파구 - 주민등록인구＜br＞(B),Statistics,,,,,,,,,,,664496.0,666635.0,675961.0
수성구 - 사업체수＜br＞(A),Statistics,,,,,,,,,,,27466.0,27557.0,27563.0
수성구 - 인구천명당 사업체수＜br＞(A÷B×1000),Statistics,,,,,,,,,,,62.5,63.7,64.3
수성구 - 주민등록인구＜br＞(B),Statistics,,,,,,,,,,,439211.0,432759.0,428614.0
수영구 - 사업체수＜br＞(A),Statistics,,,,,,,,,,,13443.0,13675.0,13947.0
수영구 - 인구천명당 사업체수＜br＞(A÷B×1000),Statistics,,,,,,,,,,,74.7,77.6,79.2
수영구 - 주민등록인구＜br＞(B),Statistics,,,,,,,,,,,179996.0,176246.0,176148.0
수원시 - 사업체수＜br＞(A),Statistics,,,,,,,,,,,71898.0,73441.0,74015.0
수원시 - 인구천명당 사업체수＜br＞(A÷B×1000),Statistics,,,,,,,,,,,59.8,61.1,62.0
수원시 - 주민등록인구＜br＞(B),Statistics,,,,,,,,,,,1202628.0,1201166.0,1194465.0
순창군 - 사업체수＜br＞(A),Statistics,,,,,,,,,,,2150.0,2149.0,2132.0
순창군 - 인구천명당 사업체수＜br＞(A÷B×1000),Statistics,,,,,,,,,,,72.4,73.6,75.1
순창군 - 주민등록인구＜br＞(B),Statistics,,,,,,,,,,,29698.0,29209.0,28382.0
순천시 - 사업체수＜br＞(A),Statistics,,,,,,,,,,,22685.0,23003.0,23797.0
순천시 - 인구천명당 사업체수＜br＞(A÷B×1000),Statistics,,,,,,,,,,,81.2,82.3,85.1
순천시 - 주민등록인구＜br＞(B),Statistics,,,,,,,,,,,279331.0,279389.0,279598.0
시흥시 - 사업체수＜br＞(A),Statistics,,,,,,,,,,,39810.0,41471.0,43361.0
시흥시 - 인구천명당 사업체수＜br＞(A÷B×1000),Statistics,,,,,,,,,,,94.9,92.4,91.5
시흥시 - 주민등록인구＜br＞(B),Statistics,,,,,,,,,,,419664.0,448687.0,473682.0
신안군 - 사업체수＜br＞(A),Statistics,,,,,,,,,,,3118.0,3118.0,3104.0
신안군 - 인구천명당 사업체수＜br＞(A÷B×1000),Statistics,,,,,,,,,,,74.1,75.6,77.1
신안군 - 주민등록인구＜br＞(B),Statistics,,,,,,,,,,,42070.0,41263.0,40274.0
아산시 - 사업체수＜br＞(A),Statistics,,,,,,,,,,,21385.0,22321.0,22655.0
아산시 - 인구천명당 사업체수＜br＞(A÷B×1000),Statistics,,,,,,,,,,,68.7,71.4,72.1
아산시 - 주민등록인구＜br＞(B),Statistics,,,,,,,,,,,311453.0,312822.0,314395.0
안동시 - 사업체수＜br＞(A),Statistics,,,,,,,,,,,13817.0,14037.0,14098.0
안동시 - 인구천명당 사업체수＜br＞(A÷B×1000),Statistics,,,,,,,,,,,83.1,86.6,88.1
안동시 - 주민등록인구＜br＞(B),Statistics,,,,,,,,,,,166272.0,162180.0,160052.0
안산시 - 사업체수＜br＞(A),Statistics,,,,,,,,,,,53403.0,54193.0,54200.0
안산시 - 인구천명당 사업체수＜br＞(A÷B×1000),Statistics,,,,,,,,,,,78.8,82.1,83.3
안산시 - 주민등록인구＜br＞(B),Statistics,,,,,,,,,,,677710.0,660343.0,650918.0
안성시 - 사업체수＜br＞(A),Statistics,,,,,,,,,,,14442.0,14982.0,15884.0
안성시 - 인구천명당 사업체수＜br＞(A÷B×1000),Statistics,,,,,,,,,,,79.0,81.6,86.6
안성시 - 주민등록인구＜br＞(B),Statistics,,,,,,,,,,,182786.0,183579.0,183405.0
안양시 - 사업체수＜br＞(A),Statistics,,,,,,,,,,,44814.0,44824.0,45375.0
안양시 - 인구천명당 사업체수＜br＞(A÷B×1000),Statistics,,,,,,,,,,,76.2,77.7,80.0
안양시 - 주민등록인구＜br＞(B),Statistics,,,,,,,,,,,587764.0,576831.0,567044.0
양구군 - 사업체수＜br＞(A),Statistics,,,,,,,,,,,1956.0,2022.0,2128.0
양구군 - 인구천명당 사업체수＜br＞(A÷B×1000),Statistics,,,,,,,,,,,82.1,86.4,93.5
양구군 - 주민등록인구＜br＞(B),Statistics,,,,,,,,,,,23835.0,23408.0,22764.0
양산시 - 사업체수＜br＞(A),Statistics,,,,,,,,,,,24979.0,26443.0,27426.0
양산시 - 인구천명당 사업체수＜br＞(A÷B×1000),Statistics,,,,,,,,,,,73.8,75.8,78.2
양산시 - 주민등록인구＜br＞(B),Statistics,,,,,,,,,,,338535.0,348639.0,350759.0
양양군 - 사업체수＜br＞(A),Statistics,,,,,,,,,,,3901.0,4050.0,4105.0
양양군 - 인구천명당 사업체수＜br＞(A÷B×1000),Statistics,,,,,,,,,,,143.4,148.1,148.1
양양군 - 주민등록인구＜br＞(B),Statistics,,,,,,,,,,,27207.0,27347.0,27726.0
양주시 - 사업체수＜br＞(A),Statistics,,,,,,,,,,,16952.0,17558.0,18597.0
양주시 - 인구천명당 사업체수＜br＞(A÷B×1000),Statistics,,,,,,,,,,,79.9,80.9,83.7
양주시 - 주민등록인구＜br＞(B),Statistics,,,,,,,,,,,212146.0,216951.0,222314.0
양천구 - 사업체수＜br＞(A),Statistics,,,,,,,,,,,26077.0,26126.0,25894.0
양천구 - 인구천명당 사업체수＜br＞(A÷B×1000),Statistics,,,,,,,,,,,55.3,56.3,56.5
양천구 - 주민등록인구＜br＞(B),Statistics,,,,,,,,,,,471154.0,464185.0,458165.0
양평군 - 사업체수＜br＞(A),Statistics,,,,,,,,,,,7851.0,8080.0,8362.0
양평군 - 인구천명당 사업체수＜br＞(A÷B×1000),Statistics,,,,,,,,,,,68.2,69.6,71.5
양평군 - 주민등록인구＜br＞(B),Statistics,,,,,,,,,,,115105.0,116095.0,116874.0
여수시 - 사업체수＜br＞(A),Statistics,,,,,,,,,,,23576.0,24379.0,24978.0
여수시 - 인구천명당 사업체수＜br＞(A÷B×1000),Statistics,,,,,,,,,,,82.3,86.1,88.3
여수시 - 주민등록인구＜br＞(B),Statistics,,,,,,,,,,,286382.0,283300.0,282786.0
여주시 - 사업체수＜br＞(A),Statistics,,,,,,,,,,,8683.0,9077.0,9287.0
여주시 - 인구천명당 사업체수＜br＞(A÷B×1000),Statistics,,,,,,,,,,,77.5,81.4,83.6
여주시 - 주민등록인구＜br＞(B),Statistics,,,,,,,,,,,111984.0,111525.0,111083.0
연수구 - 사업체수＜br＞(A),Statistics,,,,,,,,,,,18533.0,19191.0,19802.0
연수구 - 인구천명당 사업체수＜br＞(A÷B×1000),Statistics,,,,,,,,,,,55.3,55.4,54.0
연수구 - 주민등록인구＜br＞(B),Statistics,,,,,,,,,,,335142.0,346359.0,366550.0
연제구 - 사업체수＜br＞(A),Statistics,,,,,,,,,,,16682.0,16661.0,16876.0
연제구 - 인구천명당 사업체수＜br＞(A÷B×1000),Statistics,,,,,,,,,,,80.7,80.2,80.6
연제구 - 주민등록인구＜br＞(B),Statistics,,,,,,,,,,,206742.0,207840.0,209395.0
연천군 - 사업체수＜br＞(A),Statistics,,,,,,,,,,,3659.0,3661.0,3841.0
연천군 - 인구천명당 사업체수＜br＞(A÷B×1000),Statistics,,,,,,,,,,,80.5,82.0,87.6
연천군 - 주민등록인구＜br＞(B),Statistics,,,,,,,,,,,45431.0,44633.0,43824.0
영광군 - 사업체수＜br＞(A),Statistics,,,,,,,,,,,4719.0,4750.0,4775.0
영광군 - 인구천명당 사업체수＜br＞(A÷B×1000),Statistics,,,,,,,,,,,86.2,87.8,88.7
영광군 - 주민등록인구＜br＞(B),Statistics,,,,,,,,,,,54774.0,54127.0,53852.0
영덕군 - 사업체수＜br＞(A),Statistics,,,,,,,,,,,3801.0,3907.0,4001.0
영덕군 - 인구천명당 사업체수＜br＞(A÷B×1000),Statistics,,,,,,,,,,,98.7,102.5,107.1
영덕군 - 주민등록인구＜br＞(B),Statistics,,,,,,,,,,,38529.0,38108.0,37361.0
영도구 - 사업체수＜br＞(A),Statistics,,,,,,,,,,,9282.0,9270.0,9394.0
영도구 - 인구천명당 사업체수＜br＞(A÷B×1000),Statistics,,,,,,,,,,,75.1,77.2,80.5
영도구 - 주민등록인구＜br＞(B),Statistics,,,,,,,,,,,123521.0,120109.0,116711.0
영동군 - 사업체수＜br＞(A),Statistics,,,,,,,,,,,3633.0,3691.0,3776.0
영동군 - 인구천명당 사업체수＜br＞(A÷B×1000),Statistics,,,,,,,,,,,72.3,74.2,77.5
영동군 - 주민등록인구＜br＞(B),Statistics,,,,,,,,,,,50240.0,49715.0,48738.0
영등포구 - 사업체수＜br＞(A),Statistics,,,,,,,,,,,43163.0,42589.0,42370.0
영등포구 - 인구천명당 사업체수＜br＞(A÷B×1000),Statistics,,,,,,,,,,,117.1,115.8,115.2
영등포구 - 주민등록인구＜br＞(B),Statistics,,,,,,,,,,,368550.0,367778.0,367678.0
영암군 - 사업체수＜br＞(A),Statistics,,,,,,,,,,,4627.0,4752.0,4938.0
영암군 - 인구천명당 사업체수＜br＞(A÷B×1000),Statistics,,,,,,,,,,,83.2,86.8,90.5
영암군 - 주민등록인구＜br＞(B),Statistics,,,,,,,,,,,55616.0,54731.0,54593.0
영양군 - 사업체수＜br＞(A),Statistics,,,,,,,,,,,1312.0,1342.0,1353.0
영양군 - 인구천명당 사업체수＜br＞(A÷B×1000),Statistics,,,,,,,,,,,75.1,77.3,79.6
영양군 - 주민등록인구＜br＞(B),Statistics,,,,,,,,,,,17479.0,17356.0,16993.0
영월군 - 사업체수＜br＞(A),Statistics,,,,,,,,,,,3769.0,3865.0,3956.0
영월군 - 인구천명당 사업체수＜br＞(A÷B×1000),Statistics,,,,,,,,,,,94.1,97.3,101.1
영월군 - 주민등록인구＜br＞(B),Statistics,,,,,,,,,,,40067.0,39730.0,39127.0
영주시 - 사업체수＜br＞(A),Statistics,,,,,,,,,,,9604.0,9636.0,9801.0
영주시 - 인구천명당 사업체수＜br＞(A÷B×1000),Statistics,,,,,,,,,,,88.6,90.2,93.3
영주시 - 주민등록인구＜br＞(B),Statistics,,,,,,,,,,,108371.0,106801.0,105067.0
영천시 - 사업체수＜br＞(A),Statistics,,,,,,,,,,,8730.0,8914.0,8996.0
영천시 - 인구천명당 사업체수＜br＞(A÷B×1000),Statistics,,,,,,,,,,,86.8,87.7,87.8
영천시 - 주민등록인구＜br＞(B),Statistics,,,,,,,,,,,100615.0,101595.0,102470.0
예산군 - 사업체수＜br＞(A),Statistics,,,,,,,,,,,6918.0,7087.0,7272.0
예산군 - 인구천명당 사업체수＜br＞(A÷B×1000),Statistics,,,,,,,,,,,86.1,88.5,91.8
예산군 - 주민등록인구＜br＞(B),Statistics,,,,,,,,,,,80338.0,80083.0,79238.0
예천군 - 사업체수＜br＞(A),Statistics,,,,,,,,,,,3321.0,3504.0,3737.0
예천군 - 인구천명당 사업체수＜br＞(A÷B×1000),Statistics,,,,,,,,,,,67.4,65.8,67.8
예천군 - 주민등록인구＜br＞(B),Statistics,,,,,,,,,,,49253.0,53274.0,55100.0
오산시 - 사업체수＜br＞(A),Statistics,,,,,,,,,,,12356.0,13050.0,13167.0
오산시 - 인구천명당 사업체수＜br＞(A÷B×1000),Statistics,,,,,,,,,,,57.9,59.3,58.2
오산시 - 주민등록인구＜br＞(B),Statistics,,,,,,,,,,,213437.0,220070.0,226379.0
옥천군 - 사업체수＜br＞(A),Statistics,,,,,,,,,,,4060.0,4118.0,4227.0
옥천군 - 인구천명당 사업체수＜br＞(A÷B×1000),Statistics,,,,,,,,,,,78.4,80.0,82.8
옥천군 - 주민등록인구＜br＞(B),Statistics,,,,,,,,,,,51766.0,51465.0,51023.0
옹진군 - 사업체수＜br＞(A),Statistics,,,,,,,,,,,1897.0,1984.0,2082.0
옹진군 - 인구천명당 사업체수＜br＞(A÷B×1000),Statistics,,,,,,,,,,,87.9,94.3,101.2
옹진군 - 주민등록인구＜br＞(B),Statistics,,,,,,,,,,,21573.0,21036.0,20566.0
완도군 - 사업체수＜br＞(A),Statistics,,,,,,,,,,,4477.0,4599.0,4798.0
완도군 - 인구천명당 사업체수＜br＞(A÷B×1000),Statistics,,,,,,,,,,,85.9,89.3,94.7
완도군 - 주민등록인구＜br＞(B),Statistics,,,,,,,,,,,52109.0,51477.0,50689.0
완주군 - 사업체수＜br＞(A),Statistics,,,,,,,,,,,6763.0,7109.0,7331.0
완주군 - 인구천명당 사업체수＜br＞(A÷B×1000),Statistics,,,,,,,,,,,70.5,75.3,79.5
완주군 - 주민등록인구＜br＞(B),Statistics,,,,,,,,,,,95975.0,94444.0,92220.0
용산구 - 사업체수＜br＞(A),Statistics,,,,,,,,,,,20806.0,20813.0,20254.0
용산구 - 인구천명당 사업체수＜br＞(A÷B×1000),Statistics,,,,,,,,,,,90.8,90.9,88.6
용산구 - 주민등록인구＜br＞(B),Statistics,,,,,,,,,,,229161.0,228999.0,228670.0
용인시 - 사업체수＜br＞(A),Statistics,,,,,,,,,,,49635.0,52723.0,55828.0
용인시 - 인구천명당 사업체수＜br＞(A÷B×1000),Statistics,,,,,,,,,,,49.4,50.9,52.7
용인시 - 주민등록인구＜br＞(B),Statistics,,,,,,,,,,,1004081.0,1035126.0,1059609.0
울릉군 - 사업체수＜br＞(A),Statistics,,,,,,,,,,,1254.0,1253.0,1308.0
울릉군 - 인구천명당 사업체수＜br＞(A÷B×1000),Statistics,,,,,,,,,,,125.7,127.4,136.0
울릉군 - 주민등록인구＜br＞(B),Statistics,,,,,,,,,,,9975.0,9832.0,9617.0
울산광역시 - 사업체수＜br＞(A),Statistics,67169.0,67843.0,68654.0,70746.0,73417.0,74578.0,76993.0,78638.0,80805.0,82948.0,83872.0,85662.0,87054.0
울산광역시 - 인구천명당 사업체수＜br＞(A÷B×1000),Statistics,61.1,61.0,61.6,62.8,64.7,65.0,66.6,67.4,68.9,70.8,72.0,74.1,75.8
울산광역시 - 주민등록인구＜br＞(B),Statistics,1099995.0,1112407.0,1114866.0,1126298.0,1135494.0,1147256.0,1156480.0,1166377.0,1173534.0,1172304.0,1165132.0,1155623.0,1148019.0
울주군 - 사업체수＜br＞(A),Statistics,,,,,,,,,,,16335.0,16625.0,17238.0
울주군 - 인구천명당 사업체수＜br＞(A÷B×1000),Statistics,,,,,,,,,,,74.0,74.9,77.2
울주군 - 주민등록인구＜br＞(B),Statistics,,,,,,,,,,,220718.0,221842.0,223167.0
울진군 - 사업체수＜br＞(A),Statistics,,,,,,,,,,,4577.0,4721.0,4837.0
울진군 - 인구천명당 사업체수＜br＞(A÷B×1000),Statistics,,,,,,,,,,,89.8,94.4,98.1
울진군 - 주민등록인구＜br＞(B),Statistics,,,,,,,,,,,50974.0,50036.0,49314.0
원주시 - 사업체수＜br＞(A),Statistics,,,,,,,,,,,29126.0,30061.0,30729.0
원주시 - 인구천명당 사업체수＜br＞(A÷B×1000),Statistics,,,,,,,,,,,85.3,87.4,88.0
원주시 - 주민등록인구＜br＞(B),Statistics,,,,,,,,,,,341337.0,344070.0,349215.0
유성구 - 사업체수＜br＞(A),Statistics,,,,,,,,,,,23062.0,23960.0,25222.0
유성구 - 인구천명당 사업체수＜br＞(A÷B×1000),Statistics,,,,,,,,,,,66.2,68.5,72.2
유성구 - 주민등록인구＜br＞(B),Statistics,,,,,,,,,,,348428.0,349790.0,349373.0
은평구 - 사업체수＜br＞(A),Statistics,,,,,,,,,,,24561.0,24873.0,24681.0
은평구 - 인구천명당 사업체수＜br＞(A÷B×1000),Statistics,,,,,,,,,,,50.5,51.5,51.4
은평구 - 주민등록인구＜br＞(B),Statistics,,,,,,,,,,,486794.0,483197.0,480032.0
음성군 - 사업체수＜br＞(A),Statistics,,,,,,,,,,,9361.0,9650.0,10224.0
음성군 - 인구천명당 사업체수＜br＞(A÷B×1000),Statistics,,,,,,,,,,,96.2,100.7,107.6
음성군 - 주민등록인구＜br＞(B),Statistics,,,,,,,,,,,97306.0,95830.0,94982.0
의령군 - 사업체수＜br＞(A),Statistics,,,,,,,,,,,1939.0,2030.0,2112.0
의령군 - 인구천명당 사업체수＜br＞(A÷B×1000),Statistics,,,,,,,,,,,69.6,73.4,77.7
의령군 - 주민등록인구＜br＞(B),Statistics,,,,,,,,,,,27849.0,27667.0,27168.0
의성군 - 사업체수＜br＞(A),Statistics,,,,,,,,,,,3981.0,4072.0,4282.0
의성군 - 인구천명당 사업체수＜br＞(A÷B×1000),Statistics,,,,,,,,,,,74.4,76.9,81.4
의성군 - 주민등록인구＜br＞(B),Statistics,,,,,,,,,,,53474.0,52944.0,52595.0
의왕시 - 사업체수＜br＞(A),Statistics,,,,,,,,,,,8602.0,8959.0,9204.0
의왕시 - 인구천명당 사업체수＜br＞(A÷B×1000),Statistics,,,,,,,,,,,55.2,58.2,57.1
의왕시 - 주민등록인구＜br＞(B),Statistics,,,,,,,,,,,155767.0,153932.0,161153.0
의정부시 - 사업체수＜br＞(A),Statistics,,,,,,,,,,,26316.0,27028.0,26642.0
의정부시 - 인구천명당 사업체수＜br＞(A÷B×1000),Statistics,,,,,,,,,,,59.6,60.5,59.0
의정부시 - 주민등록인구＜br＞(B),Statistics,,,,,,,,,,,441584.0,447026.0,451868.0
이천시 - 사업체수＜br＞(A),Statistics,,,,,,,,,,,16241.0,16757.0,16790.0
이천시 - 인구천명당 사업체수＜br＞(A÷B×1000),Statistics,,,,,,,,,,,76.2,78.2,77.8
이천시 - 주민등록인구＜br＞(B),Statistics,,,,,,,,,,,213142.0,214206.0,215834.0
익산시 - 사업체수＜br＞(A),Statistics,,,,,,,,,,,22885.0,23291.0,23835.0
익산시 - 인구천명당 사업체수＜br＞(A÷B×1000),Statistics,,,,,,,,,,,76.2,79.2,82.8
익산시 - 주민등록인구＜br＞(B),Statistics,,,,,,,,,,,300187.0,294062.0,287771.0
인제군 - 사업체수＜br＞(A),Statistics,,,,,,,,,,,3324.0,3413.0,3492.0
인제군 - 인구천명당 사업체수＜br＞(A÷B×1000),Statistics,,,,,,,,,,,102.0,106.2,110.3
인제군 - 주민등록인구＜br＞(B),Statistics,,,,,,,,,,,32582.0,32136.0,31672.0
인천광역시 - 사업체수＜br＞(A),Statistics,158698.0,157979.0,159595.0,163653.0,169419.0,177196.0,177988.0,183593.0,186011.0,191566.0,196705.0,202493.0,206244.0
인천광역시 - 인구천명당 사업체수＜br＞(A÷B×1000),Statistics,59.6,58.7,58.9,59.3,60.5,62.3,61.8,63.3,63.6,65.1,66.7,68.5,69.7
인천광역시 - 주민등록인구＜br＞(B),Statistics,2664576.0,2692696.0,2710579.0,2758296.0,2801274.0,2843981.0,2879782.0,2902608.0,2925815.0,2943069.0,2948542.0,2954642.0,2957026.0
임실군 - 사업체수＜br＞(A),Statistics,,,,,,,,,,,2162.0,2178.0,2257.0
임실군 - 인구천명당 사업체수＜br＞(A÷B×1000),Statistics,,,,,,,,,,,71.7,72.4,78.1
임실군 - 주민등록인구＜br＞(B),Statistics,,,,,,,,,,,30162.0,30072.0,28902.0
장성군 - 사업체수＜br＞(A),Statistics,,,,,,,,,,,3347.0,3519.0,3714.0
장성군 - 인구천명당 사업체수＜br＞(A÷B×1000),Statistics,,,,,,,,,,,72.6,76.8,81.2
장성군 - 주민등록인구＜br＞(B),Statistics,,,,,,,,,,,46111.0,45795.0,45739.0
장수군 - 사업체수＜br＞(A),Statistics,,,,,,,,,,,1474.0,1533.0,1589.0
장수군 - 인구천명당 사업체수＜br＞(A÷B×1000),Statistics,,,,,,,,,,,64.1,66.0,70.8
장수군 - 주민등록인구＜br＞(B),Statistics,,,,,,,,,,,23003.0,23221.0,22441.0
장흥군 - 사업체수＜br＞(A),Statistics,,,,,,,,,,,3724.0,3867.0,4053.0
장흥군 - 인구천명당 사업체수＜br＞(A÷B×1000),Statistics,,,,,,,,,,,92.8,98.4,105.1
장흥군 - 주민등록인구＜br＞(B),Statistics,,,,,,,,,,,40136.0,39312.0,38563.0
전국 - 사업체수＜br＞(A),Statistics,3262921.0,3264776.0,3293551.0,3355459.0,3470023.0,3602461.0,3676859.0,3812800.0,3874156.0,3950169.0,4019872.0,4103172.0,4176549.0
전국 - 인구천명당 사업체수＜br＞(A÷B×1000),Statistics,66.2,65.9,66.2,66.4,68.4,70.7,71.9,74.3,75.2,76.4,77.6,79.2,80.6
전국 - 주민등록인구＜br＞(B),Statistics,49268928.0,49540367.0,49773145.0,50515666.0,50734284.0,50948272.0,51141463.0,51327916.0,51529338.0,51696216.0,51778544.0,51826059.0,51849861.0
전라남도 - 사업체수＜br＞(A),Statistics,124763.0,124286.0,124750.0,125395.0,128465.0,132892.0,136888.0,142931.0,147196.0,149713.0,153280.0,156914.0,161883.0
전라남도 - 인구천명당 사업체수＜br＞(A÷B×1000),Statistics,64.6,64.8,65.2,65.4,67.1,69.6,71.8,75.0,77.1,78.6,80.8,83.3,86.6
전라남도 - 주민등록인구＜br＞(B),Statistics,1929836.0,1919000.0,1913004.0,1918485.0,1914339.0,1909618.0,1907172.0,1905780.0,1908996.0,1903914.0,1896424.0,1882970.0,1868745.0
전북특별자치도 - 사업체수＜br＞(A),Statistics,120061.0,119820.0,122657.0,124703.0,128738.0,135997.0,139654.0,144900.0,146652.0,147502.0,148269.0,151011.0,154082.0
전북특별자치도 - 인구천명당 사업체수＜br＞(A÷B×1000),Statistics,64.5,64.6,66.1,66.7,68.7,72.6,74.6,77.4,78.4,79.1,79.9,82.2,84.7
전북특별자치도 - 주민등록인구＜br＞(B),Statistics,1862277.0,1855772.0,1854508.0,1868963.0,1874031.0,1873341.0,1872965.0,1871560.0,1869711.0,1864791.0,1854607.0,1836832.0,1818917.0
전주시 - 사업체수＜br＞(A),Statistics,,,,,,,,,,,52839.0,53859.0,55159.0
전주시 - 인구천명당 사업체수＜br＞(A÷B×1000),Statistics,,,,,,,,,,,81.4,82.7,84.3
전주시 - 주민등록인구＜br＞(B),Statistics,,,,,,,,,,,648964.0,651091.0,654394.0
정선군 - 사업체수＜br＞(A),Statistics,,,,,,,,,,,3921.0,4025.0,4110.0
정선군 - 인구천명당 사업체수＜br＞(A÷B×1000),Statistics,,,,,,,,,,,102.7,106.8,110.3
정선군 - 주민등록인구＜br＞(B),Statistics,,,,,,,,,,,38173.0,37700.0,37271.0
정읍시 - 사업체수＜br＞(A),Statistics,,,,,,,,,,,9051.0,9228.0,9346.0
정읍시 - 인구천명당 사업체수＜br＞(A÷B×1000),Statistics,,,,,,,,,,,79.6,82.3,84.5
정읍시 - 주민등록인구＜br＞(B),Statistics,,,,,,,,,,,113776.0,112169.0,110541.0
제주시 - 사업체수＜br＞(A),Statistics,,,,,,,,,,,44601.0,46445.0,48635.0
제주시 - 인구천명당 사업체수＜br＞(A÷B×1000),Statistics,,,,,,,,,,,93.2,95.6,99.4
제주시 - 주민등록인구＜br＞(B),Statistics,,,,,,,,,,,478700.0,485946.0,489405.0
제주특별자치도 - 사업체수＜br＞(A),Statistics,44246.0,44307.0,45990.0,45830.0,47144.0,49252.0,51727.0,53897.0,55155.0,57791.0,60063.0,62871.0,66098.0
제주특별자치도 - 인구천명당 사업체수＜br＞(A÷B×1000),Statistics,79.1,79.0,81.7,80.2,81.8,84.4,87.1,88.7,88.3,90.1,91.4,94.2,98.5
제주특별자치도 - 주민등록인구＜br＞(B),Statistics,559258.0,560618.0,562663.0,571255.0,576156.0,583713.0,593806.0,607346.0,624395.0,641597.0,657083.0,667191.0,670989.0
제천시 - 사업체수＜br＞(A),Statistics,,,,,,,,,,,12874.0,13027.0,13170.0
제천시 - 인구천명당 사업체수＜br＞(A÷B×1000),Statistics,,,,,,,,,,,94.4,96.2,97.8
제천시 - 주민등록인구＜br＞(B),Statistics,,,,,,,,,,,136432.0,135386.0,134617.0
종로구 - 사업체수＜br＞(A),Statistics,,,,,,,,,,,40490.0,39952.0,39679.0
종로구 - 인구천명당 사업체수＜br＞(A÷B×1000),Statistics,,,,,,,,,,,261.6,261.0,262.3
종로구 - 주민등록인구＜br＞(B),Statistics,,,,,,,,,,,154770.0,153065.0,151290.0
중구 - 사업체수＜br＞(A),Statistics,,,,,,,,,,,62936.0,60957.0,60127.0
중구 - 인구천명당 사업체수＜br＞(A÷B×1000),Statistics,,,,,,,,,,,500.6,484.8,476.6
중구 - 주민등록인구＜br＞(B),Statistics,,,,,,,,,,,125709.0,125725.0,126171.0
중랑구 - 사업체수＜br＞(A),Statistics,,,,,,,,,,,28045.0,28024.0,28228.0
중랑구 - 인구천명당 사업체수＜br＞(A÷B×1000),Statistics,,,,,,,,,,,68.7,69.5,71.1
중랑구 - 주민등록인구＜br＞(B),Statistics,,,,,,,,,,,408226.0,403209.0,397015.0
증평군 - 사업체수＜br＞(A),Statistics,,,,,,,,,,,2868.0,3010.0,3121.0
증평군 - 인구천명당 사업체수＜br＞(A÷B×1000),Statistics,,,,,,,,,,,75.9,80.7,83.5
증평군 - 주민등록인구＜br＞(B),Statistics,,,,,,,,,,,37783.0,37317.0,37392.0
진도군 - 사업체수＜br＞(A),Statistics,,,,,,,,,,,2883.0,3007.0,3065.0
진도군 - 인구천명당 사업체수＜br＞(A÷B×1000),Statistics,,,,,,,,,,,90.8,96.3,99.8
진도군 - 주민등록인구＜br＞(B),Statistics,,,,,,,,,,,31765.0,31219.0,30715.0
진안군 - 사업체수＜br＞(A),Statistics,,,,,,,,,,,1920.0,2021.0,2003.0
진안군 - 인구천명당 사업체수＜br＞(A÷B×1000),Statistics,,,,,,,,,,,73.1,77.8,77.9
진안군 - 주민등록인구＜br＞(B),Statistics,,,,,,,,,,,26271.0,25963.0,25697.0
진주시 - 사업체수＜br＞(A),Statistics,,,,,,,,,,,30035.0,30859.0,31696.0
진주시 - 인구천명당 사업체수＜br＞(A÷B×1000),Statistics,,,,,,,,,,,86.6,89.2,91.3
진주시 - 주민등록인구＜br＞(B),Statistics,,,,,,,,,,,346681.0,345987.0,347334.0
진천군 - 사업체수＜br＞(A),Statistics,,,,,,,,,,,6406.0,6777.0,7176.0
진천군 - 인구천명당 사업체수＜br＞(A÷B×1000),Statistics,,,,,,,,,,,86.9,86.6,88.5
진천군 - 주민등록인구＜br＞(B),Statistics,,,,,,,,,,,73677.0,78218.0,81084.0
창녕군 - 사업체수＜br＞(A),Statistics,,,,,,,,,,,5549.0,5628.0,5700.0
창녕군 - 인구천명당 사업체수＜br＞(A÷B×1000),Statistics,,,,,,,,,,,86.6,88.8,91.4
창녕군 - 주민등록인구＜br＞(B),Statistics,,,,,,,,,,,64101.0,63396.0,62331.0
창원시 - 사업체수＜br＞(A),Statistics,,,,,,,,,,,85745.0,86694.0,86643.0
창원시 - 인구천명당 사업체수＜br＞(A÷B×1000),Statistics,,,,,,,,,,,81.1,82.3,82.9
창원시 - 주민등록인구＜br＞(B),Statistics,,,,,,,,,,,1057032.0,1053601.0,1044740.0
천안시 - 사업체수＜br＞(A),Statistics,,,,,,,,,,,49666.0,51967.0,52993.0
천안시 - 인구천명당 사업체수＜br＞(A÷B×1000),Statistics,,,,,,,,,,,78.6,80.4,81.2
천안시 - 주민등록인구＜br＞(B),Statistics,,,,,,,,,,,631531.0,646075.0,652258.0
철원군 - 사업체수＜br＞(A),Statistics,,,,,,,,,,,3734.0,3821.0,3914.0
철원군 - 인구천명당 사업체수＜br＞(A÷B×1000),Statistics,,,,,,,,,,,79.1,82.3,85.9
철원군 - 주민등록인구＜br＞(B),Statistics,,,,,,,,,,,47185.0,46413.0,45584.0
청도군 - 사업체수＜br＞(A),Statistics,,,,,,,,,,,3928.0,4178.0,4362.0
청도군 - 인구천명당 사업체수＜br＞(A÷B×1000),Statistics,,,,,,,,,,,90.6,97.0,101.7
청도군 - 주민등록인구＜br＞(B),Statistics,,,,,,,,,,,43346.0,43057.0,42910.0
청송군 - 사업체수＜br＞(A),Statistics,,,,,,,,,,,2189.0,2211.0,2204.0
청송군 - 인구천명당 사업체수＜br＞(A÷B×1000),Statistics,,,,,,,,,,,84.2,86.1,86.7
청송군 - 주민등록인구＜br＞(B),Statistics,,,,,,,,,,,26006.0,25678.0,25416.0
청양군 - 사업체수＜br＞(A),Statistics,,,,,,,,,,,3118.0,3210.0,3383.0
청양군 - 인구천명당 사업체수＜br＞(A÷B×1000),Statistics,,,,,,,,,,,95.0,99.4,106.7
청양군 - 주민등록인구＜br＞(B),Statistics,,,,,,,,,,,32837.0,32296.0,31717.0
청주시 - 사업체수＜br＞(A),Statistics,,,,,,,,,,,60236.0,62273.0,63669.0
청주시 - 인구천명당 사업체수＜br＞(A÷B×1000),Statistics,,,,,,,,,,,72.1,74.3,75.8
청주시 - 주민등록인구＜br＞(B),Statistics,,,,,,,,,,,835590.0,837749.0,839566.0
춘천시 - 사업체수＜br＞(A),Statistics,,,,,,,,,,,22358.0,22997.0,23430.0
춘천시 - 인구천명당 사업체수＜br＞(A÷B×1000),Statistics,,,,,,,,,,,79.7,81.9,83.3
춘천시 - 주민등록인구＜br＞(B),Statistics,,,,,,,,,,,280514.0,280640.0,281291.0
충주시 - 사업체수＜br＞(A),Statistics,,,,,,,,,,,17967.0,18281.0,18951.0
충주시 - 인구천명당 사업체수＜br＞(A÷B×1000),Statistics,,,,,,,,,,,86.2,86.8,89.9
충주시 - 주민등록인구＜br＞(B),Statistics,,,,,,,,,,,208316.0,210504.0,210737.0
충청남도 - 사업체수＜br＞(A),Statistics,130103.0,131548.0,131554.0,134315.0,140505.0,141209.0,145995.0,154034.0,158306.0,161608.0,166247.0,172242.0,176643.0
충청남도 - 인구천명당 사업체수＜br＞(A÷B×1000),Statistics,65.2,65.2,64.6,64.7,66.9,69.6,71.3,74.7,76.2,77.1,78.5,81.0,83.2
충청남도 - 주민등록인구＜br＞(B),Statistics,1995531.0,2018537.0,2037582.0,2075514.0,2101284.0,2028777.0,2047631.0,2062273.0,2077649.0,2096727.0,2116770.0,2126282.0,2123709.0
충청북도 - 사업체수＜br＞(A),Statistics,101386.0,101861.0,102969.0,105756.0,109256.0,112649.0,115610.0,119498.0,121493.0,124834.0,126224.0,129920.0,133522.0
충청북도 - 인구천명당 사업체수＜br＞(A÷B×1000),Statistics,67.3,67.0,67.4,68.3,69.9,72.0,73.5,75.7,76.7,78.4,79.2,81.2,83.5
충청북도 - 주민등록인구＜br＞(B),Statistics,1506608.0,1519587.0,1527478.0,1549528.0,1562903.0,1565628.0,1572732.0,1578933.0,1583952.0,1591625.0,1594432.0,1599252.0,1600007.0
칠곡군 - 사업체수＜br＞(A),Statistics,,,,,,,,,,,11710.0,12124.0,12509.0
칠곡군 - 인구천명당 사업체수＜br＞(A÷B×1000),Statistics,,,,,,,,,,,96.9,102.0,106.9
칠곡군 - 주민등록인구＜br＞(B),Statistics,,,,,,,,,,,120864.0,118828.0,117047.0
태백시 - 사업체수＜br＞(A),Statistics,,,,,,,,,,,4599.0,4573.0,4697.0
태백시 - 인구천명당 사업체수＜br＞(A÷B×1000),Statistics,,,,,,,,,,,100.2,101.9,107.1
태백시 - 주민등록인구＜br＞(B),Statistics,,,,,,,,,,,45888.0,44858.0,43866.0
태안군 - 사업체수＜br＞(A),Statistics,,,,,,,,,,,6052.0,6267.0,6449.0
태안군 - 인구천명당 사업체수＜br＞(A÷B×1000),Statistics,,,,,,,,,,,94.7,99.1,102.8
태안군 - 주민등록인구＜br＞(B),Statistics,,,,,,,,,,,63932.0,63238.0,62743.0
통영시 - 사업체수＜br＞(A),Statistics,,,,,,,,,,,11345.0,11799.0,11975.0
통영시 - 인구천명당 사업체수＜br＞(A÷B×1000),Statistics,,,,,,,,,,,83.5,88.2,91.1
통영시 - 주민등록인구＜br＞(B),Statistics,,,,,,,,,,,135833.0,133720.0,131404.0
파주시 - 사업체수＜br＞(A),Statistics,,,,,,,,,,,28532.0,30369.0,32368.0
파주시 - 인구천명당 사업체수＜br＞(A÷B×1000),Statistics,,,,,,,,,,,65.2,67.2,71.3
파주시 - 주민등록인구＜br＞(B),Statistics,,,,,,,,,,,437848.0,451848.0,454040.0
평창군 - 사업체수＜br＞(A),Statistics,,,,,,,,,,,4501.0,4631.0,4728.0
평창군 - 인구천명당 사업체수＜br＞(A÷B×1000),Statistics,,,,,,,,,,,104.5,108.7,112.3
평창군 - 주민등록인구＜br＞(B),Statistics,,,,,,,,,,,43092.0,42610.0,42106.0
평택시 - 사업체수＜br＞(A),Statistics,,,,,,,,,,,34730.0,36133.0,37539.0
평택시 - 인구천명당 사업체수＜br＞(A÷B×1000),Statistics,,,,,,,,,,,72.1,72.9,73.2
평택시 - 주민등록인구＜br＞(B),Statistics,,,,,,,,,,,481530.0,495642.0,513027.0
포천시 - 사업체수＜br＞(A),Statistics,,,,,,,,,,,17997.0,18421.0,18994.0
포천시 - 인구천명당 사업체수＜br＞(A÷B×1000),Statistics,,,,,,,,,,,117.7,122.3,128.0
포천시 - 주민등록인구＜br＞(B),Statistics,,,,,,,,,,,152925.0,150676.0,148379.0
포항시 - 사업체수＜br＞(A),Statistics,,,,,,,,,,,42330.0,43053.0,43428.0
포항시 - 인구천명당 사업체수＜br＞(A÷B×1000),Statistics,,,,,,,,,,,82.4,84.4,85.7
포항시 - 주민등록인구＜br＞(B),Statistics,,,,,,,,,,,513832.0,510013.0,507025.0
하남시 - 사업체수＜br＞(A),Statistics,,,,,,,,,,,13848.0,15328.0,16598.0
하남시 - 인구천명당 사업체수＜br＞(A÷B×1000),Statistics,,,,,,,,,,,59.6,60.2,60.9
하남시 - 주민등록인구＜br＞(B),Statistics,,,,,,,,,,,232487.0,254415.0,272455.0
하동군 - 사업체수＜br＞(A),Statistics,,,,,,,,,,,3928.0,4003.0,4195.0
하동군 - 인구천명당 사업체수＜br＞(A÷B×1000),Statistics,,,,,,,,,,,80.4,84.2,90.1
하동군 - 주민등록인구＜br＞(B),Statistics,,,,,,,,,,,48831.0,47533.0,46574.0
함안군 - 사업체수＜br＞(A),Statistics,,,,,,,,,,,7169.0,7507.0,7852.0
함안군 - 인구천명당 사업체수＜br＞(A÷B×1000),Statistics,,,,,,,,,,,105.1,112.0,119.5
함안군 - 주민등록인구＜br＞(B),Statistics,,,,,,,,,,,68207.0,67025.0,65700.0
함양군 - 사업체수＜br＞(A),Statistics,,,,,,,,,,,3497.0,3517.0,3566.0
함양군 - 인구천명당 사업체수＜br＞(A÷B×1000),Statistics,,,,,,,,,,,87.0,87.8,90.0
함양군 - 주민등록인구＜br＞(B),Statistics,,,,,,,,,,,40175.0,40044.0,39637.0
함평군 - 사업체수＜br＞(A),Statistics,,,,,,,,,,,2457.0,2471.0,2676.0
함평군 - 인구천명당 사업체수＜br＞(A÷B×1000),Statistics,,,,,,,,,,,71.6,73.9,81.4
함평군 - 주민등록인구＜br＞(B),Statistics,,,,,,,,,,,34328.0,33420.0,32861.0
합천군 - 사업체수＜br＞(A),Statistics,,,,,,,,,,,3398.0,3464.0,3563.0
합천군 - 인구천명당 사업체수＜br＞(A÷B×1000),Statistics,,,,,,,,,,,72.3,75.4,78.8
합천군 - 주민등록인구＜br＞(B),Statistics,,,,,,,,,,,47000.0,45916.0,45204.0
해남군 - 사업체수＜br＞(A),Statistics,,,,,,,,,,,5604.0,5645.0,5794.0
해남군 - 인구천명당 사업체수＜br＞(A÷B×1000),Statistics,,,,,,,,,,,76.1,78.5,82.4
해남군 - 주민등록인구＜br＞(B),Statistics,,,,,,,,,,,73604.0,71901.0,70354.0
해운대구 - 사업체수＜br＞(A),Statistics,,,,,,,,,,,27430.0,28003.0,28104.0
해운대구 - 인구천명당 사업체수＜br＞(A÷B×1000),Statistics,,,,,,,,,,,66.6,68.4,69.2
해운대구 - 주민등록인구＜br＞(B),Statistics,,,,,,,,,,,412039.0,409347.0,406102.0
홍성군 - 사업체수＜br＞(A),Statistics,,,,,,,,,,,7998.0,8287.0,8622.0
홍성군 - 인구천명당 사업체수＜br＞(A÷B×1000),Statistics,,,,,,,,,,,78.7,82.0,85.9
홍성군 - 주민등록인구＜br＞(B),Statistics,,,,,,,,,,,101570.0,101082.0,100423.0
홍천군 - 사업체수＜br＞(A),Statistics,,,,,,,,,,,6191.0,6322.0,6488.0
홍천군 - 인구천명당 사업체수＜br＞(A÷B×1000),Statistics,,,,,,,,,,,88.0,90.4,93.8
홍천군 - 주민등록인구＜br＞(B),Statistics,,,,,,,,,,,70340.0,69949.0,69150.0
화성시 - 사업체수＜br＞(A),Statistics,,,,,,,,,,,58194.0,62500.0,66767.0
화성시 - 인구천명당 사업체수＜br＞(A÷B×1000),Statistics,,,,,,,,,,,84.2,82.4,81.9
화성시 - 주민등록인구＜br＞(B),Statistics,,,,,,,,,,,691086.0,758722.0,815396.0
화순군 - 사업체수＜br＞(A),Statistics,,,,,,,,,,,5143.0,5244.0,5298.0
화순군 - 인구천명당 사업체수＜br＞(A÷B×1000),Statistics,,,,,,,,,,,79.5,82.0,84.4
화순군 - 주민등록인구＜br＞(B),Statistics,,,,,,,,,,,64680.0,63933.0,62737.0
화천군 - 사업체수＜br＞(A),Statistics,,,,,,,,,,,2149.0,2244.0,2326.0
화천군 - 인구천명당 사업체수＜br＞(A÷B×1000),Statistics,,,,,,,,,,,82.6,89.5,93.3
화천군 - 주민등록인구＜br＞(B),Statistics,,,,,,,,,,,26022.0,25084.0,24917.0
횡성군 - 사업체수＜br＞(A),Statistics,,,,,,,,,,,3893.0,4013.0,4230.0
횡성군 - 인구천명당 사업체수＜br＞(A÷B×1000),Statistics,,,,,,,,,,,84.1,85.9,90.8
횡성군 - 주민등록인구＜br＞(B),Statistics,,,,,,,,,,,46281.0,46726.0,46575.0
