item,category,2019
가평군 - 비만유병률(표준화율),Statistics,36.0
강남구 - 비만유병률(표준화율),Statistics,29.0
강동구 - 비만유병률(표준화율),Statistics,30.0
강릉시 - 비만유병률(표준화율),Statistics,36.1
강북구 - 비만유병률(표준화율),Statistics,29.1
강서구 - 비만유병률(표준화율),Statistics,30.7
강원특별자치도 - 비만유병률(표준화율),Statistics,35.0
강진군 - 비만유병률(표준화율),Statistics,36.3
강화군 - 비만유병률(표준화율),Statistics,33.6
거제시 - 비만유병률(표준화율),Statistics,38.1
거창군 - 비만유병률(표준화율),Statistics,33.8
경기도 - 비만유병률(표준화율),Statistics,33.6
경산시 - 비만유병률(표준화율),Statistics,39.9
경상남도 - 비만유병률(표준화율),Statistics,34.2
경상북도 - 비만유병률(표준화율),Statistics,36.0
경주시 - 비만유병률(표준화율),Statistics,35.4
계룡시 - 비만유병률(표준화율),Statistics,29.9
계양구 - 비만유병률(표준화율),Statistics,28.3
고령군 - 비만유병률(표준화율),Statistics,36.8
고성군 - 비만유병률(표준화율),Statistics,34.2
고양시 - 비만유병률(표준화율),Statistics,32.0
고창군 - 비만유병률(표준화율),Statistics,31.9
고흥군 - 비만유병률(표준화율),Statistics,34.6
곡성군 - 비만유병률(표준화율),Statistics,38.7
공주시 - 비만유병률(표준화율),Statistics,39.9
과천시 - 비만유병률(표준화율),Statistics,24.4
관악구 - 비만유병률(표준화율),Statistics,35.1
광명시 - 비만유병률(표준화율),Statistics,33.0
광산구 - 비만유병률(표준화율),Statistics,36.5
광양시 - 비만유병률(표준화율),Statistics,34.6
광주광역시 - 비만유병률(표준화율),Statistics,33.3
광주시 - 비만유병률(표준화율),Statistics,28.3
광진구 - 비만유병률(표준화율),Statistics,29.1
괴산군 - 비만유병률(표준화율),Statistics,40.9
구례군 - 비만유병률(표준화율),Statistics,33.8
구로구 - 비만유병률(표준화율),Statistics,32.2
구리시 - 비만유병률(표준화율),Statistics,32.6
구미 - 비만유병률(표준화율),Statistics,33.0
구미시 - 비만유병률(표준화율),Statistics,34.3
군산시 - 비만유병률(표준화율),Statistics,33.9
군위군 - 비만유병률(표준화율),Statistics,36.0
군포시 - 비만유병률(표준화율),Statistics,34.4
권선구 - 비만유병률(표준화율),Statistics,36.6
금산군 - 비만유병률(표준화율),Statistics,38.2
금정구 - 비만유병률(표준화율),Statistics,27.0
금천구 - 비만유병률(표준화율),Statistics,34.1
기장군 - 비만유병률(표준화율),Statistics,34.1
기흥구 - 비만유병률(표준화율),Statistics,26.8
김제시 - 비만유병률(표준화율),Statistics,36.6
김천시 - 비만유병률(표준화율),Statistics,33.7
김포시 - 비만유병률(표준화율),Statistics,37.1
김해시 - 비만유병률(표준화율),Statistics,33.3
나주시 - 비만유병률(표준화율),Statistics,31.0
남구 - 비만유병률(표준화율),Statistics,30.9
남동구 - 비만유병률(표준화율),Statistics,34.2
남양주 - 비만유병률(표준화율),Statistics,37.6
남양주 풍양 - 비만유병률(표준화율),Statistics,32.1
남양주시 - 비만유병률(표준화율),Statistics,35.7
남원시 - 비만유병률(표준화율),Statistics,36.4
남해군 - 비만유병률(표준화율),Statistics,37.2
노원구 - 비만유병률(표준화율),Statistics,34.6
논산시 - 비만유병률(표준화율),Statistics,39.8
단양군 - 비만유병률(표준화율),Statistics,38.8
단원구 - 비만유병률(표준화율),Statistics,33.4
달서구 - 비만유병률(표준화율),Statistics,33.7
달성군 - 비만유병률(표준화율),Statistics,37.9
담양군 - 비만유병률(표준화율),Statistics,30.2
당진시 - 비만유병률(표준화율),Statistics,36.7
대구광역시 - 비만유병률(표준화율),Statistics,32.5
대덕구 - 비만유병률(표준화율),Statistics,33.2
대전광역시 - 비만유병률(표준화율),Statistics,30.0
덕양구 - 비만유병률(표준화율),Statistics,35.5
도봉구 - 비만유병률(표준화율),Statistics,35.4
동구 - 비만유병률(표준화율),Statistics,33.6
동대문구 - 비만유병률(표준화율),Statistics,35.0
동두천시 - 비만유병률(표준화율),Statistics,35.7
동래구 - 비만유병률(표준화율),Statistics,27.9
동부 - 비만유병률(표준화율),Statistics,43.4
동안구 - 비만유병률(표준화율),Statistics,31.1
동작구 - 비만유병률(표준화율),Statistics,29.6
동해시 - 비만유병률(표준화율),Statistics,36.4
마산 - 비만유병률(표준화율),Statistics,30.8
마포구 - 비만유병률(표준화율),Statistics,28.9
만안구 - 비만유병률(표준화율),Statistics,33.9
목포시 - 비만유병률(표준화율),Statistics,37.3
무안군 - 비만유병률(표준화율),Statistics,38.3
무주군 - 비만유병률(표준화율),Statistics,36.3
문경시 - 비만유병률(표준화율),Statistics,35.0
미추홀구 - 비만유병률(표준화율),Statistics,34.9
밀양시 - 비만유병률(표준화율),Statistics,30.9
보령시 - 비만유병률(표준화율),Statistics,32.3
보성군 - 비만유병률(표준화율),Statistics,29.7
보은군 - 비만유병률(표준화율),Statistics,44.8
봉화군 - 비만유병률(표준화율),Statistics,34.6
부산광역시 - 비만유병률(표준화율),Statistics,32.3
부산진구 - 비만유병률(표준화율),Statistics,31.7
부안군 - 비만유병률(표준화율),Statistics,32.6
부여군 - 비만유병률(표준화율),Statistics,32.5
부천시 - 비만유병률(표준화율),Statistics,33.5
부평구 - 비만유병률(표준화율),Statistics,34.3
북구 - 비만유병률(표준화율),Statistics,27.8
분당구 - 비만유병률(표준화율),Statistics,25.1
사상구 - 비만유병률(표준화율),Statistics,36.0
사천시 - 비만유병률(표준화율),Statistics,32.8
사하구 - 비만유병률(표준화율),Statistics,35.6
산청군 - 비만유병률(표준화율),Statistics,33.1
삼척시 - 비만유병률(표준화율),Statistics,37.2
상당구 - 비만유병률(표준화율),Statistics,32.5
상록구 - 비만유병률(표준화율),Statistics,36.1
상주시 - 비만유병률(표준화율),Statistics,26.8
서구 - 비만유병률(표준화율),Statistics,29.9
서귀포 - 비만유병률(표준화율),Statistics,39.1
서귀포시 - 비만유병률(표준화율),Statistics,39.9
서대문구 - 비만유병률(표준화율),Statistics,31.4
서부 - 비만유병률(표준화율),Statistics,38.8
서산시 - 비만유병률(표준화율),Statistics,37.1
서울특별시 - 비만유병률(표준화율),Statistics,31.3
서원구 - 비만유병률(표준화율),Statistics,31.6
서천군 - 비만유병률(표준화율),Statistics,41.9
서초구 - 비만유병률(표준화율),Statistics,25.0
선산 - 비만유병률(표준화율),Statistics,39.7
성남시 - 비만유병률(표준화율),Statistics,29.1
성동구 - 비만유병률(표준화율),Statistics,30.7
성북구 - 비만유병률(표준화율),Statistics,31.2
성주군 - 비만유병률(표준화율),Statistics,38.0
세종시 - 비만유병률(표준화율),Statistics,31.0
세종특별자치시 - 비만유병률(표준화율),Statistics,31.0
소사구 - 비만유병률(표준화율),Statistics,33.2
속초시 - 비만유병률(표준화율),Statistics,32.5
송탄 - 비만유병률(표준화율),Statistics,40.7
송파구 - 비만유병률(표준화율),Statistics,27.4
수성구 - 비만유병률(표준화율),Statistics,26.3
수영구 - 비만유병률(표준화율),Statistics,36.8
수원시 - 비만유병률(표준화율),Statistics,33.3
수정구 - 비만유병률(표준화율),Statistics,36.4
수지구 - 비만유병률(표준화율),Statistics,28.0
순창군 - 비만유병률(표준화율),Statistics,35.3
순천시 - 비만유병률(표준화율),Statistics,34.8
시흥시 - 비만유병률(표준화율),Statistics,33.2
신안군 - 비만유병률(표준화율),Statistics,31.7
아산시 - 비만유병률(표준화율),Statistics,38.6
안동시 - 비만유병률(표준화율),Statistics,33.7
안산시 - 비만유병률(표준화율),Statistics,34.8
안성시 - 비만유병률(표준화율),Statistics,39.1
안양시 - 비만유병률(표준화율),Statistics,32.3
양구군 - 비만유병률(표준화율),Statistics,37.0
양산시 - 비만유병률(표준화율),Statistics,38.1
양양군 - 비만유병률(표준화율),Statistics,32.5
양주시 - 비만유병률(표준화율),Statistics,38.2
양천구 - 비만유병률(표준화율),Statistics,34.6
양평군 - 비만유병률(표준화율),Statistics,36.3
여수시 - 비만유병률(표준화율),Statistics,40.1
여주시 - 비만유병률(표준화율),Statistics,32.7
연수구 - 비만유병률(표준화율),Statistics,39.2
연제구 - 비만유병률(표준화율),Statistics,33.2
연천군 - 비만유병률(표준화율),Statistics,38.9
영광군 - 비만유병률(표준화율),Statistics,37.2
영덕군 - 비만유병률(표준화율),Statistics,35.5
영도구 - 비만유병률(표준화율),Statistics,34.6
영동군 - 비만유병률(표준화율),Statistics,35.8
영등포구 - 비만유병률(표준화율),Statistics,33.9
영암군 - 비만유병률(표준화율),Statistics,42.6
영양군 - 비만유병률(표준화율),Statistics,33.9
영월군 - 비만유병률(표준화율),Statistics,34.1
영주시 - 비만유병률(표준화율),Statistics,33.9
영천시 - 비만유병률(표준화율),Statistics,37.9
영통구 - 비만유병률(표준화율),Statistics,29.1
예산군 - 비만유병률(표준화율),Statistics,35.3
예천군 - 비만유병률(표준화율),Statistics,34.8
오산시 - 비만유병률(표준화율),Statistics,35.3
오정구 - 비만유병률(표준화율),Statistics,34.0
옥천군 - 비만유병률(표준화율),Statistics,31.8
옹진군 - 비만유병률(표준화율),Statistics,44.8
완도군 - 비만유병률(표준화율),Statistics,43.9
완주군 - 비만유병률(표준화율),Statistics,37.7
용산구 - 비만유병률(표준화율),Statistics,25.4
용인시 - 비만유병률(표준화율),Statistics,30.7
울릉군 - 비만유병률(표준화율),Statistics,31.2
울산광역시 - 비만유병률(표준화율),Statistics,33.1
울주군 - 비만유병률(표준화율),Statistics,26.8
울진군 - 비만유병률(표준화율),Statistics,37.3
원미구 - 비만유병률(표준화율),Statistics,33.4
원주시 - 비만유병률(표준화율),Statistics,33.0
유성구 - 비만유병률(표준화율),Statistics,29.3
은평구 - 비만유병률(표준화율),Statistics,31.7
음성군 - 비만유병률(표준화율),Statistics,39.9
의령군 - 비만유병률(표준화율),Statistics,34.8
의성군 - 비만유병률(표준화율),Statistics,43.4
의왕시 - 비만유병률(표준화율),Statistics,34.3
의정부시 - 비만유병률(표준화율),Statistics,36.4
이천시 - 비만유병률(표준화율),Statistics,34.2
익산시 - 비만유병률(표준화율),Statistics,31.3
인제군 - 비만유병률(표준화율),Statistics,41.5
인천광역시 - 비만유병률(표준화율),Statistics,35.1
일산동구 - 비만유병률(표준화율),Statistics,26.3
일산서구 - 비만유병률(표준화율),Statistics,31.9
임실군 - 비만유병률(표준화율),Statistics,33.1
장성군 - 비만유병률(표준화율),Statistics,35.3
장수군 - 비만유병률(표준화율),Statistics,35.2
장안구 - 비만유병률(표준화율),Statistics,34.3
장흥군 - 비만유병률(표준화율),Statistics,39.3
전라남도 - 비만유병률(표준화율),Statistics,36.2
전북특별자치도 - 비만유병률(표준화율),Statistics,33.0
전주시 - 비만유병률(표준화율),Statistics,31.0
정선군 - 비만유병률(표준화율),Statistics,37.8
정읍시 - 비만유병률(표준화율),Statistics,39.0
제주 - 비만유병률(표준화율),Statistics,38.2
제주시 - 비만유병률(표준화율),Statistics,38.1
제주특별자치도 - 비만유병률(표준화율),Statistics,38.6
제천시 - 비만유병률(표준화율),Statistics,35.6
종로구 - 비만유병률(표준화율),Statistics,32.6
중구 - 비만유병률(표준화율),Statistics,28.6
중랑구 - 비만유병률(표준화율),Statistics,36.3
중원구 - 비만유병률(표준화율),Statistics,30.0
증평군 - 비만유병률(표준화율),Statistics,38.0
진도군 - 비만유병률(표준화율),Statistics,42.2
진안군 - 비만유병률(표준화율),Statistics,29.0
진주시 - 비만유병률(표준화율),Statistics,33.9
진천군 - 비만유병률(표준화율),Statistics,35.1
진해 - 비만유병률(표준화율),Statistics,33.9
창녕군 - 비만유병률(표준화율),Statistics,38.3
창원 - 비만유병률(표준화율),Statistics,34.8
창원시 - 비만유병률(표준화율),Statistics,33.3
처인구 - 비만유병률(표준화율),Statistics,40.7
천안시 - 비만유병률(표준화율),Statistics,33.4
철원군 - 비만유병률(표준화율),Statistics,39.8
청도군 - 비만유병률(표준화율),Statistics,33.9
청송군 - 비만유병률(표준화율),Statistics,39.1
청양군 - 비만유병률(표준화율),Statistics,38.5
청원구 - 비만유병률(표준화율),Statistics,33.3
청주시 - 비만유병률(표준화율),Statistics,32.7
춘천시 - 비만유병률(표준화율),Statistics,32.6
충주시 - 비만유병률(표준화율),Statistics,38.7
충청남도 - 비만유병률(표준화율),Statistics,36.1
충청북도 - 비만유병률(표준화율),Statistics,34.7
칠곡군 - 비만유병률(표준화율),Statistics,39.1
태백시 - 비만유병률(표준화율),Statistics,39.8
태안군 - 비만유병률(표준화율),Statistics,36.5
통영시 - 비만유병률(표준화율),Statistics,32.8
파주시 - 비만유병률(표준화율),Statistics,35.5
팔달구 - 비만유병률(표준화율),Statistics,33.2
평창군 - 비만유병률(표준화율),Statistics,40.1
평택 - 비만유병률(표준화율),Statistics,39.7
평택시 - 비만유병률(표준화율),Statistics,40.0
포천시 - 비만유병률(표준화율),Statistics,34.7
포항시 - 비만유병률(표준화율),Statistics,37.8
하남시 - 비만유병률(표준화율),Statistics,31.5
하동군 - 비만유병률(표준화율),Statistics,34.7
함안군 - 비만유병률(표준화율),Statistics,36.2
함양군 - 비만유병률(표준화율),Statistics,34.9
함평군 - 비만유병률(표준화율),Statistics,35.3
합천군 - 비만유병률(표준화율),Statistics,30.2
해남군 - 비만유병률(표준화율),Statistics,35.4
해운대구 - 비만유병률(표준화율),Statistics,34.6
홍성군 - 비만유병률(표준화율),Statistics,39.8
홍천군 - 비만유병률(표준화율),Statistics,36.1
화성시 - 비만유병률(표준화율),Statistics,36.0
화순군 - 비만유병률(표준화율),Statistics,33.0
화천군 - 비만유병률(표준화율),Statistics,40.2
횡성군 - 비만유병률(표준화율),Statistics,33.2
흥덕구 - 비만유병률(표준화율),Statistics,33.7
