item,category,2014,2015,2016,2017,2018,2019,2020,2021,2022,2023
강원특별자치도 - 강력범죄 (강제추행) - 검거건수,Statistics,356.0,348.0,348.0,398.0,470.0,437.0,392.0,344.0,389.0,440.0
강원특별자치도 - 강력범죄 (강제추행) - 검거인원,Statistics,362.0,350.0,365.0,434.0,498.0,468.0,439.0,371.0,404.0,452.0
강원특별자치도 - 강력범죄 (강제추행) - 발생건수,Statistics,375.0,369.0,365.0,424.0,485.0,462.0,408.0,372.0,431.0,471.0
강원특별자치도 - 강력범죄 (기타 강간 등) - 검거건수,Statistics,38.0,29.0,14.0,10.0,11.0,5.0,7.0,9.0,9.0,5.0
강원특별자치도 - 강력범죄 (기타 강간 등) - 검거인원,Statistics,53.0,40.0,21.0,17.0,12.0,8.0,9.0,8.0,10.0,5.0
강원특별자치도 - 강력범죄 (기타 강간 등) - 발생건수,Statistics,28.0,29.0,14.0,10.0,12.0,7.0,9.0,9.0,10.0,6.0
강원특별자치도 - 강력범죄 (방화) - 검거건수,Statistics,50.0,47.0,43.0,50.0,43.0,42.0,36.0,36.0,33.0,28.0
강원특별자치도 - 강력범죄 (방화) - 검거인원,Statistics,52.0,45.0,51.0,53.0,43.0,44.0,44.0,36.0,33.0,28.0
강원특별자치도 - 강력범죄 (방화) - 발생건수,Statistics,52.0,49.0,47.0,55.0,45.0,43.0,38.0,39.0,34.0,30.0
강원특별자치도 - 강력범죄 (살인기수) - 검거건수,Statistics,10.0,11.0,13.0,13.0,16.0,7.0,18.0,7.0,9.0,11.0
강원특별자치도 - 강력범죄 (살인기수) - 검거인원,Statistics,10.0,12.0,12.0,15.0,19.0,7.0,25.0,10.0,16.0,15.0
강원특별자치도 - 강력범죄 (살인기수) - 발생건수,Statistics,11.0,12.0,13.0,13.0,17.0,7.0,17.0,7.0,10.0,12.0
강원특별자치도 - 강력범죄 소계 - 검거건수,Statistics,689.0,657.0,671.0,699.0,748.0,739.0,659.0,580.0,742.0,668.0
강원특별자치도 - 강력범죄 소계 - 검거인원,Statistics,809.0,690.0,753.0,768.0,820.0,821.0,785.0,625.0,796.0,702.0
강원특별자치도 - 강력범죄 소계 - 발생건수,Statistics,715.0,694.0,706.0,741.0,785.0,779.0,679.0,627.0,801.0,722.0
강원특별자치도 - 강력범죄(강간) - 검거건수,Statistics,162.0,137.0,189.0,159.0,157.0,180.0,141.0,136.0,232.0,139.0
강원특별자치도 - 강력범죄(강간) - 검거인원,Statistics,227.0,158.0,223.0,179.0,195.0,213.0,180.0,148.0,260.0,150.0
강원특별자치도 - 강력범죄(강간) - 발생건수,Statistics,175.0,150.0,202.0,169.0,173.0,188.0,146.0,144.0,245.0,154.0
강원특별자치도 - 강력범죄(강도) - 검거건수,Statistics,55.0,35.0,29.0,26.0,16.0,26.0,21.0,10.0,18.0,10.0
강원특별자치도 - 강력범죄(강도) - 검거인원,Statistics,86.0,33.0,43.0,27.0,18.0,34.0,34.0,11.0,23.0,12.0
강원특별자치도 - 강력범죄(강도) - 발생건수,Statistics,56.0,35.0,28.0,27.0,16.0,25.0,21.0,11.0,19.0,10.0
강원특별자치도 - 강력범죄(살인미수 등) - 검거건수,Statistics,14.0,20.0,16.0,19.0,8.0,14.0,19.0,9.0,16.0,14.0
강원특별자치도 - 강력범죄(살인미수 등) - 검거인원,Statistics,14.0,19.0,16.0,19.0,8.0,15.0,26.0,10.0,16.0,20.0
강원특별자치도 - 강력범죄(살인미수 등) - 발생건수,Statistics,14.0,21.0,15.0,19.0,8.0,15.0,18.0,8.0,16.0,15.0
강원특별자치도 - 강력범죄(유사강간) - 검거건수,Statistics,4.0,30.0,19.0,24.0,27.0,28.0,25.0,29.0,36.0,21.0
강원특별자치도 - 강력범죄(유사강간) - 검거인원,Statistics,5.0,33.0,22.0,24.0,27.0,32.0,28.0,31.0,34.0,20.0
강원특별자치도 - 강력범죄(유사강간) - 발생건수,Statistics,4.0,29.0,22.0,24.0,29.0,32.0,22.0,37.0,36.0,24.0
강원특별자치도 - 기타범죄 - 검거건수,Statistics,31346.0,33592.0,35420.0,31910.0,27554.0,28643.0,27610.0,23456.0,23850.0,25190.0
강원특별자치도 - 기타범죄 - 검거인원,Statistics,43276.0,46465.0,47516.0,42414.0,36158.0,38239.0,36315.0,28209.0,28132.0,26324.0
강원특별자치도 - 기타범죄 - 발생건수,Statistics,37175.0,40423.0,42080.0,36914.0,31080.0,32175.0,31752.0,27703.0,29028.0,30927.0
강원특별자치도 - 절도범죄 - 검거건수,Statistics,2988.0,3740.0,3568.0,3628.0,3049.0,3155.0,3091.0,2837.0,3106.0,3184.0
강원특별자치도 - 절도범죄 - 검거인원,Statistics,2754.0,3113.0,3270.0,3175.0,2783.0,2843.0,2794.0,2485.0,2674.0,2730.0
강원특별자치도 - 절도범죄 - 발생건수,Statistics,6203.0,5966.0,5166.0,5248.0,4300.0,4674.0,4327.0,4194.0,4610.0,4364.0
강원특별자치도 - 총범죄 - 검거건수,Statistics,43409.0,46673.0,49509.0,45514.0,39592.0,40301.0,38500.0,33202.0,34085.0,35542.0
강원특별자치도 - 총범죄 - 검거인원,Statistics,58959.0,62426.0,65150.0,59580.0,50979.0,52332.0,49785.0,39658.0,39918.0,38020.0
강원특별자치도 - 총범죄 - 발생건수,Statistics,53722.0,56928.0,58814.0,53171.0,45233.0,46096.0,44571.0,39593.0,41715.0,43173.0
강원특별자치도 - 폭력범죄 - 검거건수,Statistics,8386.0,8684.0,9850.0,9277.0,8241.0,7764.0,7140.0,6329.0,6387.0,6500.0
강원특별자치도 - 폭력범죄 - 검거인원,Statistics,12120.0,12158.0,13611.0,13223.0,11218.0,10429.0,9891.0,8339.0,8316.0,8264.0
강원특별자치도 - 폭력범죄 - 발생건수,Statistics,9629.0,9845.0,10862.0,10268.0,9068.0,8468.0,7813.0,7069.0,7276.0,7160.0
경기도 - 강력범죄 (강제추행) - 검거건수,Statistics,2994.0,3411.0,3566.0,3813.0,3560.0,3628.0,3360.0,3051.0,3424.0,3555.0
경기도 - 강력범죄 (강제추행) - 검거인원,Statistics,3128.0,3514.0,3867.0,4172.0,3980.0,4061.0,3837.0,3224.0,3613.0,3668.0
경기도 - 강력범죄 (강제추행) - 발생건수,Statistics,3235.0,3601.0,3712.0,3956.0,3744.0,3752.0,3500.0,3162.0,3569.0,3617.0
경기도 - 강력범죄 (기타 강간 등) - 검거건수,Statistics,189.0,139.0,87.0,75.0,62.0,67.0,39.0,46.0,50.0,48.0
경기도 - 강력범죄 (기타 강간 등) - 검거인원,Statistics,255.0,146.0,128.0,102.0,87.0,118.0,71.0,58.0,73.0,48.0
경기도 - 강력범죄 (기타 강간 등) - 발생건수,Statistics,172.0,135.0,85.0,71.0,67.0,71.0,38.0,48.0,51.0,46.0
경기도 - 강력범죄 (방화) - 검거건수,Statistics,302.0,368.0,301.0,268.0,334.0,261.0,258.0,227.0,250.0,269.0
경기도 - 강력범죄 (방화) - 검거인원,Statistics,333.0,361.0,331.0,304.0,356.0,299.0,285.0,228.0,269.0,268.0
경기도 - 강력범죄 (방화) - 발생건수,Statistics,371.0,426.0,337.0,304.0,359.0,298.0,280.0,248.0,278.0,305.0
경기도 - 강력범죄 (살인기수) - 검거건수,Statistics,79.0,85.0,79.0,59.0,60.0,66.0,72.0,50.0,66.0,62.0
경기도 - 강력범죄 (살인기수) - 검거인원,Statistics,95.0,93.0,87.0,74.0,76.0,76.0,84.0,53.0,74.0,70.0
경기도 - 강력범죄 (살인기수) - 발생건수,Statistics,78.0,92.0,86.0,54.0,67.0,64.0,76.0,51.0,67.0,62.0
경기도 - 강력범죄 소계 - 검거건수,Statistics,5241.0,5713.0,5731.0,5799.0,5556.0,5597.0,5304.0,4907.0,5310.0,5474.0
경기도 - 강력범죄 소계 - 검거인원,Statistics,5825.0,6163.0,6453.0,6594.0,6390.0,6602.0,6358.0,5394.0,5767.0,5774.0
경기도 - 강력범죄 소계 - 발생건수,Statistics,5475.0,5970.0,5885.0,5973.0,5828.0,5780.0,5518.0,5105.0,5556.0,5582.0
경기도 - 강력범죄(강간) - 검거건수,Statistics,1150.0,1137.0,1198.0,1121.0,1089.0,1108.0,1150.0,1172.0,1125.0,1120.0
경기도 - 강력범죄(강간) - 검거인원,Statistics,1235.0,1285.0,1419.0,1299.0,1280.0,1367.0,1401.0,1382.0,1263.0,1207.0
경기도 - 강력범죄(강간) - 발생건수,Statistics,1089.0,1160.0,1184.0,1129.0,1134.0,1125.0,1192.0,1231.0,1184.0,1131.0
경기도 - 강력범죄(강도) - 검거건수,Statistics,329.0,325.0,202.0,214.0,159.0,183.0,161.0,92.0,107.0,122.0
경기도 - 강력범죄(강도) - 검거인원,Statistics,534.0,500.0,292.0,341.0,270.0,333.0,348.0,157.0,180.0,208.0
경기도 - 강력범죄(강도) - 발생건수,Statistics,320.0,306.0,186.0,206.0,166.0,181.0,158.0,88.0,111.0,124.0
경기도 - 강력범죄(살인미수 등) - 검거건수,Statistics,105.0,126.0,166.0,125.0,127.0,108.0,81.0,100.0,95.0,104.0
경기도 - 강력범죄(살인미수 등) - 검거인원,Statistics,132.0,139.0,183.0,148.0,144.0,128.0,109.0,107.0,95.0,110.0
경기도 - 강력범죄(살인미수 등) - 발생건수,Statistics,109.0,131.0,165.0,124.0,128.0,105.0,83.0,102.0,100.0,108.0
경기도 - 강력범죄(유사강간) - 검거건수,Statistics,93.0,122.0,132.0,124.0,165.0,176.0,183.0,169.0,193.0,194.0
경기도 - 강력범죄(유사강간) - 검거인원,Statistics,113.0,125.0,146.0,154.0,197.0,220.0,223.0,185.0,200.0,195.0
경기도 - 강력범죄(유사강간) - 발생건수,Statistics,101.0,119.0,130.0,129.0,163.0,184.0,191.0,175.0,196.0,189.0
경기도 - 기타범죄 - 검거건수,Statistics,232123.0,257410.0,308270.0,262757.0,233603.0,233111.0,227770.0,201621.0,189947.0,203876.0
경기도 - 기타범죄 - 검거인원,Statistics,335555.0,359010.0,404839.0,344969.0,314810.0,317563.0,317059.0,249582.0,238286.0,226499.0
경기도 - 기타범죄 - 발생건수,Statistics,275380.0,299730.0,350180.0,297682.0,269327.0,272716.0,279822.0,254886.0,253476.0,267106.0
경기도 - 절도범죄 - 검거건수,Statistics,24661.0,27299.0,27117.0,26114.0,25167.0,26617.0,26502.0,24503.0,25900.0,29905.0
경기도 - 절도범죄 - 검거인원,Statistics,23677.0,26414.0,27244.0,27643.0,26013.0,27317.0,27042.0,22157.0,23766.0,25802.0
경기도 - 절도범죄 - 발생건수,Statistics,55708.0,51459.0,44788.0,41417.0,41111.0,41955.0,40797.0,37367.0,41539.0,45483.0
경기도 - 총범죄 - 검거건수,Statistics,318065.0,353778.0,406626.0,357488.0,327256.0,329448.0,317984.0,282646.0,275517.0,291300.0
경기도 - 총범죄 - 검거인원,Statistics,451815.0,484857.0,534581.0,471724.0,438512.0,443396.0,434475.0,347035.0,340980.0,326544.0
경기도 - 총범죄 - 발생건수,Statistics,404390.0,430790.0,476348.0,417066.0,388938.0,394276.0,394226.0,357243.0,364534.0,378157.0
경기도 - 폭력범죄 - 검거건수,Statistics,56040.0,63356.0,65508.0,62818.0,62930.0,64123.0,58408.0,51615.0,54360.0,52045.0
경기도 - 폭력범죄 - 검거인원,Statistics,86758.0,93270.0,96045.0,92518.0,91299.0,91914.0,84016.0,69902.0,73161.0,68469.0
경기도 - 폭력범죄 - 발생건수,Statistics,67827.0,73631.0,75495.0,71994.0,72672.0,73825.0,68089.0,59885.0,63963.0,59986.0
경상남도 - 강력범죄 (강제추행) - 검거건수,Statistics,587.0,595.0,672.0,738.0,695.0,735.0,693.0,659.0,722.0,714.0
경상남도 - 강력범죄 (강제추행) - 검거인원,Statistics,554.0,639.0,727.0,796.0,757.0,801.0,752.0,695.0,756.0,716.0
경상남도 - 강력범죄 (강제추행) - 발생건수,Statistics,626.0,622.0,678.0,761.0,711.0,732.0,698.0,687.0,743.0,754.0
경상남도 - 강력범죄 (기타 강간 등) - 검거건수,Statistics,51.0,34.0,26.0,17.0,27.0,24.0,15.0,21.0,15.0,13.0
경상남도 - 강력범죄 (기타 강간 등) - 검거인원,Statistics,68.0,42.0,30.0,18.0,35.0,32.0,19.0,21.0,19.0,18.0
경상남도 - 강력범죄 (기타 강간 등) - 발생건수,Statistics,52.0,36.0,26.0,18.0,28.0,25.0,15.0,21.0,16.0,13.0
경상남도 - 강력범죄 (방화) - 검거건수,Statistics,91.0,100.0,87.0,74.0,92.0,52.0,75.0,64.0,76.0,73.0
경상남도 - 강력범죄 (방화) - 검거인원,Statistics,93.0,110.0,86.0,74.0,90.0,59.0,76.0,65.0,76.0,68.0
경상남도 - 강력범죄 (방화) - 발생건수,Statistics,109.0,107.0,91.0,78.0,97.0,58.0,80.0,71.0,84.0,80.0
경상남도 - 강력범죄 (살인기수) - 검거건수,Statistics,28.0,24.0,22.0,25.0,19.0,19.0,25.0,21.0,14.0,19.0
경상남도 - 강력범죄 (살인기수) - 검거인원,Statistics,44.0,27.0,28.0,25.0,21.0,21.0,27.0,23.0,16.0,20.0
경상남도 - 강력범죄 (살인기수) - 발생건수,Statistics,28.0,23.0,22.0,25.0,19.0,19.0,25.0,21.0,14.0,18.0
경상남도 - 강력범죄 소계 - 검거건수,Statistics,1170.0,1223.0,1171.0,1232.0,1229.0,1210.0,1204.0,1089.0,1203.0,1182.0
경상남도 - 강력범죄 소계 - 검거인원,Statistics,1204.0,1345.0,1303.0,1362.0,1343.0,1351.0,1341.0,1204.0,1283.0,1233.0
경상남도 - 강력범죄 소계 - 발생건수,Statistics,1250.0,1262.0,1181.0,1260.0,1257.0,1211.0,1228.0,1142.0,1248.0,1238.0
경상남도 - 강력범죄(강간) - 검거건수,Statistics,277.0,318.0,234.0,246.0,256.0,265.0,275.0,221.0,280.0,249.0
경상남도 - 강력범죄(강간) - 검거인원,Statistics,292.0,317.0,282.0,304.0,295.0,290.0,316.0,273.0,304.0,271.0
경상남도 - 강력범죄(강간) - 발생건수,Statistics,295.0,325.0,236.0,253.0,259.0,263.0,286.0,238.0,295.0,259.0
경상남도 - 강력범죄(강도) - 검거건수,Statistics,78.0,88.0,69.0,65.0,47.0,40.0,42.0,33.0,30.0,39.0
경상남도 - 강력범죄(강도) - 검거인원,Statistics,90.0,142.0,85.0,79.0,54.0,52.0,61.0,52.0,44.0,63.0
경상남도 - 강력범죄(강도) - 발생건수,Statistics,79.0,84.0,67.0,59.0,49.0,38.0,42.0,33.0,29.0,38.0
경상남도 - 강력범죄(살인미수 등) - 검거건수,Statistics,42.0,43.0,34.0,40.0,41.0,34.0,37.0,24.0,27.0,30.0
경상남도 - 강력범죄(살인미수 등) - 검거인원,Statistics,48.0,47.0,37.0,37.0,43.0,43.0,41.0,25.0,28.0,29.0
경상남도 - 강력범죄(살인미수 등) - 발생건수,Statistics,44.0,44.0,34.0,40.0,42.0,34.0,38.0,24.0,30.0,31.0
경상남도 - 강력범죄(유사강간) - 검거건수,Statistics,16.0,21.0,27.0,27.0,52.0,41.0,42.0,46.0,39.0,45.0
경상남도 - 강력범죄(유사강간) - 검거인원,Statistics,15.0,21.0,28.0,29.0,48.0,53.0,49.0,50.0,40.0,48.0
경상남도 - 강력범죄(유사강간) - 발생건수,Statistics,17.0,21.0,27.0,26.0,52.0,42.0,44.0,47.0,37.0,45.0
경상남도 - 기타범죄 - 검거건수,Statistics,66461.0,73384.0,73962.0,64687.0,54937.0,58731.0,54955.0,48922.0,47881.0,48331.0
경상남도 - 기타범죄 - 검거인원,Statistics,87182.0,92951.0,92081.0,79466.0,68050.0,73960.0,71524.0,56756.0,54471.0,51005.0
경상남도 - 기타범죄 - 발생건수,Statistics,77526.0,83796.0,83278.0,71718.0,61809.0,66445.0,67288.0,60648.0,60485.0,60582.0
경상남도 - 절도범죄 - 검거건수,Statistics,8103.0,8494.0,7733.0,7491.0,7183.0,7142.0,8096.0,7387.0,7899.0,10269.0
경상남도 - 절도범죄 - 검거인원,Statistics,4797.0,5173.0,5366.0,5501.0,4854.0,4961.0,5148.0,4586.0,5053.0,5195.0
경상남도 - 절도범죄 - 발생건수,Statistics,17215.0,15828.0,12337.0,11212.0,11090.0,11544.0,12714.0,11523.0,12262.0,14282.0
경상남도 - 총범죄 - 검거건수,Statistics,89455.0,98467.0,98528.0,88207.0,77723.0,82143.0,78886.0,70058.0,69694.0,72298.0
경상남도 - 총범죄 - 검거인원,Statistics,113300.0,121227.0,120725.0,107299.0,94165.0,101098.0,98247.0,79335.0,77671.0,73651.0
경상남도 - 총범죄 - 발생건수,Statistics,112253.0,118843.0,114410.0,100775.0,90267.0,96212.0,97998.0,87879.0,88852.0,90536.0
경상남도 - 폭력범죄 - 검거건수,Statistics,13721.0,15366.0,15662.0,14797.0,14374.0,15060.0,14631.0,12660.0,12711.0,12516.0
경상남도 - 폭력범죄 - 검거인원,Statistics,20117.0,21758.0,21975.0,20970.0,19918.0,20826.0,20234.0,16789.0,16864.0,16218.0
경상남도 - 폭력범죄 - 발생건수,Statistics,16262.0,17957.0,17614.0,16585.0,16111.0,17012.0,16768.0,14566.0,14857.0,14434.0
경상북도 - 강력범죄 (강제추행) - 검거건수,Statistics,436.0,494.0,488.0,542.0,559.0,589.0,549.0,572.0,506.0,573.0
경상북도 - 강력범죄 (강제추행) - 검거인원,Statistics,447.0,512.0,509.0,596.0,635.0,684.0,627.0,581.0,526.0,579.0
경상북도 - 강력범죄 (강제추행) - 발생건수,Statistics,465.0,495.0,492.0,548.0,566.0,592.0,552.0,589.0,536.0,588.0
경상북도 - 강력범죄 (기타 강간 등) - 검거건수,Statistics,48.0,36.0,18.0,14.0,27.0,25.0,9.0,16.0,11.0,9.0
경상북도 - 강력범죄 (기타 강간 등) - 검거인원,Statistics,49.0,62.0,24.0,15.0,31.0,37.0,11.0,20.0,11.0,17.0
경상북도 - 강력범죄 (기타 강간 등) - 발생건수,Statistics,50.0,33.0,18.0,15.0,26.0,24.0,9.0,15.0,12.0,8.0
경상북도 - 강력범죄 (방화) - 검거건수,Statistics,72.0,72.0,73.0,72.0,58.0,79.0,77.0,41.0,73.0,66.0
경상북도 - 강력범죄 (방화) - 검거인원,Statistics,70.0,72.0,74.0,71.0,64.0,83.0,73.0,45.0,66.0,67.0
경상북도 - 강력범죄 (방화) - 발생건수,Statistics,88.0,77.0,80.0,79.0,65.0,85.0,85.0,45.0,78.0,71.0
경상북도 - 강력범죄 (살인기수) - 검거건수,Statistics,27.0,20.0,21.0,24.0,18.0,18.0,14.0,15.0,11.0,13.0
경상북도 - 강력범죄 (살인기수) - 검거인원,Statistics,29.0,20.0,27.0,36.0,21.0,22.0,15.0,18.0,11.0,13.0
경상북도 - 강력범죄 (살인기수) - 발생건수,Statistics,28.0,20.0,21.0,28.0,17.0,18.0,14.0,15.0,11.0,13.0
경상북도 - 강력범죄 소계 - 검거건수,Statistics,889.0,996.0,925.0,995.0,999.0,1066.0,959.0,990.0,928.0,963.0
경상북도 - 강력범죄 소계 - 검거인원,Statistics,964.0,1072.0,1033.0,1128.0,1163.0,1323.0,1107.0,1050.0,958.0,998.0
경상북도 - 강력범죄 소계 - 발생건수,Statistics,964.0,1003.0,947.0,1015.0,1017.0,1083.0,977.0,1031.0,979.0,1005.0
경상북도 - 강력범죄(강간) - 검거건수,Statistics,221.0,258.0,240.0,240.0,239.0,270.0,237.0,264.0,245.0,209.0
경상북도 - 강력범죄(강간) - 검거인원,Statistics,255.0,278.0,287.0,288.0,291.0,394.0,288.0,293.0,252.0,220.0
경상북도 - 강력범죄(강간) - 발생건수,Statistics,241.0,260.0,247.0,243.0,243.0,282.0,244.0,283.0,259.0,227.0
경상북도 - 강력범죄(강도) - 검거건수,Statistics,49.0,69.0,44.0,47.0,37.0,29.0,19.0,23.0,17.0,25.0
경상북도 - 강력범죄(강도) - 검거인원,Statistics,72.0,75.0,68.0,67.0,45.0,40.0,26.0,26.0,19.0,31.0
경상북도 - 강력범죄(강도) - 발생건수,Statistics,55.0,71.0,46.0,48.0,36.0,26.0,17.0,22.0,15.0,27.0
경상북도 - 강력범죄(살인미수 등) - 검거건수,Statistics,27.0,24.0,25.0,20.0,27.0,18.0,16.0,16.0,24.0,30.0
경상북도 - 강력범죄(살인미수 등) - 검거인원,Statistics,31.0,28.0,25.0,20.0,28.0,20.0,21.0,17.0,26.0,30.0
경상북도 - 강력범죄(살인미수 등) - 발생건수,Statistics,26.0,24.0,26.0,19.0,28.0,19.0,16.0,16.0,24.0,31.0
경상북도 - 강력범죄(유사강간) - 검거건수,Statistics,9.0,23.0,16.0,36.0,34.0,38.0,38.0,43.0,41.0,38.0
경상북도 - 강력범죄(유사강간) - 검거인원,Statistics,11.0,25.0,19.0,35.0,48.0,43.0,46.0,50.0,47.0,41.0
경상북도 - 강력범죄(유사강간) - 발생건수,Statistics,11.0,23.0,17.0,35.0,36.0,37.0,40.0,46.0,44.0,40.0
경상북도 - 기타범죄 - 검거건수,Statistics,54797.0,58323.0,57543.0,51826.0,47459.0,47719.0,44807.0,38543.0,36171.0,38308.0
경상북도 - 기타범죄 - 검거인원,Statistics,73469.0,76298.0,72526.0,65561.0,60039.0,61448.0,58306.0,46237.0,43032.0,39404.0
경상북도 - 기타범죄 - 발생건수,Statistics,64003.0,66569.0,64239.0,57808.0,53540.0,54115.0,51308.0,45410.0,45190.0,46739.0
경상북도 - 절도범죄 - 검거건수,Statistics,4644.0,5381.0,4797.0,5536.0,5131.0,5949.0,5761.0,5530.0,6675.0,6479.0
경상북도 - 절도범죄 - 검거인원,Statistics,3675.0,3805.0,3926.0,4086.0,3830.0,4248.0,4128.0,3522.0,4012.0,4075.0
경상북도 - 절도범죄 - 발생건수,Statistics,11740.0,10819.0,9285.0,8635.0,7621.0,8799.0,8871.0,8586.0,9846.0,9312.0
경상북도 - 총범죄 - 검거건수,Statistics,70690.0,76233.0,75157.0,69376.0,64240.0,66656.0,62513.0,54086.0,52943.0,55014.0
경상북도 - 총범죄 - 검거인원,Statistics,93093.0,97375.0,93822.0,86156.0,79637.0,83214.0,78843.0,62743.0,60029.0,56200.0
경상북도 - 총범죄 - 발생건수,Statistics,88938.0,91876.0,88059.0,80061.0,74356.0,77449.0,73762.0,65553.0,66928.0,67953.0
경상북도 - 폭력범죄 - 검거건수,Statistics,10360.0,11533.0,11892.0,11019.0,10651.0,11922.0,10986.0,9023.0,9169.0,9264.0
경상북도 - 폭력범죄 - 검거인원,Statistics,14985.0,16200.0,16337.0,15381.0,14605.0,16195.0,15302.0,11934.0,12027.0,11723.0
경상북도 - 폭력범죄 - 발생건수,Statistics,12231.0,13485.0,13588.0,12603.0,12178.0,13452.0,12606.0,10526.0,10913.0,10897.0
경찰청 - 강력범죄 (강제추행) - 검거건수,Statistics,,,,,,,1.0,,,
경찰청 - 강력범죄 (강제추행) - 검거인원,Statistics,,,,,1.0,,1.0,,,
경찰청 - 강력범죄 소계 - 검거건수,Statistics,,1.0,,,,,2.0,,,
경찰청 - 강력범죄 소계 - 검거인원,Statistics,1.0,1.0,,,1.0,,1.0,1.0,,
경찰청 - 강력범죄(강간) - 검거건수,Statistics,,,,,,,1.0,,,
경찰청 - 강력범죄(강간) - 검거인원,Statistics,1.0,,,,,,,1.0,,
경찰청 - 강력범죄(살인미수 등) - 검거건수,Statistics,,1.0,,,,,,,,
경찰청 - 강력범죄(살인미수 등) - 검거인원,Statistics,,1.0,,,,,,,,
경찰청 - 기타범죄 - 검거건수,Statistics,91.0,75.0,87.0,63.0,90.0,42.0,66.0,68.0,44.0,129.0
경찰청 - 기타범죄 - 검거인원,Statistics,481.0,365.0,405.0,266.0,434.0,238.0,187.0,181.0,144.0,481.0
경찰청 - 절도범죄 - 검거건수,Statistics,,,,,1.0,,,,,
경찰청 - 총범죄 - 검거건수,Statistics,91.0,76.0,88.0,64.0,91.0,42.0,69.0,68.0,44.0,132.0
경찰청 - 총범죄 - 검거인원,Statistics,482.0,366.0,406.0,268.0,437.0,238.0,198.0,183.0,145.0,484.0
경찰청 - 폭력범죄 - 검거건수,Statistics,,,1.0,1.0,,,1.0,,,3.0
경찰청 - 폭력범죄 - 검거인원,Statistics,,,1.0,2.0,2.0,,10.0,1.0,1.0,3.0
광주광역시 - 강력범죄 (강제추행) - 검거건수,Statistics,545.0,490.0,497.0,489.0,482.0,466.0,393.0,369.0,385.0,443.0
광주광역시 - 강력범죄 (강제추행) - 검거인원,Statistics,523.0,484.0,504.0,515.0,550.0,513.0,436.0,388.0,409.0,453.0
광주광역시 - 강력범죄 (강제추행) - 발생건수,Statistics,573.0,494.0,495.0,489.0,481.0,453.0,391.0,367.0,391.0,467.0
광주광역시 - 강력범죄 (기타 강간 등) - 검거건수,Statistics,22.0,23.0,15.0,11.0,21.0,6.0,13.0,4.0,7.0,8.0
광주광역시 - 강력범죄 (기타 강간 등) - 검거인원,Statistics,29.0,24.0,16.0,14.0,26.0,9.0,20.0,6.0,9.0,8.0
광주광역시 - 강력범죄 (기타 강간 등) - 발생건수,Statistics,23.0,22.0,15.0,10.0,18.0,6.0,13.0,4.0,8.0,8.0
광주광역시 - 강력범죄 (방화) - 검거건수,Statistics,36.0,43.0,41.0,34.0,28.0,40.0,14.0,20.0,33.0,41.0
광주광역시 - 강력범죄 (방화) - 검거인원,Statistics,40.0,42.0,37.0,32.0,30.0,42.0,15.0,22.0,28.0,39.0
광주광역시 - 강력범죄 (방화) - 발생건수,Statistics,44.0,48.0,38.0,35.0,27.0,42.0,16.0,22.0,35.0,41.0
광주광역시 - 강력범죄 (살인기수) - 검거건수,Statistics,12.0,10.0,9.0,3.0,10.0,10.0,7.0,6.0,2.0,13.0
광주광역시 - 강력범죄 (살인기수) - 검거인원,Statistics,10.0,10.0,10.0,3.0,11.0,15.0,9.0,6.0,5.0,13.0
광주광역시 - 강력범죄 (살인기수) - 발생건수,Statistics,12.0,11.0,9.0,3.0,10.0,11.0,7.0,5.0,1.0,12.0
광주광역시 - 강력범죄 소계 - 검거건수,Statistics,907.0,866.0,819.0,807.0,808.0,768.0,633.0,597.0,615.0,725.0
광주광역시 - 강력범죄 소계 - 검거인원,Statistics,920.0,901.0,870.0,927.0,970.0,924.0,759.0,647.0,679.0,753.0
광주광역시 - 강력범죄 소계 - 발생건수,Statistics,950.0,860.0,803.0,802.0,792.0,754.0,632.0,585.0,631.0,755.0
광주광역시 - 강력범죄(강간) - 검거건수,Statistics,208.0,227.0,177.0,207.0,206.0,188.0,163.0,155.0,144.0,157.0
광주광역시 - 강력범죄(강간) - 검거인원,Statistics,230.0,247.0,214.0,270.0,279.0,247.0,226.0,179.0,182.0,166.0
광주광역시 - 강력범죄(강간) - 발생건수,Statistics,220.0,217.0,170.0,204.0,197.0,185.0,159.0,146.0,152.0,163.0
광주광역시 - 강력범죄(강도) - 검거건수,Statistics,60.0,47.0,47.0,32.0,28.0,28.0,22.0,13.0,10.0,20.0
광주광역시 - 강력범죄(강도) - 검거인원,Statistics,68.0,66.0,54.0,61.0,39.0,60.0,28.0,16.0,9.0,29.0
광주광역시 - 강력범죄(강도) - 발생건수,Statistics,53.0,44.0,47.0,33.0,27.0,28.0,24.0,13.0,10.0,21.0
광주광역시 - 강력범죄(살인미수 등) - 검거건수,Statistics,8.0,8.0,9.0,6.0,8.0,6.0,3.0,4.0,2.0,12.0
광주광역시 - 강력범죄(살인미수 등) - 검거인원,Statistics,5.0,7.0,11.0,7.0,8.0,8.0,3.0,4.0,2.0,12.0
광주광역시 - 강력범죄(살인미수 등) - 발생건수,Statistics,7.0,7.0,8.0,6.0,8.0,5.0,3.0,4.0,2.0,12.0
광주광역시 - 강력범죄(유사강간) - 검거건수,Statistics,16.0,18.0,24.0,25.0,25.0,24.0,18.0,26.0,32.0,31.0
광주광역시 - 강력범죄(유사강간) - 검거인원,Statistics,15.0,21.0,24.0,25.0,27.0,30.0,22.0,26.0,35.0,33.0
광주광역시 - 강력범죄(유사강간) - 발생건수,Statistics,18.0,17.0,21.0,22.0,24.0,24.0,19.0,24.0,32.0,31.0
광주광역시 - 기타범죄 - 검거건수,Statistics,35582.0,36100.0,33686.0,30802.0,27236.0,27476.0,26859.0,23780.0,21514.0,23633.0
광주광역시 - 기타범죄 - 검거인원,Statistics,51111.0,48850.0,45444.0,40233.0,35415.0,34918.0,35539.0,29130.0,27428.0,26633.0
광주광역시 - 기타범죄 - 발생건수,Statistics,43287.0,42346.0,38806.0,34224.0,29676.0,29905.0,30570.0,27301.0,26766.0,28799.0
광주광역시 - 절도범죄 - 검거건수,Statistics,6662.0,5409.0,4242.0,3486.0,3314.0,3290.0,3307.0,3222.0,3709.0,4444.0
광주광역시 - 절도범죄 - 검거인원,Statistics,3748.0,3433.0,3455.0,3044.0,2899.0,2851.0,3013.0,2591.0,2907.0,3390.0
광주광역시 - 절도범죄 - 발생건수,Statistics,10390.0,8425.0,6052.0,4815.0,4834.0,4922.0,4939.0,4885.0,5207.0,6007.0
광주광역시 - 총범죄 - 검거건수,Statistics,51871.0,50686.0,46387.0,42653.0,38808.0,39518.0,37472.0,33461.0,31426.0,34648.0
광주광역시 - 총범죄 - 검거인원,Statistics,68097.0,64965.0,60522.0,55231.0,49920.0,49873.0,48803.0,40175.0,38467.0,38324.0
광주광역시 - 총범죄 - 발생건수,Statistics,64822.0,61234.0,54271.0,48213.0,43569.0,44274.0,43517.0,39392.0,38900.0,42058.0
광주광역시 - 폭력범죄 - 검거건수,Statistics,8720.0,8311.0,7640.0,7558.0,7450.0,7984.0,6673.0,5862.0,5588.0,5846.0
광주광역시 - 폭력범죄 - 검거인원,Statistics,12318.0,11781.0,10753.0,11027.0,10636.0,11180.0,9492.0,7807.0,7453.0,7548.0
광주광역시 - 폭력범죄 - 발생건수,Statistics,10195.0,9603.0,8610.0,8372.0,8267.0,8693.0,7376.0,6621.0,6296.0,6497.0
대구광역시 - 강력범죄 (강제추행) - 검거건수,Statistics,611.0,630.0,630.0,597.0,684.0,683.0,543.0,545.0,625.0,728.0
대구광역시 - 강력범죄 (강제추행) - 검거인원,Statistics,574.0,604.0,628.0,648.0,758.0,791.0,609.0,574.0,663.0,746.0
대구광역시 - 강력범죄 (강제추행) - 발생건수,Statistics,680.0,645.0,634.0,611.0,694.0,697.0,552.0,561.0,647.0,745.0
대구광역시 - 강력범죄 (기타 강간 등) - 검거건수,Statistics,75.0,17.0,16.0,11.0,20.0,11.0,11.0,11.0,10.0,10.0
대구광역시 - 강력범죄 (기타 강간 등) - 검거인원,Statistics,68.0,17.0,24.0,10.0,28.0,26.0,20.0,12.0,13.0,11.0
대구광역시 - 강력범죄 (기타 강간 등) - 발생건수,Statistics,70.0,19.0,15.0,8.0,19.0,11.0,11.0,11.0,10.0,10.0
대구광역시 - 강력범죄 (방화) - 검거건수,Statistics,74.0,78.0,64.0,65.0,66.0,60.0,49.0,44.0,46.0,46.0
대구광역시 - 강력범죄 (방화) - 검거인원,Statistics,72.0,82.0,62.0,70.0,63.0,60.0,53.0,39.0,47.0,46.0
대구광역시 - 강력범죄 (방화) - 발생건수,Statistics,81.0,86.0,68.0,71.0,69.0,62.0,52.0,54.0,50.0,52.0
대구광역시 - 강력범죄 (살인기수) - 검거건수,Statistics,15.0,14.0,18.0,18.0,9.0,14.0,15.0,11.0,16.0,11.0
대구광역시 - 강력범죄 (살인기수) - 검거인원,Statistics,18.0,14.0,20.0,21.0,9.0,16.0,16.0,12.0,19.0,10.0
대구광역시 - 강력범죄 (살인기수) - 발생건수,Statistics,16.0,13.0,18.0,16.0,9.0,14.0,15.0,11.0,16.0,11.0
대구광역시 - 강력범죄 소계 - 검거건수,Statistics,1100.0,1058.0,1030.0,986.0,1112.0,1084.0,903.0,892.0,981.0,1090.0
대구광역시 - 강력범죄 소계 - 검거인원,Statistics,1089.0,1082.0,1062.0,1132.0,1304.0,1274.0,1054.0,952.0,1055.0,1137.0
대구광역시 - 강력범죄 소계 - 발생건수,Statistics,1157.0,1082.0,1032.0,999.0,1132.0,1095.0,917.0,927.0,1027.0,1126.0
대구광역시 - 강력범죄(강간) - 검거건수,Statistics,231.0,214.0,199.0,198.0,239.0,218.0,211.0,211.0,207.0,224.0
대구광역시 - 강력범죄(강간) - 검거인원,Statistics,260.0,237.0,214.0,222.0,317.0,255.0,259.0,236.0,229.0,233.0
대구광역시 - 강력범죄(강간) - 발생건수,Statistics,217.0,215.0,197.0,200.0,247.0,215.0,213.0,220.0,215.0,239.0
대구광역시 - 강력범죄(강도) - 검거건수,Statistics,65.0,61.0,54.0,42.0,43.0,32.0,33.0,23.0,29.0,26.0
대구광역시 - 강력범죄(강도) - 검거인원,Statistics,74.0,80.0,77.0,102.0,67.0,43.0,55.0,30.0,37.0,45.0
대구광역시 - 강력범죄(강도) - 발생건수,Statistics,63.0,60.0,51.0,37.0,44.0,30.0,33.0,23.0,31.0,24.0
대구광역시 - 강력범죄(살인미수 등) - 검거건수,Statistics,18.0,22.0,13.0,30.0,22.0,27.0,13.0,13.0,15.0,12.0
대구광역시 - 강력범죄(살인미수 등) - 검거인원,Statistics,16.0,26.0,13.0,32.0,25.0,30.0,15.0,12.0,14.0,11.0
대구광역시 - 강력범죄(살인미수 등) - 발생건수,Statistics,18.0,23.0,12.0,30.0,21.0,27.0,13.0,13.0,15.0,12.0
대구광역시 - 강력범죄(유사강간) - 검거건수,Statistics,11.0,22.0,36.0,25.0,29.0,39.0,28.0,34.0,33.0,33.0
대구광역시 - 강력범죄(유사강간) - 검거인원,Statistics,7.0,22.0,24.0,27.0,37.0,53.0,27.0,37.0,33.0,35.0
대구광역시 - 강력범죄(유사강간) - 발생건수,Statistics,12.0,21.0,37.0,26.0,29.0,39.0,28.0,34.0,43.0,33.0
대구광역시 - 기타범죄 - 검거건수,Statistics,56289.0,59327.0,53142.0,46999.0,43860.0,44984.0,43190.0,38482.0,36652.0,35634.0
대구광역시 - 기타범죄 - 검거인원,Statistics,75893.0,77137.0,69439.0,58196.0,55970.0,57106.0,53397.0,45305.0,40690.0,36788.0
대구광역시 - 기타범죄 - 발생건수,Statistics,66267.0,70336.0,61374.0,52010.0,49653.0,52061.0,50503.0,46672.0,44608.0,44729.0
대구광역시 - 절도범죄 - 검거건수,Statistics,7310.0,7173.0,5930.0,4930.0,4897.0,5272.0,5051.0,5911.0,6237.0,6209.0
대구광역시 - 절도범죄 - 검거인원,Statistics,4902.0,4992.0,5429.0,4882.0,4681.0,4929.0,4495.0,4041.0,4321.0,4393.0
대구광역시 - 절도범죄 - 발생건수,Statistics,14603.0,12767.0,9180.0,8311.0,8179.0,9253.0,8672.0,9305.0,9787.0,9817.0
대구광역시 - 총범죄 - 검거건수,Statistics,75862.0,80041.0,72905.0,64971.0,61494.0,62966.0,59719.0,54752.0,53621.0,52527.0
대구광역시 - 총범죄 - 검거인원,Statistics,97830.0,100101.0,93317.0,80956.0,78300.0,79634.0,73606.0,62888.0,58912.0,54806.0
대구광역시 - 총범죄 - 발생건수,Statistics,95753.0,98897.0,86150.0,75016.0,72341.0,75797.0,72373.0,67915.0,66786.0,66674.0
대구광역시 - 폭력범죄 - 검거건수,Statistics,11163.0,12483.0,12803.0,12056.0,11625.0,11626.0,10575.0,9467.0,9751.0,9594.0
대구광역시 - 폭력범죄 - 검거인원,Statistics,15946.0,16890.0,17387.0,16746.0,16345.0,16325.0,14660.0,12590.0,12846.0,12488.0
대구광역시 - 폭력범죄 - 발생건수,Statistics,13726.0,14712.0,14564.0,13696.0,13377.0,13388.0,12281.0,11011.0,11364.0,11002.0
대전광역시 - 강력범죄 (강제추행) - 검거건수,Statistics,368.0,357.0,409.0,463.0,485.0,449.0,443.0,443.0,471.0,444.0
대전광역시 - 강력범죄 (강제추행) - 검거인원,Statistics,318.0,362.0,424.0,482.0,489.0,489.0,476.0,459.0,480.0,438.0
대전광역시 - 강력범죄 (강제추행) - 발생건수,Statistics,365.0,365.0,420.0,481.0,531.0,493.0,451.0,449.0,503.0,446.0
대전광역시 - 강력범죄 (기타 강간 등) - 검거건수,Statistics,34.0,11.0,17.0,9.0,7.0,19.0,6.0,9.0,2.0,2.0
대전광역시 - 강력범죄 (기타 강간 등) - 검거인원,Statistics,43.0,22.0,16.0,9.0,10.0,22.0,9.0,10.0,2.0,4.0
대전광역시 - 강력범죄 (기타 강간 등) - 발생건수,Statistics,29.0,13.0,16.0,9.0,9.0,16.0,8.0,9.0,2.0,2.0
대전광역시 - 강력범죄 (방화) - 검거건수,Statistics,33.0,39.0,45.0,35.0,40.0,43.0,34.0,38.0,37.0,19.0
대전광역시 - 강력범죄 (방화) - 검거인원,Statistics,35.0,44.0,29.0,39.0,42.0,50.0,45.0,27.0,39.0,20.0
대전광역시 - 강력범죄 (방화) - 발생건수,Statistics,42.0,41.0,44.0,37.0,46.0,48.0,38.0,39.0,40.0,23.0
대전광역시 - 강력범죄 (살인기수) - 검거건수,Statistics,12.0,8.0,16.0,8.0,4.0,6.0,12.0,11.0,6.0,5.0
대전광역시 - 강력범죄 (살인기수) - 검거인원,Statistics,16.0,8.0,14.0,12.0,4.0,13.0,12.0,12.0,7.0,5.0
대전광역시 - 강력범죄 (살인기수) - 발생건수,Statistics,12.0,8.0,16.0,8.0,4.0,7.0,9.0,11.0,6.0,6.0
대전광역시 - 강력범죄 소계 - 검거건수,Statistics,739.0,691.0,723.0,783.0,798.0,749.0,722.0,698.0,775.0,731.0
대전광역시 - 강력범죄 소계 - 검거인원,Statistics,734.0,745.0,760.0,851.0,852.0,860.0,798.0,732.0,823.0,738.0
대전광역시 - 강력범죄 소계 - 발생건수,Statistics,726.0,703.0,725.0,803.0,847.0,804.0,732.0,717.0,816.0,736.0
대전광역시 - 강력범죄(강간) - 검거건수,Statistics,173.0,184.0,174.0,180.0,178.0,166.0,180.0,151.0,199.0,186.0
대전광역시 - 강력범죄(강간) - 검거인원,Statistics,182.0,200.0,200.0,195.0,198.0,191.0,196.0,174.0,221.0,195.0
대전광역시 - 강력범죄(강간) - 발생건수,Statistics,169.0,183.0,171.0,179.0,175.0,174.0,178.0,165.0,203.0,185.0
대전광역시 - 강력범죄(강도) - 검거건수,Statistics,91.0,61.0,37.0,41.0,54.0,24.0,14.0,9.0,17.0,21.0
대전광역시 - 강력범죄(강도) - 검거인원,Statistics,109.0,82.0,49.0,65.0,75.0,51.0,23.0,13.0,33.0,25.0
대전광역시 - 강력범죄(강도) - 발생건수,Statistics,82.0,64.0,35.0,42.0,51.0,25.0,14.0,9.0,17.0,20.0
대전광역시 - 강력범죄(살인미수 등) - 검거건수,Statistics,17.0,16.0,10.0,13.0,10.0,11.0,8.0,9.0,11.0,15.0
대전광역시 - 강력범죄(살인미수 등) - 검거인원,Statistics,19.0,15.0,10.0,13.0,11.0,11.0,9.0,10.0,11.0,15.0
대전광역시 - 강력범죄(살인미수 등) - 발생건수,Statistics,17.0,16.0,9.0,14.0,11.0,11.0,9.0,8.0,11.0,15.0
대전광역시 - 강력범죄(유사강간) - 검거건수,Statistics,11.0,15.0,15.0,34.0,20.0,31.0,25.0,28.0,32.0,39.0
대전광역시 - 강력범죄(유사강간) - 검거인원,Statistics,12.0,12.0,18.0,36.0,23.0,33.0,28.0,27.0,30.0,36.0
대전광역시 - 강력범죄(유사강간) - 발생건수,Statistics,10.0,13.0,14.0,33.0,20.0,30.0,25.0,27.0,34.0,39.0
대전광역시 - 기타범죄 - 검거건수,Statistics,25089.0,26896.0,29256.0,28766.0,26649.0,26457.0,25622.0,21615.0,21996.0,21592.0
대전광역시 - 기타범죄 - 검거인원,Statistics,35387.0,36001.0,38049.0,36124.0,35067.0,35209.0,34340.0,25583.0,26035.0,23152.0
대전광역시 - 기타범죄 - 발생건수,Statistics,28537.0,30540.0,32142.0,31158.0,29931.0,30286.0,30355.0,27074.0,29118.0,29076.0
대전광역시 - 절도범죄 - 검거건수,Statistics,5607.0,4851.0,4067.0,3823.0,3624.0,3842.0,3524.0,3345.0,3746.0,3971.0
대전광역시 - 절도범죄 - 검거인원,Statistics,3182.0,3080.0,3072.0,3131.0,3011.0,3063.0,2911.0,2561.0,2805.0,2854.0
대전광역시 - 절도범죄 - 발생건수,Statistics,11427.0,9502.0,6983.0,6214.0,5541.0,5856.0,5258.0,5044.0,6033.0,5969.0
대전광역시 - 총범죄 - 검거건수,Statistics,36923.0,39940.0,42316.0,41433.0,39454.0,38509.0,37376.0,31997.0,33425.0,33123.0
대전광역시 - 총범죄 - 검거인원,Statistics,48070.0,50589.0,53155.0,51540.0,50618.0,49583.0,48381.0,37313.0,38698.0,35600.0
대전광역시 - 총범죄 - 발생건수,Statistics,47565.0,49593.0,49038.0,46988.0,45527.0,45167.0,44623.0,39982.0,43736.0,43327.0
대전광역시 - 폭력범죄 - 검거건수,Statistics,5488.0,7502.0,8270.0,8061.0,8383.0,7461.0,7508.0,6339.0,6908.0,6829.0
대전광역시 - 폭력범죄 - 검거인원,Statistics,8767.0,10763.0,11274.0,11434.0,11688.0,10451.0,10332.0,8437.0,9035.0,8856.0
대전광역시 - 폭력범죄 - 발생건수,Statistics,6875.0,8848.0,9188.0,8813.0,9208.0,8221.0,8278.0,7147.0,7769.0,7546.0
부산광역시 - 강력범죄 (강제추행) - 검거건수,Statistics,1020.0,986.0,892.0,1222.0,1038.0,1066.0,1004.0,894.0,1009.0,1021.0
부산광역시 - 강력범죄 (강제추행) - 검거인원,Statistics,932.0,975.0,927.0,1314.0,1136.0,1211.0,1109.0,971.0,1071.0,1046.0
부산광역시 - 강력범죄 (강제추행) - 발생건수,Statistics,1035.0,998.0,948.0,1284.0,1082.0,1109.0,1037.0,941.0,1064.0,1082.0
부산광역시 - 강력범죄 (기타 강간 등) - 검거건수,Statistics,82.0,39.0,31.0,22.0,14.0,15.0,9.0,19.0,16.0,10.0
부산광역시 - 강력범죄 (기타 강간 등) - 검거인원,Statistics,85.0,38.0,37.0,24.0,20.0,20.0,13.0,20.0,21.0,14.0
부산광역시 - 강력범죄 (기타 강간 등) - 발생건수,Statistics,79.0,37.0,30.0,23.0,13.0,15.0,10.0,19.0,14.0,12.0
부산광역시 - 강력범죄 (방화) - 검거건수,Statistics,97.0,111.0,93.0,85.0,101.0,95.0,81.0,49.0,82.0,50.0
부산광역시 - 강력범죄 (방화) - 검거인원,Statistics,99.0,109.0,94.0,84.0,98.0,97.0,87.0,46.0,83.0,52.0
부산광역시 - 강력범죄 (방화) - 발생건수,Statistics,108.0,117.0,98.0,89.0,108.0,99.0,86.0,54.0,89.0,55.0
부산광역시 - 강력범죄 (살인기수) - 검거건수,Statistics,19.0,20.0,27.0,22.0,25.0,21.0,21.0,16.0,27.0,16.0
부산광역시 - 강력범죄 (살인기수) - 검거인원,Statistics,23.0,29.0,28.0,25.0,28.0,23.0,24.0,16.0,27.0,21.0
부산광역시 - 강력범죄 (살인기수) - 발생건수,Statistics,20.0,19.0,28.0,21.0,25.0,21.0,21.0,16.0,28.0,16.0
부산광역시 - 강력범죄 소계 - 검거건수,Statistics,1865.0,1778.0,1566.0,1859.0,1657.0,1663.0,1544.0,1424.0,1586.0,1567.0
부산광역시 - 강력범죄 소계 - 검거인원,Statistics,1814.0,1933.0,1736.0,2061.0,1876.0,1901.0,1788.0,1558.0,1714.0,1628.0
부산광역시 - 강력범죄 소계 - 발생건수,Statistics,1858.0,1778.0,1626.0,1938.0,1709.0,1714.0,1592.0,1489.0,1695.0,1639.0
부산광역시 - 강력범죄(강간) - 검거건수,Statistics,433.0,393.0,314.0,330.0,322.0,293.0,300.0,312.0,317.0,340.0
부산광역시 - 강력범죄(강간) - 검거인원,Statistics,430.0,437.0,342.0,391.0,382.0,335.0,346.0,334.0,358.0,348.0
부산광역시 - 강력범죄(강간) - 발생건수,Statistics,400.0,383.0,315.0,335.0,322.0,298.0,306.0,323.0,349.0,345.0
부산광역시 - 강력범죄(강도) - 검거건수,Statistics,125.0,167.0,143.0,95.0,85.0,83.0,40.0,49.0,44.0,31.0
부산광역시 - 강력범죄(강도) - 검거인원,Statistics,151.0,272.0,238.0,132.0,129.0,124.0,107.0,71.0,53.0,39.0
부산광역시 - 강력범죄(강도) - 발생건수,Statistics,131.0,161.0,137.0,101.0,86.0,82.0,39.0,51.0,44.0,27.0
부산광역시 - 강력범죄(살인미수 등) - 검거건수,Statistics,53.0,40.0,42.0,39.0,28.0,42.0,29.0,30.0,24.0,35.0
부산광역시 - 강력범죄(살인미수 등) - 검거인원,Statistics,55.0,44.0,44.0,39.0,29.0,43.0,30.0,36.0,31.0,41.0
부산광역시 - 강력범죄(살인미수 등) - 발생건수,Statistics,50.0,40.0,42.0,40.0,27.0,42.0,30.0,30.0,24.0,36.0
부산광역시 - 강력범죄(유사강간) - 검거건수,Statistics,36.0,22.0,24.0,44.0,44.0,48.0,60.0,55.0,67.0,64.0
부산광역시 - 강력범죄(유사강간) - 검거인원,Statistics,39.0,29.0,26.0,52.0,54.0,48.0,72.0,64.0,70.0,67.0
부산광역시 - 강력범죄(유사강간) - 발생건수,Statistics,35.0,23.0,28.0,45.0,46.0,48.0,63.0,55.0,83.0,66.0
부산광역시 - 기타범죄 - 검거건수,Statistics,75743.0,78300.0,76389.0,69605.0,65037.0,65579.0,67242.0,55143.0,54646.0,56227.0
부산광역시 - 기타범죄 - 검거인원,Statistics,104393.0,107797.0,102702.0,90766.0,87030.0,86500.0,83540.0,66189.0,64780.0,60778.0
부산광역시 - 기타범죄 - 발생건수,Statistics,88803.0,97894.0,90386.0,78204.0,74658.0,76246.0,78807.0,70156.0,72418.0,73300.0
부산광역시 - 절도범죄 - 검거건수,Statistics,10455.0,11211.0,10325.0,10924.0,9685.0,9012.0,9406.0,8232.0,9058.0,10631.0
부산광역시 - 절도범죄 - 검거인원,Statistics,9470.0,10460.0,9807.0,10365.0,9201.0,8243.0,7831.0,6449.0,6860.0,7400.0
부산광역시 - 절도범죄 - 발생건수,Statistics,21967.0,20116.0,16766.0,15804.0,14358.0,14489.0,14168.0,12670.0,13688.0,15047.0
부산광역시 - 총범죄 - 검거건수,Statistics,105422.0,108723.0,105877.0,99788.0,93342.0,94026.0,94536.0,78412.0,79655.0,82470.0
부산광역시 - 총범죄 - 검거인원,Statistics,141047.0,144795.0,139563.0,128303.0,122300.0,121703.0,115912.0,92397.0,92421.0,87590.0
부산광역시 - 총범죄 - 발생건수,Statistics,133755.0,140700.0,129211.0,116449.0,110628.0,113138.0,113652.0,100439.0,105057.0,106433.0
부산광역시 - 폭력범죄 - 검거건수,Statistics,17359.0,17434.0,17597.0,17400.0,16963.0,17772.0,16344.0,13613.0,14365.0,14045.0
부산광역시 - 폭력범죄 - 검거인원,Statistics,25370.0,24605.0,25318.0,25111.0,24193.0,25059.0,22753.0,18201.0,19067.0,17784.0
부산광역시 - 폭력범죄 - 발생건수,Statistics,21127.0,20912.0,20433.0,20503.0,19903.0,20689.0,19085.0,16124.0,17256.0,16447.0
서울특별시 - 강력범죄 (강제추행) - 검거건수,Statistics,3690.0,3914.0,4315.0,5236.0,4671.0,4596.0,3980.0,3188.0,3973.0,4027.0
서울특별시 - 강력범죄 (강제추행) - 검거인원,Statistics,3827.0,4102.0,4555.0,5576.0,5161.0,5085.0,4429.0,3437.0,4252.0,4103.0
서울특별시 - 강력범죄 (강제추행) - 발생건수,Statistics,4130.0,4268.0,4676.0,5592.0,5001.0,4987.0,4212.0,3554.0,4356.0,4357.0
서울특별시 - 강력범죄 (기타 강간 등) - 검거건수,Statistics,186.0,88.0,66.0,60.0,57.0,53.0,58.0,41.0,34.0,22.0
서울특별시 - 강력범죄 (기타 강간 등) - 검거인원,Statistics,223.0,126.0,82.0,69.0,86.0,93.0,83.0,49.0,39.0,33.0
서울특별시 - 강력범죄 (기타 강간 등) - 발생건수,Statistics,181.0,94.0,72.0,60.0,59.0,52.0,58.0,40.0,36.0,20.0
서울특별시 - 강력범죄 (방화) - 검거건수,Statistics,236.0,266.0,247.0,195.0,262.0,223.0,191.0,164.0,191.0,194.0
서울특별시 - 강력범죄 (방화) - 검거인원,Statistics,276.0,291.0,266.0,200.0,260.0,242.0,206.0,176.0,203.0,211.0
서울특별시 - 강력범죄 (방화) - 발생건수,Statistics,314.0,315.0,286.0,225.0,293.0,252.0,222.0,186.0,217.0,221.0
서울특별시 - 강력범죄 (살인기수) - 검거건수,Statistics,52.0,65.0,47.0,47.0,44.0,46.0,42.0,41.0,34.0,42.0
서울특별시 - 강력범죄 (살인기수) - 검거인원,Statistics,53.0,75.0,52.0,54.0,55.0,60.0,53.0,59.0,44.0,46.0
서울특별시 - 강력범죄 (살인기수) - 발생건수,Statistics,53.0,67.0,47.0,50.0,45.0,47.0,52.0,48.0,37.0,42.0
서울특별시 - 강력범죄 소계 - 검거건수,Statistics,5644.0,5749.0,6216.0,7063.0,6598.0,6491.0,5909.0,4839.0,5748.0,5850.0
서울특별시 - 강력범죄 소계 - 검거인원,Statistics,6245.0,6307.0,6824.0,7703.0,7378.0,7431.0,6889.0,5371.0,6234.0,6089.0
서울특별시 - 강력범죄 소계 - 발생건수,Statistics,6276.0,6204.0,6698.0,7499.0,6991.0,6993.0,6265.0,5344.0,6257.0,6264.0
서울특별시 - 강력범죄(강간) - 검거건수,Statistics,986.0,954.0,1072.0,1123.0,1148.0,1194.0,1234.0,1044.0,1120.0,1129.0
서울특별시 - 강력범죄(강간) - 검거인원,Statistics,1153.0,1106.0,1212.0,1303.0,1306.0,1417.0,1505.0,1215.0,1216.0,1172.0
서울특별시 - 강력범죄(강간) - 발생건수,Statistics,1051.0,970.0,1131.0,1167.0,1171.0,1258.0,1294.0,1138.0,1203.0,1161.0
서울특별시 - 강력범죄(강도) - 검거건수,Statistics,299.0,257.0,257.0,170.0,151.0,133.0,134.0,116.0,113.0,117.0
서울특별시 - 강력범죄(강도) - 검거인원,Statistics,484.0,379.0,415.0,246.0,218.0,254.0,294.0,169.0,183.0,184.0
서울특별시 - 강력범죄(강도) - 발생건수,Statistics,343.0,276.0,262.0,169.0,143.0,136.0,139.0,122.0,118.0,129.0
서울특별시 - 강력범죄(살인미수 등) - 검거건수,Statistics,100.0,91.0,100.0,93.0,95.0,82.0,84.0,72.0,65.0,102.0
서울특별시 - 강력범죄(살인미수 등) - 검거인원,Statistics,131.0,115.0,126.0,99.0,104.0,91.0,87.0,83.0,63.0,116.0
서울특별시 - 강력범죄(살인미수 등) - 발생건수,Statistics,105.0,96.0,101.0,92.0,98.0,89.0,89.0,77.0,68.0,108.0
서울특별시 - 강력범죄(유사강간) - 검거건수,Statistics,95.0,114.0,112.0,139.0,170.0,164.0,186.0,173.0,218.0,217.0
서울특별시 - 강력범죄(유사강간) - 검거인원,Statistics,98.0,113.0,116.0,156.0,188.0,189.0,232.0,183.0,234.0,224.0
서울특별시 - 강력범죄(유사강간) - 발생건수,Statistics,99.0,118.0,123.0,144.0,181.0,172.0,199.0,179.0,222.0,226.0
서울특별시 - 기타범죄 - 검거건수,Statistics,179522.0,182775.0,182540.0,172971.0,164494.0,160294.0,152871.0,130889.0,127163.0,133754.0
서울특별시 - 기타범죄 - 검거인원,Statistics,287132.0,283625.0,278103.0,254715.0,253758.0,251923.0,242985.0,193442.0,197335.0,166141.0
서울특별시 - 기타범죄 - 발생건수,Statistics,224970.0,229795.0,224904.0,212083.0,206709.0,205310.0,203198.0,177260.0,188797.0,190779.0
서울특별시 - 절도범죄 - 검거건수,Statistics,19120.0,21842.0,22566.0,21421.0,19762.0,21284.0,19705.0,17950.0,20205.0,21600.0
서울특별시 - 절도범죄 - 검거인원,Statistics,20660.0,21436.0,22209.0,21839.0,20306.0,21352.0,19852.0,17464.0,19781.0,20020.0
서울특별시 - 절도범죄 - 발생건수,Statistics,59391.0,55307.0,46857.0,41162.0,39175.0,42204.0,38293.0,33531.0,37579.0,37038.0
서울특별시 - 총범죄 - 검거건수,Statistics,258863.0,265788.0,267282.0,253081.0,239291.0,235360.0,219684.0,189140.0,192540.0,198771.0
서울특별시 - 총범죄 - 검거인원,Statistics,398304.0,393805.0,388136.0,358515.0,350388.0,346844.0,326217.0,263634.0,276483.0,241235.0
서울특별시 - 총범죄 - 발생건수,Statistics,355991.0,356575.0,343104.0,320193.0,308997.0,309269.0,296178.0,257969.0,279507.0,277213.0
서울특별시 - 폭력범죄 - 검거건수,Statistics,54577.0,55422.0,55960.0,51626.0,48437.0,47291.0,41199.0,35462.0,39424.0,37567.0
서울특별시 - 폭력범죄 - 검거인원,Statistics,84267.0,82437.0,81000.0,74258.0,68946.0,66138.0,56491.0,47357.0,53133.0,48985.0
서울특별시 - 폭력범죄 - 발생건수,Statistics,65354.0,65269.0,64645.0,59449.0,56122.0,54762.0,48422.0,41834.0,46874.0,43132.0
세종특별자치시 - 강력범죄 (강제추행) - 검거건수,Statistics,,,,,,48.0,46.0,48.0,69.0,78.0
세종특별자치시 - 강력범죄 (강제추행) - 검거인원,Statistics,,,,,,52.0,49.0,52.0,70.0,82.0
세종특별자치시 - 강력범죄 (강제추행) - 발생건수,Statistics,,,,,,49.0,48.0,50.0,73.0,82.0
세종특별자치시 - 강력범죄 (기타 강간 등) - 검거건수,Statistics,,,,,,,2.0,1.0,1.0,
세종특별자치시 - 강력범죄 (기타 강간 등) - 검거인원,Statistics,,,,,,,2.0,1.0,2.0,
세종특별자치시 - 강력범죄 (기타 강간 등) - 발생건수,Statistics,,,,,,1.0,2.0,1.0,1.0,
세종특별자치시 - 강력범죄 (방화) - 검거건수,Statistics,,,,,,2.0,,1.0,7.0,3.0
세종특별자치시 - 강력범죄 (방화) - 검거인원,Statistics,,,,,,2.0,,1.0,5.0,2.0
세종특별자치시 - 강력범죄 (방화) - 발생건수,Statistics,,,,,,2.0,2.0,2.0,8.0,4.0
세종특별자치시 - 강력범죄 (살인기수) - 검거건수,Statistics,,,,,,2.0,4.0,2.0,2.0,
세종특별자치시 - 강력범죄 (살인기수) - 검거인원,Statistics,,,,,,2.0,5.0,4.0,4.0,
세종특별자치시 - 강력범죄 (살인기수) - 발생건수,Statistics,,,,,,2.0,4.0,1.0,2.0,
세종특별자치시 - 강력범죄 소계 - 검거건수,Statistics,,,,,,65.0,89.0,83.0,112.0,115.0
세종특별자치시 - 강력범죄 소계 - 검거인원,Statistics,,,,,,71.0,103.0,90.0,118.0,122.0
세종특별자치시 - 강력범죄 소계 - 발생건수,Statistics,,,,,,68.0,92.0,84.0,121.0,118.0
세종특별자치시 - 강력범죄(강간) - 검거건수,Statistics,,,,,,11.0,29.0,24.0,22.0,29.0
세종특별자치시 - 강력범죄(강간) - 검거인원,Statistics,,,,,,13.0,34.0,24.0,25.0,33.0
세종특별자치시 - 강력범죄(강간) - 발생건수,Statistics,,,,,,12.0,28.0,22.0,26.0,27.0
세종특별자치시 - 강력범죄(강도) - 검거건수,Statistics,,,,,,,2.0,,2.0,
세종특별자치시 - 강력범죄(강도) - 검거인원,Statistics,,,,,,,5.0,,2.0,
세종특별자치시 - 강력범죄(강도) - 발생건수,Statistics,,,,,,,2.0,1.0,2.0,
세종특별자치시 - 강력범죄(살인미수 등) - 검거건수,Statistics,,,,,,1.0,4.0,3.0,3.0,3.0
세종특별자치시 - 강력범죄(살인미수 등) - 검거인원,Statistics,,,,,,1.0,6.0,2.0,3.0,3.0
세종특별자치시 - 강력범죄(살인미수 등) - 발생건수,Statistics,,,,,,1.0,4.0,3.0,3.0,3.0
세종특별자치시 - 강력범죄(유사강간) - 검거건수,Statistics,,,,,,1.0,2.0,4.0,6.0,2.0
세종특별자치시 - 강력범죄(유사강간) - 검거인원,Statistics,,,,,,1.0,2.0,6.0,7.0,2.0
세종특별자치시 - 강력범죄(유사강간) - 발생건수,Statistics,,,,,,1.0,2.0,4.0,6.0,2.0
세종특별자치시 - 기타범죄 - 검거건수,Statistics,,,,,,3205.0,3168.0,2900.0,3004.0,3790.0
세종특별자치시 - 기타범죄 - 검거인원,Statistics,,,,,,4671.0,5128.0,4268.0,4136.0,4419.0
세종특별자치시 - 기타범죄 - 발생건수,Statistics,,,,,,4316.0,4433.0,3943.0,4432.0,5196.0
세종특별자치시 - 절도범죄 - 검거건수,Statistics,,,,,,373.0,371.0,423.0,594.0,577.0
세종특별자치시 - 절도범죄 - 검거인원,Statistics,,,,,,339.0,299.0,372.0,474.0,559.0
세종특별자치시 - 절도범죄 - 발생건수,Statistics,,,,,,850.0,876.0,1043.0,1110.0,1279.0
세종특별자치시 - 총범죄 - 검거건수,Statistics,,,,,,4359.0,4326.0,4062.0,4460.0,5334.0
세종특별자치시 - 총범죄 - 검거인원,Statistics,,,,,,6044.0,6492.0,5590.0,5723.0,6254.0
세종특별자치시 - 총범죄 - 발생건수,Statistics,,,,,,6111.0,6276.0,5937.0,6575.0,7603.0
세종특별자치시 - 폭력범죄 - 검거건수,Statistics,,,,,,716.0,698.0,656.0,750.0,852.0
세종특별자치시 - 폭력범죄 - 검거인원,Statistics,,,,,,963.0,962.0,860.0,995.0,1154.0
세종특별자치시 - 폭력범죄 - 발생건수,Statistics,,,,,,877.0,875.0,867.0,912.0,1010.0
울산광역시 - 강력범죄 (강제추행) - 검거건수,Statistics,296.0,289.0,291.0,306.0,301.0,308.0,315.0,270.0,308.0,321.0
울산광역시 - 강력범죄 (강제추행) - 검거인원,Statistics,311.0,298.0,335.0,319.0,323.0,336.0,367.0,285.0,319.0,322.0
울산광역시 - 강력범죄 (강제추행) - 발생건수,Statistics,298.0,295.0,294.0,303.0,300.0,310.0,320.0,283.0,310.0,325.0
울산광역시 - 강력범죄 (기타 강간 등) - 검거건수,Statistics,16.0,11.0,8.0,8.0,8.0,15.0,4.0,5.0,10.0,5.0
울산광역시 - 강력범죄 (기타 강간 등) - 검거인원,Statistics,22.0,13.0,14.0,11.0,10.0,20.0,8.0,5.0,11.0,5.0
울산광역시 - 강력범죄 (기타 강간 등) - 발생건수,Statistics,14.0,9.0,9.0,9.0,8.0,15.0,4.0,5.0,10.0,5.0
울산광역시 - 강력범죄 (방화) - 검거건수,Statistics,37.0,31.0,38.0,30.0,28.0,19.0,27.0,23.0,22.0,16.0
울산광역시 - 강력범죄 (방화) - 검거인원,Statistics,40.0,31.0,51.0,34.0,33.0,20.0,28.0,21.0,22.0,19.0
울산광역시 - 강력범죄 (방화) - 발생건수,Statistics,36.0,34.0,38.0,33.0,31.0,19.0,31.0,26.0,26.0,17.0
울산광역시 - 강력범죄 (살인기수) - 검거건수,Statistics,11.0,11.0,8.0,5.0,8.0,10.0,6.0,8.0,8.0,8.0
울산광역시 - 강력범죄 (살인기수) - 검거인원,Statistics,13.0,12.0,7.0,6.0,8.0,10.0,7.0,24.0,9.0,9.0
울산광역시 - 강력범죄 (살인기수) - 발생건수,Statistics,12.0,12.0,7.0,5.0,8.0,10.0,6.0,8.0,8.0,9.0
울산광역시 - 강력범죄 소계 - 검거건수,Statistics,545.0,521.0,520.0,485.0,496.0,515.0,485.0,456.0,482.0,493.0
울산광역시 - 강력범죄 소계 - 검거인원,Statistics,616.0,580.0,620.0,549.0,561.0,589.0,583.0,502.0,512.0,521.0
울산광역시 - 강력범죄 소계 - 발생건수,Statistics,536.0,530.0,523.0,486.0,494.0,519.0,503.0,477.0,496.0,504.0
울산광역시 - 강력범죄(강간) - 검거건수,Statistics,129.0,127.0,114.0,96.0,110.0,104.0,97.0,114.0,105.0,97.0
울산광역시 - 강력범죄(강간) - 검거인원,Statistics,160.0,143.0,133.0,119.0,137.0,111.0,120.0,120.0,115.0,113.0
울산광역시 - 강력범죄(강간) - 발생건수,Statistics,126.0,131.0,111.0,97.0,108.0,106.0,104.0,120.0,111.0,103.0
울산광역시 - 강력범죄(강도) - 검거건수,Statistics,38.0,31.0,32.0,25.0,27.0,28.0,14.0,11.0,9.0,9.0
울산광역시 - 강력범죄(강도) - 검거인원,Statistics,50.0,57.0,40.0,41.0,33.0,57.0,24.0,19.0,19.0,18.0
울산광역시 - 강력범죄(강도) - 발생건수,Statistics,32.0,29.0,33.0,25.0,26.0,28.0,14.0,11.0,10.0,8.0
울산광역시 - 강력범죄(살인미수 등) - 검거건수,Statistics,11.0,11.0,14.0,12.0,2.0,10.0,6.0,8.0,7.0,11.0
울산광역시 - 강력범죄(살인미수 등) - 검거인원,Statistics,11.0,11.0,22.0,13.0,4.0,12.0,7.0,10.0,7.0,12.0
울산광역시 - 강력범죄(살인미수 등) - 발생건수,Statistics,11.0,10.0,15.0,12.0,2.0,9.0,6.0,6.0,7.0,11.0
울산광역시 - 강력범죄(유사강간) - 검거건수,Statistics,7.0,10.0,15.0,3.0,12.0,21.0,16.0,17.0,13.0,26.0
울산광역시 - 강력범죄(유사강간) - 검거인원,Statistics,9.0,15.0,18.0,6.0,13.0,23.0,22.0,18.0,10.0,23.0
울산광역시 - 강력범죄(유사강간) - 발생건수,Statistics,7.0,10.0,16.0,2.0,11.0,22.0,18.0,18.0,14.0,26.0
울산광역시 - 기타범죄 - 검거건수,Statistics,23546.0,26501.0,24687.0,21183.0,19726.0,19928.0,18843.0,17198.0,15230.0,17140.0
울산광역시 - 기타범죄 - 검거인원,Statistics,32495.0,35049.0,33401.0,28665.0,26700.0,27065.0,25060.0,22251.0,20671.0,19009.0
울산광역시 - 기타범죄 - 발생건수,Statistics,27204.0,30316.0,27260.0,23510.0,22533.0,23018.0,22265.0,20405.0,18479.0,21157.0
울산광역시 - 절도범죄 - 검거건수,Statistics,2711.0,3216.0,2587.0,2271.0,1865.0,1926.0,1835.0,1936.0,2090.0,2196.0
울산광역시 - 절도범죄 - 검거인원,Statistics,2299.0,2604.0,2515.0,2334.0,1776.0,1742.0,1705.0,1954.0,2091.0,2080.0
울산광역시 - 절도범죄 - 발생건수,Statistics,5787.0,5456.0,4217.0,3565.0,3342.0,3205.0,3101.0,3152.0,3272.0,3252.0
울산광역시 - 총범죄 - 검거건수,Statistics,33462.0,37446.0,34631.0,30471.0,27651.0,27657.0,26035.0,24062.0,22291.0,24143.0
울산광역시 - 총범죄 - 검거인원,Statistics,45488.0,48964.0,46274.0,41136.0,36888.0,36707.0,34257.0,30816.0,29349.0,27318.0
울산광역시 - 총범죄 - 발생건수,Statistics,41167.0,44569.0,39799.0,34912.0,32764.0,32780.0,31381.0,29085.0,27286.0,29859.0
울산광역시 - 폭력범죄 - 검거건수,Statistics,6660.0,7208.0,6837.0,6532.0,5564.0,5288.0,4872.0,4472.0,4489.0,4314.0
울산광역시 - 폭력범죄 - 검거인원,Statistics,10078.0,10731.0,9738.0,9588.0,7851.0,7311.0,6909.0,6109.0,6075.0,5708.0
울산광역시 - 폭력범죄 - 발생건수,Statistics,7640.0,8267.0,7799.0,7351.0,6395.0,6038.0,5512.0,5051.0,5039.0,4946.0
인천광역시 - 강력범죄 (강제추행) - 검거건수,Statistics,802.0,935.0,1153.0,1257.0,1154.0,1161.0,986.0,865.0,1000.0,930.0
인천광역시 - 강력범죄 (강제추행) - 검거인원,Statistics,829.0,971.0,1202.0,1383.0,1264.0,1291.0,1110.0,916.0,1060.0,986.0
인천광역시 - 강력범죄 (강제추행) - 발생건수,Statistics,822.0,927.0,1175.0,1284.0,1163.0,1185.0,978.0,894.0,1031.0,972.0
인천광역시 - 강력범죄 (기타 강간 등) - 검거건수,Statistics,64.0,35.0,29.0,14.0,24.0,16.0,12.0,13.0,19.0,12.0
인천광역시 - 강력범죄 (기타 강간 등) - 검거인원,Statistics,78.0,41.0,34.0,18.0,28.0,21.0,20.0,14.0,27.0,14.0
인천광역시 - 강력범죄 (기타 강간 등) - 발생건수,Statistics,58.0,31.0,27.0,14.0,19.0,14.0,14.0,12.0,16.0,12.0
인천광역시 - 강력범죄 (방화) - 검거건수,Statistics,88.0,87.0,68.0,72.0,67.0,70.0,59.0,55.0,62.0,75.0
인천광역시 - 강력범죄 (방화) - 검거인원,Statistics,84.0,90.0,71.0,76.0,70.0,73.0,64.0,59.0,69.0,74.0
인천광역시 - 강력범죄 (방화) - 발생건수,Statistics,111.0,94.0,84.0,81.0,77.0,73.0,66.0,57.0,70.0,77.0
인천광역시 - 강력범죄 (살인기수) - 검거건수,Statistics,15.0,16.0,20.0,13.0,23.0,21.0,14.0,20.0,12.0,23.0
인천광역시 - 강력범죄 (살인기수) - 검거인원,Statistics,15.0,15.0,28.0,14.0,26.0,21.0,18.0,23.0,12.0,22.0
인천광역시 - 강력범죄 (살인기수) - 발생건수,Statistics,15.0,17.0,20.0,11.0,23.0,20.0,12.0,20.0,13.0,20.0
인천광역시 - 강력범죄 소계 - 검거건수,Statistics,1448.0,1555.0,1793.0,1856.0,1738.0,1741.0,1539.0,1407.0,1549.0,1495.0
인천광역시 - 강력범죄 소계 - 검거인원,Statistics,1560.0,1707.0,2011.0,2140.0,1942.0,1994.0,1788.0,1551.0,1688.0,1590.0
인천광역시 - 강력범죄 소계 - 발생건수,Statistics,1477.0,1546.0,1814.0,1883.0,1745.0,1755.0,1523.0,1437.0,1601.0,1546.0
인천광역시 - 강력범죄(강간) - 검거건수,Statistics,319.0,312.0,358.0,356.0,371.0,338.0,355.0,344.0,332.0,325.0
인천광역시 - 강력범죄(강간) - 검거인원,Statistics,353.0,363.0,425.0,419.0,413.0,403.0,404.0,378.0,373.0,346.0
인천광역시 - 강력범죄(강간) - 발생건수,Statistics,308.0,305.0,345.0,352.0,362.0,328.0,339.0,343.0,343.0,333.0
인천광역시 - 강력범죄(강도) - 검거건수,Statistics,109.0,104.0,89.0,75.0,37.0,53.0,44.0,34.0,29.0,63.0
인천광역시 - 강력범죄(강도) - 검거인원,Statistics,148.0,153.0,172.0,155.0,62.0,97.0,94.0,79.0,45.0,78.0
인천광역시 - 강력범죄(강도) - 발생건수,Statistics,111.0,103.0,88.0,73.0,36.0,60.0,45.0,34.0,30.0,60.0
인천광역시 - 강력범죄(살인미수 등) - 검거건수,Statistics,33.0,33.0,28.0,25.0,21.0,29.0,24.0,19.0,37.0,18.0
인천광역시 - 강력범죄(살인미수 등) - 검거인원,Statistics,34.0,35.0,26.0,28.0,27.0,28.0,24.0,23.0,38.0,19.0
인천광역시 - 강력범죄(살인미수 등) - 발생건수,Statistics,35.0,34.0,28.0,24.0,21.0,28.0,24.0,21.0,37.0,19.0
인천광역시 - 강력범죄(유사강간) - 검거건수,Statistics,18.0,33.0,48.0,44.0,41.0,53.0,45.0,57.0,58.0,49.0
인천광역시 - 강력범죄(유사강간) - 검거인원,Statistics,19.0,39.0,53.0,47.0,52.0,60.0,54.0,59.0,64.0,51.0
인천광역시 - 강력범죄(유사강간) - 발생건수,Statistics,17.0,35.0,47.0,44.0,44.0,47.0,45.0,56.0,61.0,53.0
인천광역시 - 기타범죄 - 검거건수,Statistics,55796.0,58063.0,59006.0,53347.0,48613.0,50209.0,48188.0,40188.0,41134.0,46097.0
인천광역시 - 기타범죄 - 검거인원,Statistics,84630.0,85981.0,84620.0,74388.0,68424.0,73817.0,73080.0,57103.0,56924.0,54389.0
인천광역시 - 기타범죄 - 발생건수,Statistics,66281.0,69680.0,68697.0,60917.0,55859.0,59164.0,59845.0,52009.0,56598.0,62215.0
인천광역시 - 절도범죄 - 검거건수,Statistics,5966.0,6445.0,6711.0,6256.0,6250.0,7147.0,6068.0,5787.0,6450.0,7348.0
인천광역시 - 절도범죄 - 검거인원,Statistics,5435.0,5793.0,6706.0,6191.0,5720.0,6583.0,6024.0,5142.0,5876.0,6291.0
인천광역시 - 절도범죄 - 발생건수,Statistics,9716.0,10670.0,10019.0,9192.0,9459.0,10049.0,8983.0,8171.0,8893.0,9567.0
인천광역시 - 총범죄 - 검거건수,Statistics,77218.0,81716.0,85071.0,78792.0,73831.0,77051.0,71762.0,60697.0,62634.0,67806.0
인천광역시 - 총범죄 - 검거인원,Statistics,113568.0,116797.0,119092.0,108076.0,100916.0,107557.0,103502.0,82003.0,82816.0,79249.0
인천광역시 - 총범죄 - 발생건수,Statistics,94210.0,99915.0,100387.0,91385.0,86391.0,90608.0,88143.0,76584.0,82397.0,87831.0
인천광역시 - 폭력범죄 - 검거건수,Statistics,14008.0,15653.0,17561.0,17333.0,17230.0,17954.0,15967.0,13315.0,13501.0,12866.0
인천광역시 - 폭력범죄 - 검거인원,Statistics,21943.0,23316.0,25755.0,25357.0,24830.0,25163.0,22610.0,18207.0,18328.0,16979.0
인천광역시 - 폭력범죄 - 발생건수,Statistics,16736.0,18019.0,19857.0,19393.0,19328.0,19640.0,17792.0,14967.0,15305.0,14503.0
전국 - 강력범죄 (강제추행) - 검거건수,Statistics,13584.0,14355.0,15384.0,17219.0,16324.0,16395.0,14864.0,13215.0,14953.0,15477.0
전국 - 강력범죄 (강제추행) - 검거인원,Statistics,13651.0,14701.0,16215.0,18522.0,17943.0,18216.0,16649.0,14030.0,15800.0,15857.0
전국 - 강력범죄 (강제추행) - 발생건수,Statistics,14611.0,15059.0,16054.0,17947.0,17053.0,17120.0,15344.0,13962.0,15864.0,16189.0
전국 - 강력범죄 (기타 강간 등) - 검거건수,Statistics,1037.0,555.0,408.0,305.0,356.0,326.0,235.0,238.0,224.0,182.0
전국 - 강력범죄 (기타 강간 등) - 검거인원,Statistics,1231.0,703.0,535.0,376.0,472.0,504.0,358.0,276.0,284.0,221.0
전국 - 강력범죄 (기타 강간 등) - 발생건수,Statistics,991.0,558.0,408.0,304.0,356.0,325.0,237.0,238.0,225.0,176.0
전국 - 강력범죄 (방화) - 검거건수,Statistics,1419.0,1482.0,1363.0,1242.0,1564.0,1240.0,1115.0,949.0,1111.0,1088.0
전국 - 강력범죄 (방화) - 검거인원,Statistics,1485.0,1541.0,1419.0,1298.0,1394.0,1332.0,1203.0,953.0,1162.0,1095.0
전국 - 강력범죄 (방화) - 발생건수,Statistics,1723.0,1673.0,1502.0,1372.0,1691.0,1362.0,1228.0,1046.0,1233.0,1203.0
전국 - 강력범죄 (살인기수) - 검거건수,Statistics,358.0,357.0,348.0,301.0,298.0,299.0,299.0,261.0,265.0,279.0
전국 - 강력범죄 (살인기수) - 검거인원,Statistics,431.0,407.0,386.0,354.0,358.0,362.0,349.0,321.0,308.0,298.0
전국 - 강력범죄 (살인기수) - 발생건수,Statistics,362.0,365.0,356.0,301.0,309.0,297.0,308.0,270.0,275.0,278.0
전국 - 강력범죄 소계 - 검거건수,Statistics,23897.0,24373.0,24897.0,26334.0,25811.0,25507.0,23556.0,21294.0,23521.0,23940.0
전국 - 강력범죄 소계 - 검거인원,Statistics,25671.0,26334.0,27487.0,29353.0,28859.0,29462.0,27491.0,23305.0,25420.0,25037.0
전국 - 강력범죄 소계 - 발생건수,Statistics,25277.0,25334.0,25765.0,27274.0,26787.0,26476.0,24332.0,22476.0,24954.0,24939.0
전국 - 강력범죄(강간) - 검거건수,Statistics,5051.0,5101.0,5097.0,5134.0,5206.0,5197.0,5183.0,4981.0,5151.0,4985.0
전국 - 강력범죄(강간) - 검거인원,Statistics,5641.0,5710.0,5916.0,6012.0,6087.0,6230.0,6243.0,5695.0,5725.0,5284.0
전국 - 강력범죄(강간) - 발생건수,Statistics,5078.0,5151.0,5155.0,5223.0,5293.0,5310.0,5313.0,5263.0,5467.0,5120.0
전국 - 강력범죄(강도) - 검거건수,Statistics,1546.0,1457.0,1168.0,977.0,821.0,801.0,658.0,487.0,507.0,567.0
전국 - 강력범죄(강도) - 검거인원,Statistics,2224.0,2128.0,1789.0,1525.0,1219.0,1376.0,1258.0,766.0,788.0,863.0
전국 - 강력범죄(강도) - 발생건수,Statistics,1586.0,1446.0,1149.0,967.0,821.0,798.0,663.0,495.0,516.0,573.0
전국 - 강력범죄(살인미수 등) - 검거건수,Statistics,543.0,552.0,561.0,525.0,484.0,481.0,406.0,380.0,416.0,475.0
전국 - 강력범죄(살인미수 등) - 검거인원,Statistics,613.0,605.0,621.0,567.0,525.0,534.0,472.0,421.0,430.0,513.0
전국 - 강력범죄(살인미수 등) - 발생건수,Statistics,551.0,564.0,558.0,524.0,488.0,482.0,416.0,388.0,427.0,492.0
전국 - 강력범죄(유사강간) - 검거건수,Statistics,359.0,514.0,568.0,631.0,758.0,768.0,796.0,783.0,894.0,887.0
전국 - 강력범죄(유사강간) - 검거인원,Statistics,395.0,539.0,606.0,699.0,861.0,908.0,959.0,843.0,923.0,906.0
전국 - 강력범죄(유사강간) - 발생건수,Statistics,375.0,518.0,583.0,636.0,776.0,782.0,823.0,814.0,947.0,908.0
전국 - 기타범죄 - 검거건수,Statistics,1005949.0,1086092.0,1137913.0,1015989.0,944543.0,950797.0,923554.0,810550.0,786773.0,830477.0
전국 - 기타범죄 - 검거인원,Statistics,1437576.0,1485440.0,1504334.0,1324274.0,1242087.0,1260178.0,1231466.0,980095.0,954689.0,877300.0
전국 - 기타범죄 - 발생건수,Statistics,1197388.0,1284523.0,1311254.0,1158224.0,1089544.0,1110560.0,1118249.0,1008280.0,1029923.0,1071130.0
전국 - 절도범죄 - 검거건수,Statistics,119467.0,127368.0,118597.0,113771.0,106669.0,113673.0,111246.0,104013.0,113705.0,126820.0
전국 - 절도범죄 - 검거인원,Statistics,99854.0,106686.0,109417.0,108508.0,100392.0,104696.0,102018.0,87562.0,96453.0,100970.0
전국 - 절도범죄 - 발생건수,Statistics,266222.0,245853.0,203037.0,183757.0,176809.0,186957.0,179517.0,166409.0,182270.0,189570.0
전국 - 총범죄 - 검거건수,Statistics,1392111.0,1500234.0,1552455.0,1413717.0,1328609.0,1342854.0,1289129.0,1136665.0,1133788.0,1185985.0
전국 - 총범죄 - 검거인원,Statistics,1930325.0,1999065.0,2029873.0,1833495.0,1728602.0,1749015.0,1684367.0,1360405.0,1357038.0,1269790.0
전국 - 총범죄 - 발생건수,Statistics,1778966.0,1861657.0,1849450.0,1662341.0,1580751.0,1611906.0,1587866.0,1429826.0,1482433.0,1520200.0
전국 - 폭력범죄 - 검거건수,Statistics,242798.0,262401.0,271048.0,257623.0,251586.0,252877.0,230773.0,200808.0,209789.0,204748.0
전국 - 폭력범죄 - 검거인원,Statistics,367224.0,380605.0,388635.0,371360.0,357264.0,354679.0,323392.0,269443.0,280476.0,266483.0
전국 - 폭력범죄 - 발생건수,Statistics,290079.0,305947.0,309394.0,293086.0,287611.0,287913.0,265768.0,232661.0,245286.0,234561.0
전라남도 - 강력범죄 (강제추행) - 검거건수,Statistics,398.0,381.0,433.0,415.0,470.0,464.0,456.0,457.0,430.0,439.0
전라남도 - 강력범죄 (강제추행) - 검거인원,Statistics,438.0,395.0,460.0,449.0,529.0,499.0,498.0,484.0,470.0,447.0
전라남도 - 강력범죄 (강제추행) - 발생건수,Statistics,432.0,402.0,440.0,433.0,488.0,487.0,465.0,486.0,450.0,449.0
전라남도 - 강력범죄 (기타 강간 등) - 검거건수,Statistics,56.0,28.0,21.0,20.0,26.0,18.0,12.0,13.0,11.0,8.0
전라남도 - 강력범죄 (기타 강간 등) - 검거인원,Statistics,73.0,41.0,32.0,25.0,31.0,28.0,14.0,17.0,17.0,9.0
전라남도 - 강력범죄 (기타 강간 등) - 발생건수,Statistics,52.0,29.0,21.0,22.0,25.0,17.0,10.0,13.0,10.0,8.0
전라남도 - 강력범죄 (방화) - 검거건수,Statistics,62.0,61.0,61.0,68.0,45.0,53.0,48.0,43.0,44.0,50.0
전라남도 - 강력범죄 (방화) - 검거인원,Statistics,66.0,68.0,59.0,66.0,49.0,62.0,51.0,41.0,48.0,45.0
전라남도 - 강력범죄 (방화) - 발생건수,Statistics,71.0,70.0,65.0,76.0,46.0,62.0,52.0,45.0,51.0,56.0
전라남도 - 강력범죄 (살인기수) - 검거건수,Statistics,21.0,17.0,15.0,13.0,15.0,8.0,15.0,17.0,14.0,17.0
전라남도 - 강력범죄 (살인기수) - 검거인원,Statistics,21.0,21.0,15.0,13.0,16.0,8.0,16.0,18.0,15.0,17.0
전라남도 - 강력범죄 (살인기수) - 발생건수,Statistics,22.0,17.0,15.0,13.0,15.0,6.0,15.0,18.0,15.0,17.0
전라남도 - 강력범죄 소계 - 검거건수,Statistics,776.0,787.0,792.0,792.0,819.0,828.0,770.0,779.0,729.0,747.0
전라남도 - 강력범죄 소계 - 검거인원,Statistics,898.0,863.0,903.0,869.0,934.0,928.0,883.0,849.0,834.0,783.0
전라남도 - 강력범죄 소계 - 발생건수,Statistics,820.0,824.0,813.0,827.0,855.0,853.0,786.0,837.0,768.0,770.0
전라남도 - 강력범죄(강간) - 검거건수,Statistics,172.0,228.0,199.0,207.0,192.0,208.0,174.0,197.0,169.0,168.0
전라남도 - 강력범죄(강간) - 검거인원,Statistics,213.0,254.0,252.0,242.0,216.0,242.0,224.0,227.0,204.0,191.0
전라남도 - 강력범죄(강간) - 발생건수,Statistics,176.0,232.0,205.0,212.0,208.0,207.0,181.0,219.0,180.0,173.0
전라남도 - 강력범죄(강도) - 검거건수,Statistics,37.0,39.0,26.0,21.0,26.0,28.0,15.0,11.0,14.0,10.0
전라남도 - 강력범죄(강도) - 검거인원,Statistics,53.0,50.0,43.0,24.0,39.0,32.0,21.0,16.0,31.0,19.0
전라남도 - 강력범죄(강도) - 발생건수,Statistics,37.0,38.0,29.0,20.0,27.0,27.0,14.0,12.0,13.0,11.0
전라남도 - 강력범죄(살인미수 등) - 검거건수,Statistics,21.0,18.0,20.0,22.0,18.0,20.0,17.0,16.0,14.0,20.0
전라남도 - 강력범죄(살인미수 등) - 검거인원,Statistics,22.0,17.0,22.0,23.0,18.0,21.0,19.0,19.0,18.0,20.0
전라남도 - 강력범죄(살인미수 등) - 발생건수,Statistics,21.0,18.0,20.0,23.0,18.0,19.0,17.0,16.0,14.0,20.0
전라남도 - 강력범죄(유사강간) - 검거건수,Statistics,9.0,15.0,17.0,26.0,27.0,29.0,33.0,25.0,33.0,35.0
전라남도 - 강력범죄(유사강간) - 검거인원,Statistics,12.0,17.0,20.0,27.0,36.0,36.0,40.0,27.0,31.0,35.0
전라남도 - 강력범죄(유사강간) - 발생건수,Statistics,9.0,18.0,18.0,28.0,28.0,28.0,32.0,28.0,35.0,36.0
전라남도 - 기타범죄 - 검거건수,Statistics,37614.0,39806.0,39227.0,33988.0,32085.0,32412.0,31249.0,27965.0,25850.0,28692.0
전라남도 - 기타범죄 - 검거인원,Statistics,52505.0,55798.0,52746.0,44793.0,41398.0,43610.0,42037.0,36052.0,33857.0,31750.0
전라남도 - 기타범죄 - 발생건수,Statistics,44715.0,47464.0,45057.0,37949.0,35105.0,35992.0,35753.0,33131.0,32402.0,34591.0
전라남도 - 절도범죄 - 검거건수,Statistics,3688.0,3879.0,3745.0,3308.0,3026.0,3638.0,3854.0,3446.0,3877.0,4028.0
전라남도 - 절도범죄 - 검거인원,Statistics,3120.0,3319.0,3561.0,3257.0,3105.0,3534.0,3783.0,3174.0,3592.0,3605.0
전라남도 - 절도범죄 - 발생건수,Statistics,7810.0,7308.0,6168.0,5157.0,4988.0,5657.0,5838.0,5744.0,6152.0,5680.0
전라남도 - 총범죄 - 검거건수,Statistics,51027.0,54280.0,53644.0,47209.0,45107.0,46130.0,44128.0,39959.0,38380.0,41607.0
전라남도 - 총범죄 - 검거인원,Statistics,70008.0,74014.0,71258.0,61711.0,57961.0,60746.0,57909.0,50312.0,48689.0,46725.0
전라남도 - 총범죄 - 발생건수,Statistics,63197.0,66643.0,62794.0,53892.0,50993.0,52698.0,51519.0,48380.0,48062.0,49909.0
전라남도 - 폭력범죄 - 검거건수,Statistics,8949.0,9808.0,9880.0,9121.0,9177.0,9252.0,8255.0,7769.0,7924.0,8140.0
전라남도 - 폭력범죄 - 검거인원,Statistics,13485.0,14034.0,14048.0,12792.0,12524.0,12674.0,11206.0,10237.0,10406.0,10587.0
전라남도 - 폭력범죄 - 발생건수,Statistics,9852.0,11047.0,10756.0,9959.0,10045.0,10196.0,9142.0,8668.0,8740.0,8868.0
전북특별자치도 - 강력범죄 (강제추행) - 검거건수,Statistics,424.0,413.0,384.0,379.0,442.0,504.0,436.0,399.0,403.0,444.0
전북특별자치도 - 강력범죄 (강제추행) - 검거인원,Statistics,410.0,389.0,409.0,405.0,481.0,569.0,518.0,430.0,423.0,461.0
전북특별자치도 - 강력범죄 (강제추행) - 발생건수,Statistics,431.0,428.0,395.0,398.0,456.0,527.0,452.0,418.0,426.0,456.0
전북특별자치도 - 강력범죄 (기타 강간 등) - 검거건수,Statistics,54.0,17.0,23.0,5.0,15.0,11.0,8.0,13.0,4.0,3.0
전북특별자치도 - 강력범죄 (기타 강간 등) - 검거인원,Statistics,59.0,19.0,28.0,6.0,24.0,15.0,9.0,14.0,3.0,5.0
전북특별자치도 - 강력범죄 (기타 강간 등) - 발생건수,Statistics,51.0,21.0,23.0,5.0,16.0,10.0,7.0,14.0,5.0,2.0
전북특별자치도 - 강력범죄 (방화) - 검거건수,Statistics,41.0,45.0,45.0,54.0,46.0,51.0,41.0,36.0,43.0,42.0
전북특별자치도 - 강력범죄 (방화) - 검거인원,Statistics,44.0,51.0,48.0,59.0,48.0,50.0,44.0,36.0,47.0,41.0
전북특별자치도 - 강력범죄 (방화) - 발생건수,Statistics,55.0,53.0,47.0,56.0,50.0,54.0,47.0,37.0,49.0,45.0
전북특별자치도 - 강력범죄 (살인기수) - 검거건수,Statistics,18.0,10.0,9.0,9.0,12.0,19.0,13.0,14.0,15.0,10.0
전북특별자치도 - 강력범죄 (살인기수) - 검거인원,Statistics,34.0,11.0,9.0,12.0,16.0,22.0,14.0,16.0,17.0,9.0
전북특별자치도 - 강력범죄 (살인기수) - 발생건수,Statistics,17.0,10.0,9.0,9.0,12.0,19.0,13.0,14.0,15.0,10.0
전북특별자치도 - 강력범죄 소계 - 검거건수,Statistics,789.0,740.0,694.0,690.0,772.0,812.0,712.0,662.0,679.0,728.0
전북특별자치도 - 강력범죄 소계 - 검거인원,Statistics,837.0,756.0,795.0,789.0,894.0,932.0,854.0,739.0,729.0,764.0
전북특별자치도 - 강력범죄 소계 - 발생건수,Statistics,819.0,770.0,708.0,712.0,790.0,846.0,743.0,691.0,718.0,741.0
전북특별자치도 - 강력범죄(강간) - 검거건수,Statistics,173.0,172.0,155.0,171.0,169.0,170.0,148.0,147.0,163.0,168.0
전북특별자치도 - 강력범죄(강간) - 검거인원,Statistics,185.0,174.0,186.0,210.0,206.0,203.0,192.0,166.0,175.0,176.0
전북특별자치도 - 강력범죄(강간) - 발생건수,Statistics,181.0,176.0,157.0,174.0,172.0,177.0,157.0,153.0,172.0,165.0
전북특별자치도 - 강력범죄(강도) - 검거건수,Statistics,60.0,50.0,41.0,28.0,28.0,23.0,18.0,19.0,11.0,13.0
전북특별자치도 - 강력범죄(강도) - 검거인원,Statistics,85.0,80.0,74.0,47.0,55.0,31.0,27.0,40.0,27.0,16.0
전북특별자치도 - 강력범죄(강도) - 발생건수,Statistics,64.0,47.0,39.0,27.0,27.0,25.0,19.0,20.0,11.0,13.0
전북특별자치도 - 강력범죄(살인미수 등) - 검거건수,Statistics,12.0,20.0,19.0,15.0,27.0,16.0,19.0,12.0,18.0,20.0
전북특별자치도 - 강력범죄(살인미수 등) - 검거인원,Statistics,13.0,20.0,19.0,17.0,28.0,17.0,17.0,14.0,18.0,25.0
전북특별자치도 - 강력범죄(살인미수 등) - 발생건수,Statistics,13.0,20.0,19.0,15.0,25.0,15.0,20.0,12.0,18.0,20.0
전북특별자치도 - 강력범죄(유사강간) - 검거건수,Statistics,7.0,13.0,18.0,29.0,33.0,18.0,29.0,22.0,22.0,28.0
전북특별자치도 - 강력범죄(유사강간) - 검거인원,Statistics,7.0,12.0,22.0,33.0,36.0,25.0,33.0,23.0,19.0,31.0
전북특별자치도 - 강력범죄(유사강간) - 발생건수,Statistics,7.0,15.0,19.0,28.0,32.0,19.0,28.0,23.0,22.0,30.0
전북특별자치도 - 기타범죄 - 검거건수,Statistics,34104.0,35870.0,35495.0,31806.0,29873.0,30098.0,27786.0,24771.0,25777.0,24805.0
전북특별자치도 - 기타범죄 - 검거인원,Statistics,46095.0,45097.0,44272.0,40459.0,39010.0,39946.0,38684.0,30221.0,30168.0,27803.0
전북특별자치도 - 기타범죄 - 발생건수,Statistics,37988.0,38613.0,37442.0,33985.0,32759.0,32909.0,32498.0,29984.0,31818.0,32059.0
전북특별자치도 - 절도범죄 - 검거건수,Statistics,5833.0,6041.0,4453.0,3852.0,3838.0,4166.0,4257.0,3781.0,3860.0,4952.0
전북특별자치도 - 절도범죄 - 검거인원,Statistics,3176.0,3544.0,3597.0,3163.0,3225.0,3310.0,3334.0,2942.0,3306.0,3562.0
전북특별자치도 - 절도범죄 - 발생건수,Statistics,8908.0,8488.0,6065.0,5438.0,5653.0,5818.0,5744.0,5595.0,5629.0,6062.0
전북특별자치도 - 총범죄 - 검거건수,Statistics,48592.0,50894.0,48919.0,44429.0,42347.0,42980.0,40322.0,35661.0,36496.0,36857.0
전북특별자치도 - 총범죄 - 검거인원,Statistics,62485.0,61696.0,61299.0,56413.0,54867.0,55857.0,53980.0,43000.0,42667.0,40718.0
전북특별자치도 - 총범죄 - 발생건수,Statistics,56642.0,57342.0,53375.0,48979.0,47944.0,48252.0,47446.0,43650.0,45199.0,46143.0
전북특별자치도 - 폭력범죄 - 검거건수,Statistics,7866.0,8243.0,8277.0,8081.0,7864.0,7904.0,7567.0,6447.0,6180.0,6372.0
전북특별자치도 - 폭력범죄 - 검거인원,Statistics,12377.0,12299.0,12635.0,12002.0,11738.0,11669.0,11108.0,9098.0,8464.0,8589.0
전북특별자치도 - 폭력범죄 - 발생건수,Statistics,8927.0,9471.0,9160.0,8844.0,8742.0,8679.0,8461.0,7380.0,7034.0,7281.0
제주특별자치도 - 강력범죄 (강제추행) - 검거건수,Statistics,184.0,189.0,307.0,257.0,247.0,277.0,270.0,259.0,256.0,269.0
제주특별자치도 - 강력범죄 (강제추행) - 검거인원,Statistics,165.0,167.0,275.0,261.0,257.0,292.0,279.0,261.0,264.0,264.0
제주특별자치도 - 강력범죄 (강제추행) - 발생건수,Statistics,198.0,197.0,315.0,270.0,254.0,288.0,279.0,269.0,282.0,286.0
제주특별자치도 - 강력범죄 (기타 강간 등) - 검거건수,Statistics,28.0,11.0,8.0,3.0,7.0,9.0,5.0,2.0,3.0,8.0
제주특별자치도 - 강력범죄 (기타 강간 등) - 검거인원,Statistics,29.0,10.0,6.0,4.0,7.0,10.0,12.0,2.0,3.0,8.0
제주특별자치도 - 강력범죄 (기타 강간 등) - 발생건수,Statistics,33.0,12.0,8.0,3.0,7.0,9.0,5.0,2.0,3.0,8.0
제주특별자치도 - 강력범죄 (방화) - 검거건수,Statistics,35.0,30.0,24.0,13.0,20.0,27.0,24.0,14.0,24.0,15.0
제주특별자치도 - 강력범죄 (방화) - 검거인원,Statistics,36.0,30.0,24.0,17.0,18.0,27.0,21.0,13.0,26.0,15.0
제주특별자치도 - 강력범죄 (방화) - 발생건수,Statistics,42.0,35.0,26.0,15.0,21.0,30.0,25.0,15.0,28.0,17.0
제주특별자치도 - 강력범죄 (살인기수) - 검거건수,Statistics,5.0,11.0,4.0,4.0,7.0,7.0,8.0,6.0,4.0,5.0
제주특별자치도 - 강력범죄 (살인기수) - 검거인원,Statistics,5.0,11.0,6.0,4.0,13.0,7.0,9.0,9.0,5.0,4.0
제주특별자치도 - 강력범죄 (살인기수) - 발생건수,Statistics,5.0,10.0,4.0,4.0,7.0,8.0,8.0,6.0,4.0,5.0
제주특별자치도 - 강력범죄 소계 - 검거건수,Statistics,363.0,378.0,480.0,430.0,421.0,455.0,435.0,419.0,404.0,439.0
제주특별자치도 - 강력범죄 소계 - 검거인원,Statistics,376.0,357.0,444.0,454.0,431.0,494.0,469.0,436.0,426.0,453.0
제주특별자치도 - 강력범죄 소계 - 발생건수,Statistics,396.0,395.0,490.0,443.0,428.0,475.0,448.0,446.0,444.0,462.0
제주특별자치도 - 강력범죄(강간) - 검거건수,Statistics,67.0,72.0,83.0,96.0,104.0,95.0,91.0,99.0,82.0,108.0
제주특별자치도 - 강력범죄(강간) - 검거인원,Statistics,81.0,72.0,77.0,103.0,105.0,99.0,100.0,108.0,89.0,111.0
제주특별자치도 - 강력범죄(강간) - 발생건수,Statistics,72.0,78.0,84.0,96.0,103.0,99.0,94.0,111.0,94.0,112.0
제주특별자치도 - 강력범죄(강도) - 검거건수,Statistics,24.0,34.0,24.0,37.0,10.0,20.0,14.0,11.0,6.0,16.0
제주특별자치도 - 강력범죄(강도) - 검거인원,Statistics,39.0,40.0,30.0,45.0,13.0,41.0,19.0,17.0,11.0,32.0
제주특별자치도 - 강력범죄(강도) - 발생건수,Statistics,25.0,33.0,25.0,35.0,10.0,21.0,14.0,12.0,5.0,16.0
제주특별자치도 - 강력범죄(살인미수 등) - 검거건수,Statistics,12.0,18.0,12.0,14.0,8.0,12.0,5.0,12.0,7.0,5.0
제주특별자치도 - 강력범죄(살인미수 등) - 검거인원,Statistics,10.0,17.0,12.0,14.0,7.0,12.0,8.0,11.0,8.0,6.0
제주특별자치도 - 강력범죄(살인미수 등) - 발생건수,Statistics,12.0,17.0,12.0,14.0,8.0,12.0,5.0,12.0,7.0,5.0
제주특별자치도 - 강력범죄(유사강간) - 검거건수,Statistics,8.0,13.0,18.0,6.0,18.0,8.0,18.0,16.0,22.0,13.0
제주특별자치도 - 강력범죄(유사강간) - 검거인원,Statistics,11.0,10.0,14.0,6.0,11.0,6.0,21.0,15.0,20.0,13.0
제주특별자치도 - 강력범죄(유사강간) - 발생건수,Statistics,9.0,13.0,16.0,6.0,18.0,8.0,18.0,19.0,21.0,13.0
제주특별자치도 - 기타범죄 - 검거건수,Statistics,16680.0,18883.0,19625.0,18686.0,15955.0,14464.0,14581.0,13372.0,12695.0,13805.0
제주특별자치도 - 기타범죄 - 검거인원,Statistics,22063.0,25552.0,26832.0,24330.0,20839.0,19126.0,19365.0,15652.0,15675.0,14365.0
제주특별자치도 - 기타범죄 - 발생건수,Statistics,20757.0,23708.0,24943.0,22431.0,18672.0,17283.0,17963.0,16948.0,17174.0,18009.0
제주특별자치도 - 절도범죄 - 검거건수,Statistics,2014.0,2128.0,2082.0,2033.0,1909.0,1892.0,2113.0,1982.0,2009.0,2140.0
제주특별자치도 - 절도범죄 - 검거인원,Statistics,1437.0,1822.0,1920.0,2168.0,1947.0,1908.0,2197.0,1812.0,1706.0,1967.0
제주특별자치도 - 절도범죄 - 발생건수,Statistics,4969.0,4224.0,3491.0,3213.0,2973.0,3214.0,3402.0,3040.0,3126.0,3268.0
제주특별자치도 - 총범죄 - 검거건수,Statistics,23272.0,26277.0,27585.0,25810.0,22949.0,21183.0,21697.0,20222.0,19754.0,20837.0
제주특별자치도 - 총범죄 - 검거인원,Statistics,29169.0,33690.0,36075.0,33019.0,29334.0,27198.0,27891.0,23259.0,23648.0,22033.0
제주특별자치도 - 총범죄 - 발생건수,Statistics,31254.0,33819.0,35003.0,31368.0,27427.0,26090.0,27129.0,25515.0,26103.0,26836.0
제주특별자치도 - 폭력범죄 - 검거건수,Statistics,4215.0,4888.0,5398.0,4661.0,4664.0,4372.0,4568.0,4449.0,4646.0,4453.0
제주특별자치도 - 폭력범죄 - 검거인원,Statistics,5293.0,5959.0,6879.0,6067.0,6117.0,5670.0,5860.0,5359.0,5841.0,5248.0
제주특별자치도 - 폭력범죄 - 발생건수,Statistics,5132.0,5492.0,6079.0,5281.0,5354.0,5118.0,5316.0,5081.0,5359.0,5097.0
충청남도 - 강력범죄 (강제추행) - 검거건수,Statistics,537.0,528.0,581.0,617.0,572.0,526.0,531.0,506.0,538.0,599.0
충청남도 - 강력범죄 (강제추행) - 검거인원,Statistics,529.0,561.0,613.0,657.0,599.0,584.0,596.0,534.0,559.0,624.0
충청남도 - 강력범죄 (강제추행) - 발생건수,Statistics,587.0,549.0,590.0,619.0,590.0,531.0,532.0,519.0,582.0,630.0
충청남도 - 강력범죄 (기타 강간 등) - 검거건수,Statistics,68.0,24.0,16.0,16.0,21.0,21.0,16.0,9.0,12.0,11.0
충청남도 - 강력범죄 (기타 강간 등) - 검거인원,Statistics,64.0,41.0,21.0,18.0,25.0,30.0,22.0,12.0,14.0,12.0
충청남도 - 강력범죄 (기타 강간 등) - 발생건수,Statistics,71.0,22.0,17.0,15.0,21.0,20.0,16.0,8.0,11.0,10.0
충청남도 - 강력범죄 (방화) - 검거건수,Statistics,82.0,64.0,78.0,81.0,79.0,66.0,59.0,54.0,47.0,48.0
충청남도 - 강력범죄 (방화) - 검거인원,Statistics,76.0,72.0,72.0,77.0,85.0,68.0,60.0,56.0,53.0,47.0
충청남도 - 강력범죄 (방화) - 발생건수,Statistics,97.0,76.0,94.0,91.0,97.0,77.0,62.0,66.0,50.0,55.0
충청남도 - 강력범죄 (살인기수) - 검거건수,Statistics,23.0,22.0,20.0,18.0,11.0,16.0,7.0,8.0,13.0,15.0
충청남도 - 강력범죄 (살인기수) - 검거인원,Statistics,34.0,29.0,21.0,18.0,13.0,30.0,7.0,9.0,12.0,15.0
충청남도 - 강력범죄 (살인기수) - 발생건수,Statistics,22.0,21.0,20.0,20.0,13.0,15.0,7.0,9.0,14.0,16.0
충청남도 - 강력범죄 소계 - 검거건수,Statistics,1043.0,974.0,1019.0,1044.0,1056.0,960.0,939.0,867.0,927.0,951.0
충청남도 - 강력범죄 소계 - 검거인원,Statistics,1113.0,1119.0,1107.0,1161.0,1132.0,1150.0,1070.0,939.0,984.0,1007.0
충청남도 - 강력범죄 소계 - 발생건수,Statistics,1131.0,1005.0,1057.0,1063.0,1098.0,969.0,943.0,909.0,999.0,1002.0
충청남도 - 강력범죄(강간) - 검거건수,Statistics,214.0,231.0,222.0,227.0,268.0,245.0,231.0,223.0,236.0,196.0
충청남도 - 강력범죄(강간) - 검거인원,Statistics,246.0,288.0,257.0,273.0,296.0,303.0,261.0,244.0,256.0,212.0
충청남도 - 강력범죄(강간) - 발생건수,Statistics,224.0,228.0,230.0,231.0,266.0,246.0,227.0,236.0,251.0,203.0
충청남도 - 강력범죄(강도) - 검거건수,Statistics,70.0,48.0,49.0,33.0,43.0,36.0,38.0,21.0,25.0,29.0
충청남도 - 강력범죄(강도) - 검거인원,Statistics,112.0,68.0,63.0,61.0,50.0,78.0,53.0,31.0,34.0,44.0
충청남도 - 강력범죄(강도) - 발생건수,Statistics,80.0,51.0,50.0,36.0,45.0,31.0,40.0,21.0,25.0,29.0
충청남도 - 강력범죄(살인미수 등) - 검거건수,Statistics,41.0,31.0,33.0,31.0,24.0,27.0,28.0,23.0,31.0,26.0
충청남도 - 강력범죄(살인미수 등) - 검거인원,Statistics,41.0,33.0,34.0,35.0,24.0,30.0,32.0,27.0,32.0,27.0
충청남도 - 강력범죄(살인미수 등) - 발생건수,Statistics,41.0,32.0,33.0,31.0,25.0,27.0,28.0,25.0,31.0,26.0
충청남도 - 강력범죄(유사강간) - 검거건수,Statistics,8.0,26.0,20.0,21.0,38.0,23.0,29.0,23.0,25.0,27.0
충청남도 - 강력범죄(유사강간) - 검거인원,Statistics,11.0,27.0,26.0,22.0,40.0,27.0,39.0,26.0,24.0,26.0
충청남도 - 강력범죄(유사강간) - 발생건수,Statistics,9.0,26.0,23.0,20.0,41.0,22.0,31.0,25.0,35.0,33.0
충청남도 - 기타범죄 - 검거건수,Statistics,40046.0,43301.0,44068.0,39517.0,39909.0,36565.0,36282.0,30312.0,32100.0,34615.0
충청남도 - 기타범죄 - 검거인원,Statistics,59766.0,62789.0,60549.0,53428.0,54121.0,50350.0,51310.0,38085.0,37999.0,37784.0
충청남도 - 기타범죄 - 발생건수,Statistics,48292.0,51136.0,50524.0,46121.0,47024.0,43201.0,43367.0,37623.0,41698.0,43557.0
충청남도 - 절도범죄 - 검거건수,Statistics,5089.0,5209.0,4754.0,4865.0,4411.0,4585.0,4317.0,4195.0,4533.0,4853.0
충청남도 - 절도범죄 - 검거인원,Statistics,4073.0,4352.0,4049.0,4277.0,3993.0,4050.0,4001.0,3389.0,4202.0,4081.0
충청남도 - 절도범죄 - 발생건수,Statistics,11978.0,11224.0,9366.0,8644.0,8573.0,8212.0,7623.0,7139.0,7653.0,7624.0
충청남도 - 총범죄 - 검거건수,Statistics,54135.0,57981.0,59332.0,55274.0,55584.0,50988.0,49695.0,42505.0,44910.0,48408.0
충청남도 - 총범죄 - 검거인원,Statistics,77336.0,81170.0,79538.0,73202.0,73779.0,67785.0,67806.0,52145.0,53027.0,53370.0
충청남도 - 총범죄 - 발생건수,Statistics,71136.0,73409.0,72072.0,67276.0,68577.0,62666.0,61612.0,54223.0,59196.0,61507.0
충청남도 - 폭력범죄 - 검거건수,Statistics,7957.0,8497.0,9491.0,9848.0,10208.0,8878.0,8157.0,7131.0,7350.0,7989.0
충청남도 - 폭력범죄 - 검거인원,Statistics,12384.0,12910.0,13833.0,14336.0,14533.0,12235.0,11425.0,9732.0,9842.0,10498.0
충청남도 - 폭력범죄 - 발생건수,Statistics,9735.0,10044.0,11125.0,11448.0,11882.0,10284.0,9679.0,8552.0,8846.0,9324.0
충청북도 - 강력범죄 (강제추행) - 검거건수,Statistics,331.0,393.0,412.0,485.0,484.0,452.0,452.0,341.0,430.0,441.0
충청북도 - 강력범죄 (강제추행) - 검거인원,Statistics,297.0,377.0,410.0,510.0,515.0,482.0,504.0,363.0,450.0,457.0
충청북도 - 강력범죄 (강제추행) - 발생건수,Statistics,354.0,402.0,419.0,489.0,497.0,460.0,455.0,354.0,455.0,451.0
충청북도 - 강력범죄 (기타 강간 등) - 검거건수,Statistics,26.0,13.0,13.0,10.0,9.0,11.0,9.0,6.0,10.0,8.0
충청북도 - 강력범죄 (기타 강간 등) - 검거인원,Statistics,33.0,21.0,22.0,16.0,12.0,15.0,16.0,7.0,9.0,10.0
충청북도 - 강력범죄 (기타 강간 등) - 발생건수,Statistics,28.0,16.0,12.0,12.0,9.0,12.0,8.0,7.0,10.0,6.0
충청북도 - 강력범죄 (방화) - 검거건수,Statistics,78.0,33.0,54.0,44.0,43.0,54.0,38.0,33.0,37.0,53.0
충청북도 - 강력범죄 (방화) - 검거인원,Statistics,64.0,34.0,62.0,40.0,42.0,51.0,42.0,35.0,40.0,52.0
충청북도 - 강력범죄 (방화) - 발생건수,Statistics,97.0,38.0,57.0,45.0,48.0,55.0,41.0,33.0,42.0,54.0
충청북도 - 강력범죄 (살인기수) - 검거건수,Statistics,10.0,9.0,14.0,16.0,12.0,7.0,6.0,7.0,9.0,7.0
충청북도 - 강력범죄 (살인기수) - 검거인원,Statistics,10.0,9.0,16.0,18.0,16.0,7.0,8.0,8.0,10.0,7.0
충청북도 - 강력범죄 (살인기수) - 발생건수,Statistics,10.0,8.0,14.0,17.0,12.0,7.0,7.0,8.0,10.0,7.0
충청북도 - 강력범죄 소계 - 검거건수,Statistics,673.0,666.0,733.0,799.0,773.0,751.0,725.0,592.0,725.0,704.0
충청북도 - 강력범죄 소계 - 검거인원,Statistics,648.0,684.0,799.0,849.0,840.0,802.0,834.0,651.0,791.0,725.0
충청북도 - 강력범죄 소계 - 발생건수,Statistics,711.0,687.0,741.0,814.0,787.0,765.0,730.0,613.0,770.0,711.0
충청북도 - 강력범죄(강간) - 검거건수,Statistics,136.0,137.0,169.0,177.0,157.0,144.0,165.0,167.0,172.0,140.0
충청북도 - 강력범죄(강간) - 검거인원,Statistics,138.0,151.0,193.0,195.0,170.0,147.0,190.0,193.0,202.0,139.0
충청북도 - 강력범죄(강간) - 발생건수,Statistics,134.0,138.0,170.0,182.0,152.0,147.0,164.0,171.0,184.0,139.0
충청북도 - 강력범죄(강도) - 검거건수,Statistics,57.0,40.0,25.0,24.0,27.0,35.0,27.0,12.0,26.0,15.0
충청북도 - 강력범죄(강도) - 검거인원,Statistics,69.0,49.0,46.0,30.0,44.0,49.0,39.0,18.0,38.0,19.0
충청북도 - 강력범죄(강도) - 발생건수,Statistics,55.0,43.0,26.0,27.0,29.0,35.0,28.0,12.0,26.0,15.0
충청북도 - 강력범죄(살인미수 등) - 검거건수,Statistics,24.0,25.0,19.0,19.0,18.0,22.0,9.0,10.0,17.0,15.0
충청북도 - 강력범죄(살인미수 등) - 검거인원,Statistics,26.0,26.0,20.0,20.0,17.0,22.0,14.0,11.0,17.0,15.0
충청북도 - 강력범죄(살인미수 등) - 발생건수,Statistics,23.0,26.0,18.0,18.0,18.0,22.0,9.0,11.0,17.0,17.0
충청북도 - 강력범죄(유사강간) - 검거건수,Statistics,11.0,16.0,27.0,24.0,23.0,26.0,19.0,16.0,24.0,25.0
충청북도 - 강력범죄(유사강간) - 검거인원,Statistics,11.0,17.0,30.0,20.0,24.0,29.0,21.0,16.0,25.0,26.0
충청북도 - 강력범죄(유사강간) - 발생건수,Statistics,10.0,16.0,25.0,24.0,22.0,27.0,18.0,17.0,26.0,22.0
충청북도 - 기타범죄 - 검거건수,Statistics,28846.0,31735.0,35855.0,31494.0,30370.0,28759.0,27749.0,24777.0,24311.0,24131.0
충청북도 - 기타범죄 - 검거인원,Statistics,39600.0,41871.0,45229.0,39494.0,38288.0,37600.0,36944.0,30654.0,30193.0,25721.0
충청북도 - 기타범죄 - 발생건수,Statistics,33484.0,36486.0,39984.0,35831.0,33912.0,33175.0,33488.0,30437.0,30298.0,30214.0
충청북도 - 절도범죄 - 검거건수,Statistics,4503.0,4385.0,3799.0,3687.0,3425.0,4137.0,3854.0,3434.0,3644.0,3912.0
충청북도 - 절도범죄 - 검거인원,Statistics,3212.0,3173.0,3110.0,3266.0,2850.0,3222.0,3231.0,2738.0,2868.0,2825.0
충청북도 - 절도범죄 - 발생건수,Statistics,8232.0,7563.0,6130.0,5538.0,5415.0,5947.0,5709.0,5262.0,5747.0,5375.0
충청북도 - 총범죄 - 검거건수,Statistics,40986.0,44459.0,48544.0,43128.0,41681.0,40839.0,39265.0,34798.0,34755.0,34112.0
충청북도 - 총범죄 - 검거인원,Statistics,53954.0,56763.0,60789.0,53793.0,52289.0,51654.0,50708.0,42232.0,42169.0,36428.0
충청북도 - 총범죄 - 발생건수,Statistics,50857.0,53703.0,56179.0,50387.0,48315.0,48085.0,47864.0,43397.0,44055.0,42517.0
충청북도 - 폭력범죄 - 검거건수,Statistics,6964.0,7673.0,8157.0,7148.0,7113.0,7192.0,6937.0,5995.0,6075.0,5365.0
충청북도 - 폭력범죄 - 검거인원,Statistics,10494.0,11035.0,11651.0,10184.0,10311.0,10030.0,9699.0,8189.0,8317.0,7157.0
충청북도 - 폭력범죄 - 발생건수,Statistics,8430.0,8967.0,9324.0,8204.0,8201.0,8198.0,7937.0,7085.0,7240.0,6217.0
해양경비 안전본부 - 강력범죄 (강제추행) - 검거건수,Statistics,5.0,2.0,6.0,5.0,10.0,6.0,14.0,5.0,15.0,11.0
해양경비 안전본부 - 강력범죄 (강제추행) - 검거인원,Statistics,7.0,1.0,5.0,5.0,10.0,8.0,13.0,5.0,11.0,13.0
해양경비 안전본부 - 강력범죄 (강제추행) - 발생건수,Statistics,5.0,2.0,6.0,5.0,10.0,6.0,14.0,7.0,15.0,11.0
해양경비 안전본부 - 강력범죄 (기타 강간 등) - 검거인원,Statistics,,,,,,,,,1.0,
해양경비 안전본부 - 강력범죄 (방화) - 검거건수,Statistics,5.0,7.0,1.0,2.0,212.0,3.0,4.0,7.0,4.0,
해양경비 안전본부 - 강력범죄 (방화) - 검거인원,Statistics,5.0,9.0,2.0,2.0,3.0,3.0,9.0,7.0,8.0,1.0
해양경비 안전본부 - 강력범죄 (방화) - 발생건수,Statistics,5.0,7.0,2.0,2.0,212.0,3.0,5.0,7.0,4.0,
해양경비 안전본부 - 강력범죄 (살인기수) - 검거건수,Statistics,1.0,4.0,6.0,4.0,5.0,2.0,,1.0,3.0,2.0
해양경비 안전본부 - 강력범죄 (살인기수) - 검거인원,Statistics,1.0,11.0,6.0,4.0,6.0,2.0,,1.0,5.0,2.0
해양경비 안전본부 - 강력범죄 (살인기수) - 발생건수,Statistics,1.0,5.0,7.0,4.0,6.0,2.0,,1.0,4.0,2.0
해양경비 안전본부 - 강력범죄 소계 - 검거건수,Statistics,16.0,20.0,14.0,15.0,231.0,13.0,23.0,13.0,26.0,18.0
해양경비 안전본부 - 강력범죄 소계 - 검거인원,Statistics,18.0,29.0,14.0,16.0,28.0,15.0,27.0,14.0,29.0,20.0
해양경비 안전본부 - 강력범죄 소계 - 발생건수,Statistics,16.0,21.0,16.0,16.0,232.0,13.0,24.0,15.0,27.0,18.0
해양경비 안전본부 - 강력범죄(강간) - 검거건수,Statistics,,,,,1.0,,1.0,,1.0,1.0
해양경비 안전본부 - 강력범죄(강간) - 검거인원,Statistics,,,,,1.0,,1.0,,1.0,1.0
해양경비 안전본부 - 강력범죄(강간) - 발생건수,Statistics,,,,,1.0,,1.0,,1.0,1.0
해양경비 안전본부 - 강력범죄(강도) - 검거건수,Statistics,,1.0,,2.0,3.0,,,,,1.0
해양경비 안전본부 - 강력범죄(강도) - 검거인원,Statistics,,2.0,,2.0,8.0,,,1.0,,1.0
해양경비 안전본부 - 강력범죄(강도) - 발생건수,Statistics,,1.0,,2.0,3.0,,,,,1.0
해양경비 안전본부 - 강력범죄(살인미수 등) - 검거건수,Statistics,5.0,5.0,1.0,2.0,,2.0,4.0,,3.0,3.0
해양경비 안전본부 - 강력범죄(살인미수 등) - 검거인원,Statistics,5.0,5.0,1.0,3.0,,2.0,4.0,,3.0,2.0
해양경비 안전본부 - 강력범죄(살인미수 등) - 발생건수,Statistics,5.0,5.0,1.0,3.0,,2.0,4.0,,3.0,3.0
해양경비 안전본부 - 강력범죄(유사강간) - 검거건수,Statistics,,1.0,,,,,,,,
해양경비 안전본부 - 강력범죄(유사강간) - 검거인원,Statistics,,1.0,,,,,,,,
해양경비 안전본부 - 강력범죄(유사강간) - 발생건수,Statistics,,1.0,,,,,,,,
해양경비 안전본부 - 기타범죄 - 검거건수,Statistics,12274.0,25751.0,29655.0,25582.0,37093.0,42121.0,44716.0,46548.0,46808.0,50728.0
해양경비 안전본부 - 기타범죄 - 검거인원,Statistics,6543.0,4804.0,5581.0,6007.0,6576.0,6889.0,6666.0,5195.0,4733.0,4855.0
해양경비 안전본부 - 기타범죄 - 발생건수,Statistics,12719.0,25691.0,29958.0,25679.0,37297.0,42243.0,45034.0,46690.0,47138.0,52095.0
해양경비 안전본부 - 절도범죄 - 검거건수,Statistics,113.0,665.0,121.0,146.0,132.0,246.0,134.0,112.0,113.0,122.0
해양경비 안전본부 - 절도범죄 - 검거인원,Statistics,237.0,173.0,181.0,186.0,198.0,201.0,230.0,183.0,159.0,141.0
해양경비 안전본부 - 절도범죄 - 발생건수,Statistics,178.0,731.0,167.0,192.0,197.0,309.0,202.0,158.0,137.0,144.0
해양경비 안전본부 - 총범죄 - 검거건수,Statistics,12768.0,26776.0,30054.0,26029.0,38168.0,42698.0,45160.0,46877.0,47158.0,51056.0
해양경비 안전본부 - 총범죄 - 검거인원,Statistics,7320.0,5465.0,6171.0,6573.0,7312.0,7552.0,7355.0,5687.0,5226.0,5241.0
해양경비 안전본부 - 총범죄 - 발생건수,Statistics,13314.0,26821.0,30436.0,26210.0,38484.0,42938.0,45596.0,47090.0,47545.0,52471.0
해양경비 안전본부 - 폭력범죄 - 검거건수,Statistics,365.0,340.0,264.0,286.0,712.0,318.0,287.0,204.0,211.0,188.0
해양경비 안전본부 - 폭력범죄 - 검거인원,Statistics,522.0,459.0,395.0,364.0,510.0,447.0,432.0,295.0,305.0,225.0
해양경비 안전본부 - 폭력범죄 - 발생건수,Statistics,401.0,378.0,295.0,323.0,758.0,373.0,336.0,227.0,243.0,214.0
