item,category,2008,2009,2010,2011,2012,2013,2014,2015,2016,2017,2018,2019,2020,2021,2022,2023,2024
강릉시 - 대학교 교원수＜br＞(A+B+C+D),Statistics,873.0,795.0,798.0,825.0,830.0,843.0,943.0,865.0,847.0,923.0,863.0,846.0,820.0,822.0,805.0,777.0,732.0
강릉시 - 일반대＜br＞(A),Statistics,756.0,678.0,680.0,707.0,712.0,723.0,819.0,742.0,725.0,800.0,744.0,726.0,707.0,706.0,694.0,667.0,636.0
강릉시 - 전문대＜br＞(B),Statistics,117.0,117.0,118.0,118.0,118.0,120.0,124.0,123.0,122.0,123.0,119.0,120.0,113.0,116.0,111.0,110.0,96.0
강북구 - 대학교 교원수＜br＞(A+B+C+D),Statistics,,,,,,,,,,,,,,,,73.0,79.0
강북구 - 일반대＜br＞(A),Statistics,,,,,,,,,,,,,,,,73.0,79.0
강서구 - 대학교 교원수＜br＞(A+B+C+D),Statistics,40.0,40.0,42.0,44.0,46.0,50.0,50.0,52.0,48.0,46.0,43.0,47.0,48.0,57.0,54.0,265.0,272.0
강서구 - 일반대＜br＞(A),Statistics,40.0,40.0,42.0,44.0,46.0,50.0,50.0,52.0,48.0,46.0,43.0,47.0,48.0,57.0,54.0,265.0,272.0
강원특별자치도 - 교육대＜br＞(C),Statistics,70.0,69.0,76.0,75.0,77.0,75.0,74.0,78.0,74.0,78.0,76.0,77.0,79.0,75.0,76.0,77.0,77.0
강원특별자치도 - 대학교 교원수＜br＞(A+B+C+D),Statistics,3770.0,3830.0,3743.0,3828.0,3901.0,3925.0,4055.0,4012.0,4020.0,4085.0,3892.0,3849.0,3773.0,3690.0,3635.0,3674.0,3588.0
강원특별자치도 - 일반대＜br＞(A),Statistics,3271.0,3337.0,3237.0,3301.0,3367.0,3435.0,3567.0,3507.0,3522.0,3587.0,3416.0,3385.0,3376.0,3304.0,3248.0,3298.0,3237.0
강원특별자치도 - 전문대＜br＞(B),Statistics,429.0,424.0,430.0,452.0,457.0,415.0,414.0,427.0,424.0,420.0,400.0,387.0,318.0,311.0,311.0,299.0,274.0
강진군 - 대학교 교원수＜br＞(A+B+C+D),Statistics,91.0,95.0,76.0,84.0,,,,,,,,,,,,,
강진군 - 전문대＜br＞(B),Statistics,91.0,95.0,76.0,84.0,,,,,,,,,,,,,
강화군 - 대학교 교원수＜br＞(A+B+C+D),Statistics,325.0,160.0,174.0,35.0,38.0,43.0,38.0,37.0,38.0,23.0,40.0,41.0,37.0,47.0,49.0,47.0,45.0
강화군 - 일반대＜br＞(A),Statistics,325.0,160.0,174.0,35.0,38.0,43.0,38.0,37.0,38.0,23.0,40.0,41.0,37.0,47.0,49.0,47.0,45.0
거제시 - 대학교 교원수＜br＞(A+B+C+D),Statistics,35.0,41.0,42.0,44.0,46.0,44.0,45.0,46.0,44.0,44.0,41.0,42.0,40.0,38.0,34.0,36.0,35.0
거제시 - 전문대＜br＞(B),Statistics,35.0,41.0,42.0,44.0,46.0,44.0,45.0,46.0,44.0,44.0,41.0,42.0,40.0,38.0,34.0,36.0,35.0
거창군 - 대학교 교원수＜br＞(A+B+C+D),Statistics,29.0,30.0,44.0,43.0,42.0,45.0,51.0,52.0,53.0,53.0,52.0,51.0,51.0,50.0,50.0,48.0,46.0
거창군 - 전문대＜br＞(B),Statistics,29.0,30.0,44.0,43.0,42.0,45.0,51.0,52.0,53.0,53.0,52.0,51.0,51.0,50.0,50.0,48.0,46.0
경기 여주군 - 대학교 교원수＜br＞(A+B+C+D),Statistics,127.0,128.0,133.0,152.0,151.0,156.0,,,,,,,,,,,
경기 여주군 - 전문대＜br＞(B),Statistics,127.0,128.0,133.0,152.0,151.0,156.0,,,,,,,,,,,
경기도 - 대학교 교원수＜br＞(A+B+C+D),Statistics,9977.0,10222.0,9774.0,10044.0,10251.0,10317.0,10238.0,10396.0,10330.0,10658.0,10654.0,10484.0,10541.0,10683.0,10437.0,11849.0,11692.0
경기도 - 산업대＜br＞(D),Statistics,281.0,290.0,290.0,330.0,,,,,,,,,,,,,
경기도 - 일반대＜br＞(A),Statistics,6391.0,6496.0,5928.0,6022.0,6328.0,6329.0,6408.0,6545.0,6549.0,6879.0,6909.0,6810.0,6847.0,6980.0,6854.0,8389.0,8298.0
경기도 - 전문대＜br＞(B),Statistics,3305.0,3436.0,3556.0,3692.0,3923.0,3988.0,3830.0,3851.0,3781.0,3779.0,3745.0,3674.0,3694.0,3703.0,3583.0,3460.0,3394.0
경남 마산시 - 대학교 교원수＜br＞(A+B+C+D),Statistics,556.0,560.0,582.0,,,,,,,,,,,,,,
경남 마산시 - 일반대＜br＞(A),Statistics,328.0,329.0,354.0,,,,,,,,,,,,,,
경남 마산시 - 전문대＜br＞(B),Statistics,228.0,231.0,228.0,,,,,,,,,,,,,,
경남 창원시 - 대학교 교원수＜br＞(A+B+C+D),Statistics,397.0,398.0,423.0,,,,,,,,,,,,,,
경남 창원시 - 일반대＜br＞(A),Statistics,312.0,315.0,317.0,,,,,,,,,,,,,,
경남 창원시 - 전문대＜br＞(B),Statistics,85.0,83.0,106.0,,,,,,,,,,,,,,
경산시 - 대학교 교원수＜br＞(A+B+C+D),Statistics,2040.0,2109.0,2350.0,2580.0,2710.0,2837.0,2915.0,3039.0,3051.0,3006.0,2896.0,2864.0,2789.0,2840.0,2819.0,2330.0,2253.0
경산시 - 일반대＜br＞(A),Statistics,1760.0,1823.0,2054.0,2281.0,2411.0,2549.0,2649.0,2770.0,2786.0,2745.0,2679.0,2654.0,2602.0,2642.0,2635.0,2155.0,2089.0
경산시 - 전문대＜br＞(B),Statistics,280.0,286.0,296.0,299.0,299.0,288.0,266.0,269.0,265.0,261.0,217.0,210.0,187.0,198.0,184.0,175.0,164.0
경상남도 - 교육대＜br＞(C),Statistics,71.0,72.0,71.0,71.0,76.0,74.0,73.0,72.0,71.0,73.0,73.0,70.0,68.0,69.0,69.0,70.0,70.0
경상남도 - 대학교 교원수＜br＞(A+B+C+D),Statistics,2978.0,2757.0,2844.0,2901.0,2994.0,3032.0,3047.0,3119.0,3126.0,3261.0,3260.0,3202.0,3812.0,3806.0,3702.0,3372.0,3301.0
경상남도 - 산업대＜br＞(D),Statistics,164.0,170.0,172.0,,,,,,,,,,,,,,
경상남도 - 일반대＜br＞(A),Statistics,2165.0,1921.0,1958.0,2178.0,2246.0,2352.0,2343.0,2418.0,2432.0,2579.0,2583.0,2542.0,3157.0,3159.0,3085.0,2787.0,2718.0
경상남도 - 전문대＜br＞(B),Statistics,578.0,594.0,643.0,652.0,672.0,606.0,631.0,629.0,623.0,609.0,604.0,590.0,587.0,578.0,548.0,515.0,513.0
경상북도 - 대학교 교원수＜br＞(A+B+C+D),Statistics,4754.0,4841.0,4994.0,5320.0,5531.0,5597.0,5776.0,5901.0,5822.0,5786.0,5640.0,5553.0,5437.0,5463.0,5363.0,4825.0,4734.0
경상북도 - 산업대＜br＞(D),Statistics,142.0,160.0,179.0,187.0,,,,,,,,,,,,,
경상북도 - 일반대＜br＞(A),Statistics,3496.0,3566.0,3759.0,4058.0,4458.0,4541.0,4728.0,4852.0,4792.0,4779.0,4677.0,4610.0,4537.0,4557.0,4486.0,3985.0,3922.0
경상북도 - 전문대＜br＞(B),Statistics,1116.0,1115.0,1056.0,1075.0,1073.0,1056.0,1048.0,1049.0,1030.0,1007.0,963.0,943.0,900.0,906.0,877.0,840.0,812.0
경주시 - 대학교 교원수＜br＞(A+B+C+D),Statistics,749.0,731.0,647.0,666.0,702.0,709.0,719.0,710.0,679.0,650.0,612.0,584.0,579.0,553.0,516.0,493.0,457.0
경주시 - 일반대＜br＞(A),Statistics,674.0,674.0,569.0,601.0,648.0,665.0,678.0,676.0,646.0,619.0,580.0,556.0,554.0,528.0,490.0,470.0,457.0
경주시 - 전문대＜br＞(B),Statistics,75.0,57.0,78.0,65.0,54.0,44.0,41.0,34.0,33.0,31.0,32.0,28.0,25.0,25.0,26.0,23.0,
계양구 - 교육대＜br＞(C),Statistics,127.0,128.0,128.0,128.0,132.0,131.0,131.0,132.0,133.0,130.0,135.0,133.0,134.0,132.0,134.0,132.0,134.0
계양구 - 대학교 교원수＜br＞(A+B+C+D),Statistics,199.0,211.0,221.0,219.0,230.0,237.0,245.0,247.0,245.0,243.0,251.0,246.0,250.0,245.0,243.0,241.0,236.0
계양구 - 전문대＜br＞(B),Statistics,72.0,83.0,93.0,91.0,98.0,106.0,114.0,115.0,112.0,113.0,116.0,113.0,116.0,113.0,109.0,109.0,102.0
고령군 - 대학교 교원수＜br＞(A+B+C+D),Statistics,6.0,2.0,,,,,,,,,,,,,,,
고령군 - 일반대＜br＞(A),Statistics,6.0,2.0,,,,,,,,,,,,,,,
고성군 - 대학교 교원수＜br＞(A+B+C+D),Statistics,69.0,70.0,72.0,76.0,106.0,116.0,113.0,129.0,129.0,121.0,90.0,80.0,53.0,33.0,29.0,25.0,26.0
고성군 - 일반대＜br＞(A),Statistics,69.0,70.0,72.0,76.0,106.0,116.0,113.0,129.0,129.0,121.0,90.0,80.0,53.0,33.0,29.0,25.0,26.0
고양시 - 대학교 교원수＜br＞(A+B+C+D),Statistics,145.0,149.0,150.0,147.0,155.0,169.0,167.0,168.0,166.0,177.0,186.0,179.0,181.0,178.0,163.0,345.0,334.0
고양시 - 일반대＜br＞(A),Statistics,135.0,140.0,141.0,139.0,147.0,157.0,154.0,155.0,153.0,164.0,173.0,166.0,169.0,164.0,148.0,331.0,320.0
고양시 - 전문대＜br＞(B),Statistics,10.0,9.0,9.0,8.0,8.0,12.0,13.0,13.0,13.0,13.0,13.0,13.0,12.0,14.0,15.0,14.0,14.0
곡성군 - 대학교 교원수＜br＞(A+B+C+D),Statistics,88.0,93.0,108.0,114.0,113.0,115.0,111.0,109.0,111.0,112.0,114.0,103.0,105.0,104.0,104.0,100.0,101.0
곡성군 - 전문대＜br＞(B),Statistics,88.0,93.0,108.0,114.0,113.0,115.0,111.0,109.0,111.0,112.0,114.0,103.0,105.0,104.0,104.0,100.0,101.0
공주시 - 교육대＜br＞(C),Statistics,83.0,84.0,86.0,87.0,89.0,87.0,83.0,85.0,87.0,84.0,85.0,84.0,79.0,82.0,81.0,81.0,81.0
공주시 - 대학교 교원수＜br＞(A+B+C+D),Statistics,698.0,706.0,712.0,712.0,715.0,634.0,637.0,639.0,640.0,634.0,641.0,646.0,636.0,639.0,650.0,405.0,407.0
공주시 - 일반대＜br＞(A),Statistics,526.0,529.0,536.0,535.0,539.0,547.0,554.0,554.0,553.0,550.0,556.0,562.0,557.0,557.0,569.0,324.0,326.0
공주시 - 전문대＜br＞(B),Statistics,89.0,93.0,90.0,90.0,87.0,,,,,,,,,,,,
관악구 - 대학교 교원수＜br＞(A+B+C+D),Statistics,1550.0,1747.0,1766.0,1814.0,1822.0,1835.0,1802.0,1806.0,1735.0,1726.0,1718.0,1751.0,1692.0,1645.0,1642.0,1195.0,1224.0
관악구 - 일반대＜br＞(A),Statistics,1550.0,1747.0,1766.0,1814.0,1822.0,1835.0,1802.0,1806.0,1735.0,1726.0,1718.0,1751.0,1692.0,1645.0,1642.0,1195.0,1224.0
광산구 - 대학교 교원수＜br＞(A+B+C+D),Statistics,517.0,533.0,562.0,569.0,605.0,600.0,644.0,657.0,641.0,638.0,628.0,617.0,618.0,654.0,630.0,617.0,590.0
광산구 - 일반대＜br＞(A),Statistics,413.0,426.0,451.0,457.0,492.0,489.0,534.0,548.0,534.0,529.0,524.0,515.0,516.0,552.0,531.0,513.0,485.0
광산구 - 전문대＜br＞(B),Statistics,104.0,107.0,111.0,112.0,113.0,111.0,110.0,109.0,107.0,109.0,104.0,102.0,102.0,102.0,99.0,104.0,105.0
광양시 - 대학교 교원수＜br＞(A+B+C+D),Statistics,118.0,121.0,145.0,228.0,152.0,127.0,137.0,133.0,132.0,131.0,124.0,108.0,87.0,76.0,25.0,20.0,19.0
광양시 - 산업대＜br＞(D),Statistics,43.0,45.0,67.0,73.0,,,,,,,,,,,,,
광양시 - 일반대＜br＞(A),Statistics,,,,73.0,70.0,58.0,65.0,63.0,59.0,56.0,54.0,47.0,40.0,37.0,,,
광양시 - 전문대＜br＞(B),Statistics,75.0,76.0,78.0,82.0,82.0,69.0,72.0,70.0,73.0,75.0,70.0,61.0,47.0,39.0,25.0,20.0,19.0
광주광역시 - 교육대＜br＞(C),Statistics,74.0,73.0,74.0,73.0,76.0,76.0,78.0,80.0,80.0,78.0,76.0,73.0,73.0,77.0,78.0,75.0,73.0
광주광역시 - 대학교 교원수＜br＞(A+B+C+D),Statistics,2999.0,3031.0,3048.0,3105.0,3227.0,3237.0,3377.0,3416.0,3384.0,3377.0,3360.0,3294.0,3291.0,3501.0,3445.0,3314.0,3253.0
광주광역시 - 일반대＜br＞(A),Statistics,2385.0,2414.0,2427.0,2478.0,2695.0,2699.0,2819.0,2847.0,2817.0,2808.0,2813.0,2758.0,2750.0,2961.0,2916.0,2856.0,2805.0
광주광역시 - 전문대＜br＞(B),Statistics,540.0,544.0,547.0,554.0,456.0,462.0,480.0,489.0,487.0,491.0,471.0,463.0,468.0,463.0,451.0,383.0,375.0
광주시 - 대학교 교원수＜br＞(A+B+C+D),Statistics,129.0,138.0,137.0,136.0,138.0,136.0,138.0,140.0,137.0,137.0,131.0,134.0,137.0,130.0,123.0,116.0,101.0
광주시 - 일반대＜br＞(A),Statistics,34.0,35.0,36.0,37.0,37.0,37.0,38.0,38.0,38.0,39.0,39.0,38.0,38.0,37.0,35.0,36.0,30.0
광주시 - 전문대＜br＞(B),Statistics,95.0,103.0,101.0,99.0,101.0,99.0,100.0,102.0,99.0,98.0,92.0,96.0,99.0,93.0,88.0,80.0,71.0
광진구 - 대학교 교원수＜br＞(A+B+C+D),Statistics,861.0,861.0,892.0,909.0,953.0,1017.0,1106.0,1130.0,1127.0,1163.0,1211.0,1194.0,1137.0,1142.0,1135.0,1128.0,1166.0
광진구 - 일반대＜br＞(A),Statistics,861.0,861.0,892.0,909.0,953.0,1017.0,1106.0,1130.0,1127.0,1163.0,1211.0,1194.0,1137.0,1142.0,1135.0,1128.0,1166.0
괴산군 - 대학교 교원수＜br＞(A+B+C+D),Statistics,,28.0,43.0,60.0,88.0,127.0,149.0,160.0,169.0,159.0,156.0,146.0,139.0,146.0,143.0,140.0,129.0
괴산군 - 일반대＜br＞(A),Statistics,,28.0,43.0,60.0,88.0,127.0,149.0,160.0,169.0,159.0,156.0,146.0,139.0,146.0,143.0,140.0,129.0
구로구 - 대학교 교원수＜br＞(A+B+C+D),Statistics,270.0,278.0,272.0,278.0,276.0,271.0,273.0,281.0,288.0,282.0,291.0,276.0,280.0,278.0,277.0,274.0,274.0
구로구 - 일반대＜br＞(A),Statistics,113.0,113.0,110.0,114.0,116.0,113.0,114.0,117.0,119.0,125.0,130.0,121.0,123.0,121.0,119.0,112.0,109.0
구로구 - 전문대＜br＞(B),Statistics,157.0,165.0,162.0,164.0,160.0,158.0,159.0,164.0,169.0,157.0,161.0,155.0,157.0,157.0,158.0,162.0,165.0
구미시 - 대학교 교원수＜br＞(A+B+C+D),Statistics,426.0,448.0,479.0,515.0,524.0,535.0,566.0,572.0,548.0,565.0,555.0,557.0,551.0,554.0,546.0,536.0,542.0
구미시 - 산업대＜br＞(D),Statistics,142.0,160.0,179.0,187.0,,,,,,,,,,,,,
구미시 - 일반대＜br＞(A),Statistics,189.0,189.0,190.0,202.0,394.0,407.0,433.0,438.0,416.0,437.0,428.0,429.0,427.0,428.0,419.0,410.0,414.0
구미시 - 전문대＜br＞(B),Statistics,95.0,99.0,110.0,126.0,130.0,128.0,133.0,134.0,132.0,128.0,127.0,128.0,124.0,126.0,127.0,126.0,128.0
군산시 - 대학교 교원수＜br＞(A+B+C+D),Statistics,578.0,600.0,613.0,597.0,626.0,629.0,652.0,664.0,671.0,660.0,630.0,603.0,615.0,588.0,573.0,557.0,550.0
군산시 - 산업대＜br＞(D),Statistics,118.0,134.0,139.0,133.0,144.0,158.0,166.0,179.0,188.0,179.0,164.0,148.0,163.0,161.0,151.0,151.0,144.0
군산시 - 일반대＜br＞(A),Statistics,326.0,325.0,331.0,321.0,326.0,324.0,342.0,344.0,343.0,346.0,341.0,336.0,341.0,343.0,339.0,322.0,325.0
군산시 - 전문대＜br＞(B),Statistics,134.0,141.0,143.0,143.0,156.0,147.0,144.0,141.0,140.0,135.0,125.0,119.0,111.0,84.0,83.0,84.0,81.0
군포시 - 대학교 교원수＜br＞(A+B+C+D),Statistics,95.0,100.0,98.0,108.0,107.0,111.0,120.0,122.0,120.0,120.0,121.0,119.0,115.0,109.0,106.0,98.0,98.0
군포시 - 일반대＜br＞(A),Statistics,95.0,100.0,98.0,108.0,107.0,111.0,120.0,122.0,120.0,120.0,121.0,119.0,115.0,109.0,106.0,98.0,98.0
금산군 - 대학교 교원수＜br＞(A+B+C+D),Statistics,167.0,189.0,192.0,226.0,291.0,300.0,304.0,319.0,297.0,291.0,290.0,287.0,301.0,318.0,297.0,142.0,127.0
금산군 - 일반대＜br＞(A),Statistics,167.0,189.0,192.0,226.0,291.0,300.0,304.0,319.0,297.0,291.0,290.0,287.0,301.0,318.0,297.0,142.0,127.0
금정구 - 대학교 교원수＜br＞(A+B+C+D),Statistics,1082.0,1012.0,1012.0,1017.0,1053.0,1072.0,1341.0,1344.0,1325.0,1330.0,1308.0,1283.0,1579.0,1558.0,1571.0,1141.0,1136.0
금정구 - 일반대＜br＞(A),Statistics,1054.0,977.0,973.0,976.0,1009.0,1030.0,1295.0,1297.0,1278.0,1283.0,1265.0,1242.0,1536.0,1513.0,1527.0,1098.0,1091.0
금정구 - 전문대＜br＞(B),Statistics,28.0,35.0,39.0,41.0,44.0,42.0,46.0,47.0,47.0,47.0,43.0,41.0,43.0,45.0,44.0,43.0,45.0
김제시 - 대학교 교원수＜br＞(A+B+C+D),Statistics,24.0,24.0,23.0,26.0,31.0,18.0,4.0,,,,,,,,,,
김제시 - 전문대＜br＞(B),Statistics,24.0,24.0,23.0,26.0,31.0,18.0,4.0,,,,,,,,,,
김천시 - 대학교 교원수＜br＞(A+B+C+D),Statistics,124.0,129.0,139.0,151.0,161.0,194.0,200.0,194.0,176.0,198.0,197.0,190.0,176.0,172.0,161.0,150.0,147.0
김천시 - 일반대＜br＞(A),Statistics,,,105.0,116.0,124.0,157.0,157.0,151.0,132.0,157.0,157.0,147.0,135.0,131.0,121.0,105.0,100.0
김천시 - 전문대＜br＞(B),Statistics,124.0,129.0,34.0,35.0,37.0,37.0,43.0,43.0,44.0,41.0,40.0,43.0,41.0,41.0,40.0,45.0,47.0
김포시 - 대학교 교원수＜br＞(A+B+C+D),Statistics,89.0,90.0,92.0,90.0,112.0,112.0,112.0,113.0,115.0,114.0,110.0,108.0,104.0,99.0,95.0,88.0,89.0
김포시 - 일반대＜br＞(A),Statistics,20.0,19.0,20.0,20.0,19.0,17.0,17.0,17.0,21.0,20.0,18.0,18.0,16.0,19.0,19.0,17.0,17.0
김포시 - 전문대＜br＞(B),Statistics,69.0,71.0,72.0,70.0,93.0,95.0,95.0,96.0,94.0,94.0,92.0,90.0,88.0,80.0,76.0,71.0,72.0
김해시 - 대학교 교원수＜br＞(A+B+C+D),Statistics,400.0,408.0,421.0,445.0,447.0,476.0,476.0,544.0,534.0,538.0,539.0,518.0,1147.0,1129.0,1102.0,455.0,418.0
김해시 - 일반대＜br＞(A),Statistics,379.0,386.0,390.0,415.0,413.0,436.0,434.0,500.0,487.0,494.0,495.0,477.0,1102.0,1082.0,1054.0,408.0,366.0
김해시 - 전문대＜br＞(B),Statistics,21.0,22.0,31.0,30.0,34.0,40.0,42.0,44.0,47.0,44.0,44.0,41.0,45.0,47.0,48.0,47.0,52.0
나주시 - 대학교 교원수＜br＞(A+B+C+D),Statistics,302.0,305.0,302.0,312.0,309.0,311.0,342.0,352.0,356.0,361.0,363.0,358.0,347.0,334.0,324.0,316.0,301.0
나주시 - 일반대＜br＞(A),Statistics,258.0,261.0,245.0,250.0,251.0,256.0,287.0,296.0,299.0,298.0,296.0,292.0,282.0,275.0,278.0,274.0,262.0
나주시 - 전문대＜br＞(B),Statistics,44.0,44.0,57.0,62.0,58.0,55.0,55.0,56.0,57.0,63.0,67.0,66.0,65.0,59.0,46.0,42.0,39.0
남구 - 교육대＜br＞(C),Statistics,89.0,85.0,86.0,87.0,92.0,94.0,93.0,93.0,92.0,91.0,91.0,93.0,91.0,89.0,87.0,89.0,92.0
남구 - 대학교 교원수＜br＞(A+B+C+D),Statistics,1368.0,1369.0,1401.0,1447.0,1521.0,1558.0,1336.0,1339.0,1345.0,1342.0,1316.0,1316.0,1319.0,1363.0,1336.0,1282.0,1270.0
남구 - 일반대＜br＞(A),Statistics,1353.0,1351.0,1381.0,1426.0,1496.0,1532.0,1311.0,1315.0,1320.0,1317.0,1293.0,1293.0,1297.0,1339.0,1311.0,1258.0,1248.0
남구 - 전문대＜br＞(B),Statistics,15.0,18.0,20.0,21.0,25.0,26.0,25.0,24.0,25.0,25.0,23.0,23.0,22.0,24.0,25.0,24.0,22.0
남양주시 - 대학교 교원수＜br＞(A+B+C+D),Statistics,,,,,,,,183.0,176.0,176.0,178.0,174.0,173.0,170.0,166.0,173.0,172.0
남양주시 - 전문대＜br＞(B),Statistics,,,,,,,,183.0,176.0,176.0,178.0,174.0,173.0,170.0,166.0,173.0,172.0
남원시 - 대학교 교원수＜br＞(A+B+C+D),Statistics,133.0,132.0,104.0,181.0,149.0,114.0,59.0,152.0,125.0,176.0,,,,,,,
남원시 - 일반대＜br＞(A),Statistics,133.0,132.0,104.0,181.0,149.0,114.0,59.0,152.0,125.0,176.0,,,,,,,
남해군 - 대학교 교원수＜br＞(A+B+C+D),Statistics,23.0,24.0,24.0,25.0,25.0,25.0,25.0,25.0,24.0,24.0,24.0,25.0,25.0,25.0,25.0,23.0,20.0
남해군 - 전문대＜br＞(B),Statistics,23.0,24.0,24.0,25.0,25.0,25.0,25.0,25.0,24.0,24.0,24.0,25.0,25.0,25.0,25.0,23.0,20.0
노원구 - 대학교 교원수＜br＞(A+B+C+D),Statistics,1051.0,1105.0,1168.0,1192.0,1236.0,1261.0,1276.0,1281.0,1294.0,1322.0,1301.0,1264.0,1291.0,1350.0,1354.0,1352.0,1355.0
노원구 - 산업대＜br＞(D),Statistics,271.0,284.0,327.0,331.0,,,,,,,,,,,,,
노원구 - 일반대＜br＞(A),Statistics,646.0,666.0,680.0,701.0,1077.0,1098.0,1114.0,1117.0,1130.0,1158.0,1139.0,1110.0,1135.0,1183.0,1193.0,1195.0,1202.0
노원구 - 전문대＜br＞(B),Statistics,134.0,155.0,161.0,160.0,159.0,163.0,162.0,164.0,164.0,164.0,162.0,154.0,156.0,167.0,161.0,157.0,153.0
논산시 - 대학교 교원수＜br＞(A+B+C+D),Statistics,210.0,219.0,218.0,214.0,218.0,214.0,217.0,197.0,188.0,181.0,168.0,162.0,152.0,145.0,129.0,126.0,123.0
논산시 - 일반대＜br＞(A),Statistics,210.0,219.0,218.0,214.0,218.0,214.0,217.0,197.0,188.0,181.0,168.0,162.0,152.0,145.0,129.0,126.0,123.0
달서구 - 대학교 교원수＜br＞(A+B+C+D),Statistics,829.0,852.0,915.0,942.0,1011.0,1045.0,1052.0,1090.0,1081.0,1072.0,1094.0,1088.0,1066.0,1055.0,1036.0,946.0,951.0
달서구 - 일반대＜br＞(A),Statistics,635.0,635.0,702.0,731.0,796.0,829.0,839.0,888.0,888.0,887.0,907.0,904.0,889.0,886.0,872.0,789.0,800.0
달서구 - 전문대＜br＞(B),Statistics,194.0,217.0,213.0,211.0,215.0,216.0,213.0,202.0,193.0,185.0,187.0,184.0,177.0,169.0,164.0,157.0,151.0
달성군 - 대학교 교원수＜br＞(A+B+C+D),Statistics,,,,,,,14.0,14.0,17.0,20.0,21.0,21.0,10.0,10.0,11.0,12.0,12.0
달성군 - 일반대＜br＞(A),Statistics,,,,,,,14.0,14.0,17.0,20.0,21.0,21.0,10.0,10.0,11.0,12.0,12.0
담양군 - 대학교 교원수＜br＞(A+B+C+D),Statistics,53.0,53.0,52.0,50.0,50.0,51.0,51.0,50.0,47.0,48.0,46.0,46.0,45.0,45.0,44.0,41.0,39.0
담양군 - 전문대＜br＞(B),Statistics,53.0,53.0,52.0,50.0,50.0,51.0,51.0,50.0,47.0,48.0,46.0,46.0,45.0,45.0,44.0,41.0,39.0
당진시 - 대학교 교원수＜br＞(A+B+C+D),Statistics,,,,,112.0,114.0,131.0,174.0,119.0,119.0,118.0,121.0,119.0,116.0,107.0,161.0,156.0
당진시 - 일반대＜br＞(A),Statistics,,,,,,,16.0,56.0,,,,,,,,63.0,58.0
당진시 - 전문대＜br＞(B),Statistics,,,,,112.0,114.0,115.0,118.0,119.0,119.0,118.0,121.0,119.0,116.0,107.0,98.0,98.0
대구광역시 - 교육대＜br＞(C),Statistics,89.0,85.0,86.0,87.0,92.0,94.0,93.0,93.0,92.0,91.0,91.0,93.0,91.0,89.0,87.0,89.0,92.0
대구광역시 - 대학교 교원수＜br＞(A+B+C+D),Statistics,2845.0,2705.0,2657.0,2591.0,2707.0,2847.0,2843.0,2895.0,2874.0,2861.0,3193.0,3209.0,3146.0,3087.0,3085.0,3299.0,3486.0
대구광역시 - 일반대＜br＞(A),Statistics,1912.0,1727.0,1653.0,1550.0,1637.0,1769.0,1768.0,1821.0,1804.0,1803.0,2142.0,2170.0,2118.0,2084.0,2105.0,2333.0,2519.0
대구광역시 - 전문대＜br＞(B),Statistics,844.0,893.0,918.0,954.0,978.0,984.0,982.0,981.0,978.0,967.0,960.0,946.0,937.0,914.0,893.0,877.0,875.0
대덕구 - 대학교 교원수＜br＞(A+B+C+D),Statistics,335.0,358.0,358.0,372.0,397.0,402.0,419.0,435.0,433.0,426.0,422.0,418.0,427.0,458.0,423.0,368.0,352.0
대덕구 - 일반대＜br＞(A),Statistics,335.0,358.0,358.0,372.0,397.0,402.0,419.0,435.0,433.0,426.0,422.0,418.0,427.0,458.0,423.0,368.0,352.0
대전광역시 - 대학교 교원수＜br＞(A+B+C+D),Statistics,3369.0,3248.0,3248.0,3886.0,4030.0,4049.0,4142.0,4209.0,4211.0,4450.0,4517.0,4479.0,4480.0,4609.0,4465.0,4397.0,4317.0
대전광역시 - 산업대＜br＞(D),Statistics,404.0,227.0,226.0,233.0,,,,,,,,,,,,,
대전광역시 - 일반대＜br＞(A),Statistics,2463.0,2521.0,2516.0,3145.0,3510.0,3538.0,3630.0,3693.0,3690.0,3923.0,4002.0,3976.0,3981.0,4112.0,3997.0,3965.0,3921.0
대전광역시 - 전문대＜br＞(B),Statistics,502.0,500.0,506.0,508.0,520.0,511.0,512.0,516.0,521.0,527.0,515.0,503.0,499.0,497.0,468.0,432.0,396.0
도봉구 - 대학교 교원수＜br＞(A+B+C+D),Statistics,156.0,168.0,176.0,182.0,180.0,188.0,192.0,200.0,192.0,196.0,197.0,188.0,183.0,226.0,214.0,210.0,201.0
도봉구 - 일반대＜br＞(A),Statistics,156.0,168.0,176.0,182.0,180.0,188.0,192.0,200.0,192.0,196.0,197.0,188.0,183.0,226.0,214.0,210.0,201.0
동구 - 대학교 교원수＜br＞(A+B+C+D),Statistics,78.0,96.0,100.0,101.0,106.0,105.0,108.0,107.0,110.0,110.0,101.0,98.0,97.0,100.0,95.0,81.0,82.0
동구 - 산업대＜br＞(D),Statistics,177.0,,,,,,,,,,,,,,,,
동구 - 일반대＜br＞(A),Statistics,763.0,785.0,758.0,762.0,793.0,799.0,866.0,835.0,820.0,818.0,846.0,809.0,767.0,826.0,785.0,765.0,762.0
동구 - 전문대＜br＞(B),Statistics,78.0,96.0,100.0,101.0,106.0,105.0,108.0,107.0,110.0,110.0,101.0,98.0,97.0,100.0,95.0,81.0,82.0
동대문구 - 대학교 교원수＜br＞(A+B+C+D),Statistics,1086.0,1092.0,1184.0,1166.0,1523.0,1584.0,1827.0,1827.0,1913.0,2075.0,2064.0,2076.0,2056.0,2112.0,2166.0,1541.0,1523.0
동대문구 - 일반대＜br＞(A),Statistics,1054.0,1058.0,1150.0,1132.0,1489.0,1549.0,1791.0,1787.0,1874.0,2037.0,2026.0,2040.0,2012.0,2067.0,2122.0,1498.0,1481.0
동대문구 - 전문대＜br＞(B),Statistics,32.0,34.0,34.0,34.0,34.0,35.0,36.0,40.0,39.0,38.0,38.0,36.0,44.0,45.0,44.0,43.0,42.0
동두천시 - 대학교 교원수＜br＞(A+B+C+D),Statistics,25.0,29.0,46.0,60.0,57.0,22.0,40.0,46.0,47.0,42.0,47.0,79.0,82.0,80.0,83.0,110.0,107.0
동두천시 - 일반대＜br＞(A),Statistics,25.0,29.0,46.0,60.0,57.0,22.0,40.0,46.0,47.0,42.0,47.0,79.0,82.0,80.0,83.0,110.0,107.0
동작구 - 대학교 교원수＜br＞(A+B+C+D),Statistics,1083.0,1094.0,1161.0,1225.0,1295.0,1337.0,1360.0,1417.0,1424.0,1444.0,1506.0,1475.0,1480.0,1488.0,1504.0,1526.0,1501.0
동작구 - 일반대＜br＞(A),Statistics,1083.0,1094.0,1161.0,1225.0,1295.0,1337.0,1360.0,1417.0,1424.0,1444.0,1506.0,1475.0,1480.0,1488.0,1504.0,1526.0,1501.0
동해시 - 대학교 교원수＜br＞(A+B+C+D),Statistics,82.0,82.0,84.0,104.0,100.0,99.0,87.0,75.0,74.0,66.0,,,,,,,
동해시 - 일반대＜br＞(A),Statistics,82.0,82.0,84.0,104.0,100.0,99.0,87.0,75.0,74.0,66.0,,,,,,,
마포구 - 대학교 교원수＜br＞(A+B+C+D),Statistics,728.0,737.0,737.0,753.0,759.0,783.0,821.0,823.0,812.0,781.0,782.0,774.0,797.0,804.0,790.0,783.0,757.0
마포구 - 일반대＜br＞(A),Statistics,728.0,737.0,737.0,753.0,759.0,783.0,821.0,823.0,812.0,781.0,782.0,774.0,797.0,804.0,790.0,783.0,757.0
목포시 - 대학교 교원수＜br＞(A+B+C+D),Statistics,210.0,214.0,215.0,215.0,217.0,212.0,212.0,210.0,214.0,215.0,219.0,217.0,213.0,215.0,213.0,214.0,218.0
목포시 - 일반대＜br＞(A),Statistics,105.0,108.0,109.0,111.0,121.0,120.0,122.0,128.0,131.0,133.0,142.0,145.0,141.0,144.0,144.0,144.0,148.0
목포시 - 전문대＜br＞(B),Statistics,105.0,106.0,106.0,104.0,96.0,92.0,90.0,82.0,83.0,82.0,77.0,72.0,72.0,71.0,69.0,70.0,70.0
무안군 - 대학교 교원수＜br＞(A+B+C+D),Statistics,392.0,386.0,400.0,433.0,433.0,428.0,429.0,429.0,428.0,419.0,437.0,424.0,430.0,438.0,419.0,403.0,416.0
무안군 - 산업대＜br＞(D),Statistics,89.0,86.0,95.0,121.0,,,,,,,,,,,,,
무안군 - 일반대＜br＞(A),Statistics,303.0,300.0,305.0,312.0,433.0,428.0,429.0,429.0,428.0,419.0,437.0,424.0,430.0,438.0,419.0,403.0,416.0
문경시 - 대학교 교원수＜br＞(A+B+C+D),Statistics,24.0,25.0,28.0,28.0,28.0,30.0,30.0,30.0,31.0,30.0,32.0,31.0,31.0,32.0,31.0,29.0,30.0
문경시 - 전문대＜br＞(B),Statistics,24.0,25.0,28.0,28.0,28.0,30.0,30.0,30.0,31.0,30.0,32.0,31.0,31.0,32.0,31.0,29.0,30.0
미추홀구 - 대학교 교원수＜br＞(A+B+C+D),Statistics,,,,,,,,,,,,758.0,755.0,950.0,981.0,1071.0,1072.0
미추홀구 - 산업대＜br＞(D),Statistics,,,,,,,,,,,,,,,,63.0,63.0
미추홀구 - 일반대＜br＞(A),Statistics,,,,,,,,,,,,587.0,581.0,778.0,807.0,835.0,834.0
미추홀구 - 전문대＜br＞(B),Statistics,,,,,,,,,,,,171.0,174.0,172.0,174.0,173.0,175.0
밀양시 - 대학교 교원수＜br＞(A+B+C+D),Statistics,97.0,,,,,,,,,,,,,,,98.0,97.0
밀양시 - 일반대＜br＞(A),Statistics,97.0,,,,,,,,,,,,,,,98.0,97.0
보령시 - 대학교 교원수＜br＞(A+B+C+D),Statistics,28.0,28.0,26.0,27.0,29.0,29.0,29.0,29.0,30.0,32.0,31.0,30.0,27.0,29.0,29.0,26.0,24.0
보령시 - 전문대＜br＞(B),Statistics,28.0,28.0,26.0,27.0,29.0,29.0,29.0,29.0,30.0,32.0,31.0,30.0,27.0,29.0,29.0,26.0,24.0
부산광역시 - 교육대＜br＞(C),Statistics,83.0,75.0,75.0,79.0,79.0,77.0,79.0,83.0,82.0,82.0,81.0,80.0,83.0,82.0,81.0,82.0,82.0
부산광역시 - 대학교 교원수＜br＞(A+B+C+D),Statistics,6006.0,6004.0,6129.0,6349.0,6671.0,6819.0,6972.0,6969.0,6905.0,6902.0,6790.0,6642.0,6287.0,6317.0,6209.0,6255.0,6074.0
부산광역시 - 일반대＜br＞(A),Statistics,5092.0,5080.0,5215.0,5395.0,5693.0,5839.0,5992.0,6009.0,5950.0,5956.0,5887.0,5764.0,5411.0,5485.0,5413.0,5497.0,5353.0
부산광역시 - 전문대＜br＞(B),Statistics,831.0,849.0,839.0,875.0,899.0,903.0,901.0,877.0,873.0,864.0,822.0,798.0,793.0,750.0,715.0,676.0,639.0
부산진구 - 대학교 교원수＜br＞(A+B+C+D),Statistics,1217.0,1247.0,1344.0,1398.0,1459.0,1466.0,1506.0,1457.0,1449.0,1422.0,1420.0,1400.0,792.0,776.0,767.0,1340.0,1317.0
부산진구 - 일반대＜br＞(A),Statistics,982.0,1009.0,1104.0,1159.0,1213.0,1222.0,1265.0,1228.0,1216.0,1191.0,1189.0,1175.0,569.0,569.0,565.0,1165.0,1150.0
부산진구 - 전문대＜br＞(B),Statistics,235.0,238.0,240.0,239.0,246.0,244.0,241.0,229.0,233.0,231.0,231.0,225.0,223.0,207.0,202.0,175.0,167.0
부여군 - 대학교 교원수＜br＞(A+B+C+D),Statistics,,,,,,,27.0,27.0,27.0,26.0,27.0,28.0,30.0,29.0,30.0,28.0,28.0
부여군 - 일반대＜br＞(A),Statistics,,,,,,,27.0,27.0,27.0,26.0,27.0,28.0,30.0,29.0,30.0,28.0,28.0
부천시 - 대학교 교원수＜br＞(A+B+C+D),Statistics,581.0,610.0,620.0,642.0,668.0,674.0,679.0,678.0,657.0,656.0,652.0,645.0,638.0,666.0,660.0,639.0,627.0
부천시 - 일반대＜br＞(A),Statistics,245.0,257.0,271.0,283.0,309.0,313.0,319.0,324.0,321.0,326.0,323.0,323.0,312.0,329.0,336.0,330.0,317.0
부천시 - 전문대＜br＞(B),Statistics,336.0,353.0,349.0,359.0,359.0,361.0,360.0,354.0,336.0,330.0,329.0,322.0,326.0,337.0,324.0,309.0,310.0
북구 - 교육대＜br＞(C),Statistics,74.0,73.0,74.0,73.0,76.0,76.0,78.0,80.0,80.0,78.0,76.0,73.0,73.0,77.0,78.0,75.0,73.0
북구 - 대학교 교원수＜br＞(A+B+C+D),Statistics,129.0,131.0,121.0,128.0,131.0,135.0,129.0,124.0,123.0,122.0,116.0,113.0,116.0,116.0,108.0,113.0,111.0
북구 - 일반대＜br＞(A),Statistics,974.0,795.0,809.0,819.0,841.0,940.0,915.0,919.0,899.0,896.0,1214.0,1245.0,1219.0,1188.0,1222.0,686.0,862.0
북구 - 전문대＜br＞(B),Statistics,129.0,131.0,121.0,128.0,131.0,135.0,129.0,124.0,123.0,122.0,116.0,113.0,116.0,116.0,108.0,113.0,111.0
사상구 - 대학교 교원수＜br＞(A+B+C+D),Statistics,767.0,804.0,793.0,791.0,807.0,816.0,863.0,894.0,882.0,885.0,874.0,860.0,851.0,866.0,826.0,771.0,722.0
사상구 - 일반대＜br＞(A),Statistics,572.0,606.0,607.0,607.0,620.0,627.0,675.0,710.0,696.0,699.0,690.0,676.0,669.0,686.0,650.0,603.0,567.0
사상구 - 전문대＜br＞(B),Statistics,195.0,198.0,186.0,184.0,187.0,189.0,188.0,184.0,186.0,186.0,184.0,184.0,182.0,180.0,176.0,168.0,155.0
사하구 - 대학교 교원수＜br＞(A+B+C+D),Statistics,677.0,671.0,690.0,745.0,821.0,880.0,907.0,902.0,879.0,882.0,860.0,806.0,764.0,775.0,758.0,418.0,375.0
사하구 - 일반대＜br＞(A),Statistics,577.0,568.0,591.0,644.0,714.0,774.0,800.0,797.0,777.0,777.0,759.0,711.0,669.0,683.0,675.0,331.0,290.0
사하구 - 전문대＜br＞(B),Statistics,100.0,103.0,99.0,101.0,107.0,106.0,107.0,105.0,102.0,105.0,101.0,95.0,95.0,92.0,83.0,87.0,85.0
삼척시 - 대학교 교원수＜br＞(A+B+C+D),Statistics,183.0,185.0,189.0,194.0,196.0,191.0,191.0,192.0,198.0,202.0,203.0,197.0,197.0,192.0,191.0,188.0,188.0
삼척시 - 일반대＜br＞(A),Statistics,183.0,185.0,189.0,194.0,196.0,191.0,191.0,192.0,198.0,202.0,203.0,197.0,197.0,192.0,191.0,188.0,188.0
상주시 - 대학교 교원수＜br＞(A+B+C+D),Statistics,112.0,112.0,116.0,116.0,97.0,,,,,,,,,,,73.0,101.0
상주시 - 일반대＜br＞(A),Statistics,112.0,112.0,116.0,116.0,97.0,,,,,,,,,,,73.0,101.0
서구 - 대학교 교원수＜br＞(A+B+C+D),Statistics,782.0,794.0,768.0,825.0,889.0,911.0,966.0,1002.0,985.0,991.0,994.0,972.0,978.0,982.0,965.0,502.0,500.0
서구 - 일반대＜br＞(A),Statistics,679.0,688.0,660.0,715.0,766.0,786.0,842.0,872.0,857.0,865.0,869.0,849.0,854.0,857.0,841.0,502.0,500.0
서구 - 전문대＜br＞(B),Statistics,103.0,106.0,108.0,110.0,123.0,125.0,124.0,130.0,128.0,126.0,125.0,123.0,124.0,125.0,124.0,116.0,108.0
서귀포시 - 대학교 교원수＜br＞(A+B+C+D),Statistics,25.0,25.0,23.0,20.0,,,,,,,,,,,,,
서귀포시 - 일반대＜br＞(A),Statistics,25.0,25.0,23.0,20.0,,,,,,,,,,,,,
서대문구 - 대학교 교원수＜br＞(A+B+C+D),Statistics,2472.0,2453.0,2462.0,2496.0,2613.0,2654.0,2623.0,2636.0,2645.0,2890.0,2921.0,2862.0,2867.0,2934.0,2959.0,2591.0,2557.0
서대문구 - 일반대＜br＞(A),Statistics,2244.0,2217.0,2228.0,2268.0,2390.0,2437.0,2412.0,2427.0,2440.0,2685.0,2712.0,2657.0,2660.0,2718.0,2746.0,2385.0,2356.0
서대문구 - 전문대＜br＞(B),Statistics,228.0,236.0,234.0,228.0,223.0,217.0,211.0,209.0,205.0,205.0,209.0,205.0,207.0,216.0,213.0,206.0,201.0
서산시 - 대학교 교원수＜br＞(A+B+C+D),Statistics,233.0,234.0,240.0,236.0,240.0,250.0,300.0,289.0,265.0,248.0,253.0,250.0,252.0,255.0,248.0,174.0,162.0
서산시 - 일반대＜br＞(A),Statistics,233.0,234.0,240.0,236.0,240.0,250.0,300.0,289.0,265.0,248.0,253.0,250.0,252.0,255.0,248.0,174.0,162.0
서울특별시 - 교육대＜br＞(C),Statistics,92.0,93.0,95.0,97.0,96.0,96.0,96.0,96.0,97.0,96.0,93.0,98.0,93.0,98.0,96.0,97.0,98.0
서울특별시 - 대학교 교원수＜br＞(A+B+C+D),Statistics,15498.0,15870.0,17150.0,17468.0,18276.0,18740.0,18949.0,19159.0,19219.0,19654.0,19821.0,19638.0,19598.0,19999.0,20140.0,18357.0,18319.0
서울특별시 - 산업대＜br＞(D),Statistics,271.0,284.0,327.0,331.0,,,,,,,,,,,,,
서울특별시 - 일반대＜br＞(A),Statistics,14122.0,14405.0,15626.0,15923.0,17078.0,17532.0,17746.0,17957.0,18022.0,18470.0,18639.0,18479.0,18436.0,18813.0,18967.0,17179.0,17156.0
서울특별시 - 전문대＜br＞(B),Statistics,1013.0,1088.0,1102.0,1117.0,1102.0,1112.0,1107.0,1106.0,1100.0,1088.0,1089.0,1061.0,1069.0,1088.0,1077.0,1081.0,1065.0
서초구 - 교육대＜br＞(C),Statistics,92.0,93.0,95.0,97.0,96.0,96.0,96.0,96.0,97.0,96.0,93.0,98.0,93.0,98.0,96.0,97.0,98.0
서초구 - 대학교 교원수＜br＞(A+B+C+D),Statistics,978.0,979.0,987.0,990.0,983.0,990.0,973.0,963.0,972.0,971.0,977.0,978.0,989.0,1015.0,1021.0,1071.0,1101.0
서초구 - 일반대＜br＞(A),Statistics,886.0,886.0,892.0,893.0,887.0,894.0,877.0,867.0,875.0,875.0,884.0,880.0,896.0,917.0,925.0,974.0,1003.0
성남시 - 대학교 교원수＜br＞(A+B+C+D),Statistics,840.0,838.0,878.0,887.0,1031.0,1093.0,1120.0,1121.0,1103.0,1329.0,1357.0,1338.0,1348.0,1364.0,1372.0,1028.0,1038.0
성남시 - 일반대＜br＞(A),Statistics,528.0,515.0,547.0,557.0,689.0,746.0,781.0,793.0,779.0,991.0,1023.0,1009.0,1010.0,1025.0,1041.0,695.0,722.0
성남시 - 전문대＜br＞(B),Statistics,312.0,323.0,331.0,330.0,342.0,347.0,339.0,328.0,324.0,338.0,334.0,329.0,338.0,339.0,331.0,333.0,316.0
성동구 - 대학교 교원수＜br＞(A+B+C+D),Statistics,989.0,998.0,1038.0,1054.0,1072.0,995.0,1063.0,1106.0,1109.0,1073.0,1112.0,1116.0,1077.0,1126.0,1196.0,1209.0,1207.0
성동구 - 일반대＜br＞(A),Statistics,830.0,836.0,877.0,880.0,894.0,811.0,878.0,923.0,927.0,892.0,932.0,937.0,897.0,947.0,1021.0,1029.0,1029.0
성동구 - 전문대＜br＞(B),Statistics,159.0,162.0,161.0,174.0,178.0,184.0,185.0,183.0,182.0,181.0,180.0,179.0,180.0,179.0,175.0,180.0,178.0
성북구 - 대학교 교원수＜br＞(A+B+C+D),Statistics,2503.0,2558.0,2580.0,2630.0,2713.0,2904.0,2717.0,2747.0,2762.0,2759.0,2752.0,2732.0,2775.0,2865.0,2862.0,2755.0,2756.0
성북구 - 일반대＜br＞(A),Statistics,2503.0,2558.0,2580.0,2630.0,2713.0,2904.0,2717.0,2747.0,2762.0,2759.0,2752.0,2732.0,2775.0,2865.0,2862.0,2755.0,2756.0
세종특별자치시 - 대학교 교원수＜br＞(A+B+C+D),Statistics,,,,,,547.0,529.0,536.0,566.0,556.0,544.0,535.0,531.0,465.0,459.0,445.0,440.0
세종특별자치시 - 일반대＜br＞(A),Statistics,,,,,,455.0,424.0,426.0,463.0,454.0,443.0,436.0,435.0,371.0,365.0,355.0,358.0
세종특별자치시 - 전문대＜br＞(B),Statistics,,,,,,92.0,105.0,110.0,103.0,102.0,101.0,99.0,96.0,94.0,94.0,90.0,82.0
속초시 - 대학교 교원수＜br＞(A+B+C+D),Statistics,58.0,53.0,53.0,50.0,43.0,36.0,26.0,4.0,,,,,,,,,
속초시 - 일반대＜br＞(A),Statistics,,,,,,36.0,26.0,4.0,,,,,,,,,
속초시 - 전문대＜br＞(B),Statistics,58.0,53.0,53.0,50.0,43.0,,,,,,,,,,,,
송파구 - 대학교 교원수＜br＞(A+B+C+D),Statistics,106.0,105.0,104.0,108.0,110.0,110.0,112.0,112.0,110.0,113.0,115.0,115.0,111.0,116.0,122.0,118.0,122.0
송파구 - 일반대＜br＞(A),Statistics,106.0,105.0,104.0,108.0,110.0,110.0,112.0,112.0,110.0,113.0,115.0,115.0,111.0,116.0,122.0,118.0,122.0
수성구 - 대학교 교원수＜br＞(A+B+C+D),Statistics,77.0,88.0,94.0,96.0,97.0,94.0,95.0,100.0,97.0,99.0,92.0,86.0,84.0,85.0,87.0,89.0,87.0
수성구 - 전문대＜br＞(B),Statistics,77.0,88.0,94.0,96.0,97.0,94.0,95.0,100.0,97.0,99.0,92.0,86.0,84.0,85.0,87.0,89.0,87.0
수원시 - 대학교 교원수＜br＞(A+B+C+D),Statistics,1832.0,1841.0,1104.0,1121.0,1162.0,1253.0,1277.0,1292.0,1291.0,1339.0,1398.0,1365.0,1390.0,1439.0,1402.0,2303.0,2314.0
수원시 - 일반대＜br＞(A),Statistics,1608.0,1611.0,865.0,875.0,916.0,1005.0,1031.0,1042.0,1049.0,1094.0,1150.0,1129.0,1152.0,1192.0,1166.0,2092.0,2107.0
수원시 - 전문대＜br＞(B),Statistics,224.0,230.0,239.0,246.0,246.0,248.0,246.0,250.0,242.0,245.0,248.0,236.0,238.0,247.0,236.0,211.0,207.0
순천시 - 대학교 교원수＜br＞(A+B+C+D),Statistics,498.0,505.0,504.0,502.0,471.0,476.0,470.0,470.0,472.0,472.0,470.0,473.0,469.0,473.0,459.0,450.0,456.0
순천시 - 일반대＜br＞(A),Statistics,354.0,352.0,349.0,345.0,315.0,321.0,314.0,319.0,319.0,318.0,318.0,320.0,324.0,323.0,316.0,310.0,317.0
순천시 - 전문대＜br＞(B),Statistics,144.0,153.0,155.0,157.0,156.0,155.0,156.0,151.0,153.0,154.0,152.0,153.0,145.0,150.0,143.0,140.0,139.0
시흥시 - 대학교 교원수＜br＞(A+B+C+D),Statistics,228.0,236.0,245.0,284.0,297.0,308.0,325.0,334.0,351.0,385.0,383.0,372.0,370.0,364.0,360.0,360.0,356.0
시흥시 - 산업대＜br＞(D),Statistics,136.0,143.0,144.0,177.0,,,,,,,,,,,,,
시흥시 - 일반대＜br＞(A),Statistics,,,,,184.0,194.0,212.0,223.0,235.0,265.0,268.0,262.0,254.0,248.0,246.0,246.0,248.0
시흥시 - 전문대＜br＞(B),Statistics,92.0,93.0,101.0,107.0,113.0,114.0,113.0,111.0,116.0,120.0,115.0,110.0,116.0,116.0,114.0,114.0,108.0
아산시 - 대학교 교원수＜br＞(A+B+C+D),Statistics,1307.0,1418.0,1488.0,1520.0,1558.0,1591.0,1626.0,1690.0,1719.0,1757.0,1653.0,1645.0,1660.0,1728.0,1672.0,1016.0,1028.0
아산시 - 일반대＜br＞(A),Statistics,1307.0,1418.0,1488.0,1520.0,1558.0,1591.0,1626.0,1690.0,1719.0,1757.0,1653.0,1645.0,1660.0,1728.0,1672.0,1016.0,1028.0
안동시 - 대학교 교원수＜br＞(A+B+C+D),Statistics,434.0,438.0,427.0,439.0,441.0,417.0,426.0,426.0,422.0,418.0,423.0,415.0,409.0,412.0,404.0,393.0,397.0
안동시 - 일반대＜br＞(A),Statistics,296.0,296.0,284.0,290.0,288.0,267.0,269.0,268.0,267.0,265.0,270.0,269.0,267.0,273.0,266.0,265.0,268.0
안동시 - 전문대＜br＞(B),Statistics,138.0,142.0,143.0,149.0,153.0,150.0,157.0,158.0,155.0,153.0,153.0,146.0,142.0,139.0,138.0,128.0,129.0
안산시 - 대학교 교원수＜br＞(A+B+C+D),Statistics,594.0,610.0,646.0,678.0,688.0,694.0,709.0,731.0,733.0,712.0,704.0,692.0,690.0,710.0,705.0,665.0,680.0
안산시 - 일반대＜br＞(A),Statistics,329.0,346.0,359.0,367.0,375.0,367.0,369.0,390.0,386.0,371.0,369.0,359.0,360.0,381.0,391.0,405.0,412.0
안산시 - 전문대＜br＞(B),Statistics,265.0,264.0,287.0,311.0,313.0,327.0,340.0,341.0,347.0,341.0,335.0,333.0,330.0,329.0,314.0,260.0,268.0
안성시 - 대학교 교원수＜br＞(A+B+C+D),Statistics,603.0,602.0,589.0,579.0,594.0,609.0,582.0,573.0,590.0,577.0,592.0,587.0,585.0,555.0,547.0,486.0,483.0
안성시 - 산업대＜br＞(D),Statistics,145.0,147.0,146.0,153.0,,,,,,,,,,,,,
안성시 - 일반대＜br＞(A),Statistics,269.0,261.0,242.0,220.0,375.0,374.0,343.0,320.0,334.0,329.0,341.0,350.0,356.0,340.0,333.0,332.0,337.0
안성시 - 전문대＜br＞(B),Statistics,189.0,194.0,201.0,206.0,219.0,235.0,239.0,253.0,256.0,248.0,251.0,237.0,229.0,215.0,214.0,154.0,146.0
안양시 - 대학교 교원수＜br＞(A+B+C+D),Statistics,579.0,611.0,635.0,652.0,690.0,690.0,700.0,703.0,692.0,718.0,666.0,658.0,681.0,720.0,685.0,664.0,641.0
안양시 - 일반대＜br＞(A),Statistics,278.0,295.0,317.0,322.0,350.0,363.0,375.0,375.0,373.0,392.0,346.0,341.0,353.0,379.0,355.0,336.0,312.0
안양시 - 전문대＜br＞(B),Statistics,301.0,316.0,318.0,330.0,340.0,327.0,325.0,328.0,319.0,326.0,320.0,317.0,328.0,341.0,330.0,328.0,329.0
양산시 - 대학교 교원수＜br＞(A+B+C+D),Statistics,202.0,197.0,206.0,193.0,185.0,190.0,189.0,189.0,194.0,172.0,174.0,170.0,163.0,163.0,162.0,484.0,481.0
양산시 - 일반대＜br＞(A),Statistics,135.0,128.0,138.0,129.0,113.0,123.0,123.0,121.0,127.0,107.0,107.0,107.0,102.0,103.0,103.0,426.0,427.0
양산시 - 전문대＜br＞(B),Statistics,67.0,69.0,68.0,64.0,72.0,67.0,66.0,68.0,67.0,65.0,67.0,63.0,61.0,60.0,59.0,58.0,54.0
양주시 - 대학교 교원수＜br＞(A+B+C+D),Statistics,52.0,67.0,76.0,86.0,92.0,105.0,146.0,175.0,180.0,181.0,210.0,218.0,252.0,281.0,284.0,295.0,319.0
양주시 - 일반대＜br＞(A),Statistics,,,,,,,36.0,50.0,62.0,66.0,89.0,94.0,108.0,123.0,117.0,116.0,107.0
양주시 - 전문대＜br＞(B),Statistics,52.0,67.0,76.0,86.0,92.0,105.0,110.0,125.0,118.0,115.0,121.0,124.0,144.0,158.0,167.0,179.0,212.0
양평군 - 대학교 교원수＜br＞(A+B+C+D),Statistics,42.0,42.0,39.0,31.0,27.0,25.0,31.0,36.0,35.0,34.0,34.0,32.0,32.0,30.0,32.0,33.0,29.0
양평군 - 일반대＜br＞(A),Statistics,42.0,42.0,39.0,31.0,27.0,25.0,31.0,36.0,35.0,34.0,34.0,32.0,32.0,30.0,32.0,33.0,29.0
여수시 - 대학교 교원수＜br＞(A+B+C+D),Statistics,223.0,222.0,221.0,219.0,212.0,207.0,210.0,213.0,204.0,205.0,200.0,197.0,193.0,195.0,186.0,181.0,176.0
여수시 - 일반대＜br＞(A),Statistics,181.0,181.0,179.0,177.0,169.0,166.0,168.0,168.0,163.0,167.0,160.0,158.0,153.0,155.0,146.0,141.0,136.0
여수시 - 전문대＜br＞(B),Statistics,42.0,41.0,42.0,42.0,43.0,41.0,42.0,45.0,41.0,38.0,40.0,39.0,40.0,40.0,40.0,40.0,40.0
여주시 - 대학교 교원수＜br＞(A+B+C+D),Statistics,,,,,,,154.0,149.0,142.0,151.0,155.0,157.0,163.0,160.0,152.0,148.0,139.0
여주시 - 전문대＜br＞(B),Statistics,,,,,,,154.0,149.0,142.0,151.0,155.0,157.0,163.0,160.0,152.0,148.0,139.0
연수구 - 대학교 교원수＜br＞(A+B+C+D),Statistics,,,392.0,525.0,387.0,389.0,413.0,444.0,476.0,470.0,489.0,496.0,502.0,503.0,498.0,991.0,987.0
연수구 - 일반대＜br＞(A),Statistics,,,392.0,525.0,387.0,389.0,413.0,444.0,476.0,470.0,489.0,496.0,502.0,503.0,498.0,983.0,977.0
연수구 - 전문대＜br＞(B),Statistics,,,,,,,,,,,,,,,,8.0,10.0
연제구 - 교육대＜br＞(C),Statistics,83.0,75.0,75.0,79.0,79.0,77.0,79.0,83.0,82.0,82.0,81.0,80.0,83.0,82.0,81.0,82.0,82.0
연제구 - 대학교 교원수＜br＞(A+B+C+D),Statistics,150.0,136.0,143.0,157.0,154.0,154.0,164.0,169.0,168.0,162.0,153.0,154.0,168.0,168.0,158.0,144.0,131.0
연제구 - 전문대＜br＞(B),Statistics,67.0,61.0,68.0,78.0,75.0,77.0,85.0,86.0,86.0,80.0,72.0,74.0,85.0,86.0,77.0,62.0,49.0
영광군 - 대학교 교원수＜br＞(A+B+C+D),Statistics,13.0,13.0,10.0,12.0,13.0,16.0,16.0,15.0,15.0,15.0,15.0,12.0,13.0,12.0,12.0,12.0,11.0
영광군 - 일반대＜br＞(A),Statistics,13.0,13.0,10.0,12.0,13.0,16.0,16.0,15.0,15.0,15.0,15.0,12.0,13.0,12.0,12.0,12.0,11.0
영도구 - 대학교 교원수＜br＞(A+B+C+D),Statistics,458.0,470.0,470.0,481.0,521.0,538.0,534.0,544.0,542.0,545.0,551.0,532.0,546.0,553.0,550.0,381.0,369.0
영도구 - 일반대＜br＞(A),Statistics,458.0,470.0,470.0,481.0,521.0,538.0,534.0,544.0,542.0,545.0,551.0,532.0,546.0,553.0,550.0,381.0,369.0
영동군 - 대학교 교원수＜br＞(A+B+C+D),Statistics,122.0,109.0,106.0,129.0,129.0,133.0,133.0,134.0,137.0,139.0,161.0,153.0,136.0,126.0,128.0,111.0,72.0
영동군 - 일반대＜br＞(A),Statistics,122.0,109.0,106.0,129.0,129.0,133.0,133.0,134.0,137.0,139.0,161.0,153.0,136.0,126.0,128.0,111.0,72.0
영암군 - 대학교 교원수＜br＞(A+B+C+D),Statistics,174.0,172.0,167.0,206.0,224.0,227.0,206.0,157.0,210.0,212.0,215.0,202.0,195.0,184.0,169.0,114.0,121.0
영암군 - 일반대＜br＞(A),Statistics,111.0,107.0,101.0,135.0,154.0,154.0,132.0,89.0,146.0,146.0,150.0,145.0,143.0,137.0,126.0,75.0,83.0
영암군 - 전문대＜br＞(B),Statistics,63.0,65.0,66.0,71.0,70.0,73.0,74.0,68.0,64.0,66.0,65.0,57.0,52.0,47.0,43.0,39.0,38.0
영월군 - 대학교 교원수＜br＞(A+B+C+D),Statistics,27.0,28.0,25.0,27.0,29.0,29.0,29.0,27.0,27.0,28.0,28.0,30.0,30.0,30.0,29.0,27.0,27.0
영월군 - 전문대＜br＞(B),Statistics,27.0,28.0,25.0,27.0,29.0,29.0,29.0,27.0,27.0,28.0,28.0,30.0,30.0,30.0,29.0,27.0,27.0
영주시 - 대학교 교원수＜br＞(A+B+C+D),Statistics,191.0,188.0,194.0,195.0,222.0,228.0,250.0,240.0,231.0,233.0,232.0,228.0,223.0,225.0,226.0,179.0,175.0
영주시 - 일반대＜br＞(A),Statistics,106.0,109.0,117.0,118.0,145.0,145.0,167.0,160.0,154.0,154.0,152.0,146.0,139.0,143.0,148.0,105.0,99.0
영주시 - 전문대＜br＞(B),Statistics,85.0,79.0,77.0,77.0,77.0,83.0,83.0,80.0,77.0,79.0,80.0,82.0,84.0,82.0,78.0,74.0,76.0
영천시 - 대학교 교원수＜br＞(A+B+C+D),Statistics,40.0,43.0,42.0,45.0,47.0,46.0,44.0,45.0,41.0,40.0,44.0,49.0,49.0,42.0,44.0,40.0,41.0
영천시 - 전문대＜br＞(B),Statistics,40.0,43.0,42.0,45.0,47.0,46.0,44.0,45.0,41.0,40.0,44.0,49.0,49.0,42.0,44.0,40.0,41.0
예산군 - 대학교 교원수＜br＞(A+B+C+D),Statistics,,,,,,,,,,,,,,,,71.0,73.0
예산군 - 일반대＜br＞(A),Statistics,,,,,,,,,,,,,,,,71.0,73.0
예천군 - 대학교 교원수＜br＞(A+B+C+D),Statistics,30.0,30.0,30.0,30.0,30.0,32.0,31.0,32.0,32.0,31.0,30.0,29.0,29.0,29.0,29.0,27.0,27.0
예천군 - 전문대＜br＞(B),Statistics,30.0,30.0,30.0,30.0,30.0,32.0,31.0,32.0,32.0,31.0,30.0,29.0,29.0,29.0,29.0,27.0,27.0
오산시 - 대학교 교원수＜br＞(A+B+C+D),Statistics,280.0,289.0,285.0,284.0,302.0,321.0,316.0,312.0,313.0,304.0,307.0,304.0,309.0,317.0,305.0,304.0,302.0
오산시 - 일반대＜br＞(A),Statistics,162.0,170.0,166.0,170.0,177.0,190.0,178.0,176.0,174.0,169.0,174.0,170.0,178.0,190.0,180.0,179.0,173.0
오산시 - 전문대＜br＞(B),Statistics,118.0,119.0,119.0,114.0,125.0,131.0,138.0,136.0,139.0,135.0,133.0,134.0,131.0,127.0,125.0,125.0,129.0
옥천군 - 대학교 교원수＜br＞(A+B+C+D),Statistics,30.0,30.0,30.0,30.0,30.0,29.0,28.0,30.0,30.0,30.0,31.0,31.0,31.0,31.0,31.0,23.0,24.0
옥천군 - 전문대＜br＞(B),Statistics,30.0,30.0,30.0,30.0,30.0,29.0,28.0,30.0,30.0,30.0,31.0,31.0,31.0,31.0,31.0,23.0,24.0
완주군 - 대학교 교원수＜br＞(A+B+C+D),Statistics,346.0,361.0,377.0,360.0,386.0,379.0,386.0,377.0,355.0,356.0,370.0,364.0,390.0,391.0,375.0,300.0,273.0
완주군 - 일반대＜br＞(A),Statistics,293.0,310.0,328.0,307.0,331.0,327.0,335.0,328.0,308.0,311.0,329.0,326.0,354.0,357.0,342.0,270.0,249.0
완주군 - 전문대＜br＞(B),Statistics,53.0,51.0,49.0,53.0,55.0,52.0,51.0,49.0,47.0,45.0,41.0,38.0,36.0,34.0,33.0,30.0,24.0
용산구 - 대학교 교원수＜br＞(A+B+C+D),Statistics,353.0,355.0,389.0,401.0,404.0,410.0,402.0,399.0,414.0,414.0,415.0,411.0,414.0,403.0,399.0,389.0,382.0
용산구 - 일반대＜br＞(A),Statistics,353.0,355.0,389.0,401.0,404.0,410.0,402.0,399.0,414.0,414.0,415.0,411.0,414.0,403.0,399.0,389.0,382.0
용인시 - 대학교 교원수＜br＞(A+B+C+D),Statistics,1670.0,1728.0,1781.0,1808.0,1462.0,1506.0,1294.0,1339.0,1330.0,1330.0,1304.0,1291.0,1331.0,1338.0,1279.0,1951.0,1925.0
용인시 - 일반대＜br＞(A),Statistics,1576.0,1631.0,1675.0,1700.0,1349.0,1391.0,1177.0,1221.0,1215.0,1216.0,1190.0,1180.0,1221.0,1225.0,1175.0,1845.0,1817.0
용인시 - 전문대＜br＞(B),Statistics,94.0,97.0,106.0,108.0,113.0,115.0,117.0,118.0,115.0,114.0,114.0,111.0,110.0,113.0,104.0,106.0,108.0
울산광역시 - 대학교 교원수＜br＞(A+B+C+D),Statistics,1137.0,1229.0,1292.0,1374.0,1425.0,1449.0,1516.0,1552.0,1552.0,1586.0,1597.0,1612.0,1627.0,1620.0,1610.0,1559.0,1546.0
울산광역시 - 일반대＜br＞(A),Statistics,947.0,1034.0,1093.0,1168.0,1214.0,1236.0,1299.0,1340.0,1340.0,1372.0,1383.0,1400.0,1409.0,1398.0,1396.0,1345.0,1335.0
울산광역시 - 전문대＜br＞(B),Statistics,190.0,195.0,199.0,206.0,211.0,213.0,217.0,212.0,212.0,214.0,214.0,212.0,218.0,222.0,214.0,214.0,211.0
울주군 - 대학교 교원수＜br＞(A+B+C+D),Statistics,55.0,101.0,144.0,181.0,214.0,248.0,281.0,318.0,327.0,351.0,342.0,360.0,369.0,372.0,379.0,359.0,350.0
울주군 - 일반대＜br＞(A),Statistics,,42.0,84.0,116.0,146.0,181.0,211.0,247.0,254.0,275.0,266.0,286.0,295.0,299.0,306.0,287.0,279.0
울주군 - 전문대＜br＞(B),Statistics,55.0,59.0,60.0,65.0,68.0,67.0,70.0,71.0,73.0,76.0,76.0,74.0,74.0,73.0,73.0,72.0,71.0
원주시 - 대학교 교원수＜br＞(A+B+C+D),Statistics,732.0,837.0,839.0,865.0,890.0,920.0,964.0,976.0,1027.0,1027.0,1024.0,1012.0,1009.0,1049.0,1016.0,965.0,963.0
원주시 - 일반대＜br＞(A),Statistics,662.0,768.0,771.0,796.0,817.0,847.0,891.0,896.0,950.0,951.0,956.0,959.0,1009.0,1049.0,1016.0,965.0,963.0
원주시 - 전문대＜br＞(B),Statistics,70.0,69.0,68.0,69.0,73.0,73.0,73.0,80.0,77.0,76.0,68.0,53.0,,,,,
유성구 - 대학교 교원수＜br＞(A+B+C+D),Statistics,1271.0,1074.0,1059.0,1563.0,1575.0,1573.0,1584.0,1595.0,1592.0,1789.0,1823.0,1841.0,1846.0,1890.0,1879.0,1906.0,1950.0
유성구 - 산업대＜br＞(D),Statistics,227.0,227.0,226.0,233.0,,,,,,,,,,,,,
유성구 - 일반대＜br＞(A),Statistics,934.0,733.0,716.0,1213.0,1457.0,1464.0,1475.0,1489.0,1487.0,1682.0,1718.0,1739.0,1747.0,1794.0,1792.0,1830.0,1887.0
유성구 - 전문대＜br＞(B),Statistics,110.0,114.0,117.0,117.0,118.0,109.0,109.0,106.0,105.0,107.0,105.0,102.0,99.0,96.0,87.0,76.0,63.0
은평구 - 대학교 교원수＜br＞(A+B+C+D),Statistics,22.0,22.0,22.0,23.0,23.0,24.0,26.0,26.0,26.0,27.0,28.0,27.0,24.0,24.0,24.0,26.0,29.0
은평구 - 일반대＜br＞(A),Statistics,22.0,22.0,22.0,23.0,23.0,24.0,26.0,26.0,26.0,27.0,28.0,27.0,24.0,24.0,24.0,26.0,29.0
음성군 - 대학교 교원수＜br＞(A+B+C+D),Statistics,139.0,137.0,137.0,164.0,257.0,272.0,272.0,274.0,248.0,256.0,260.0,255.0,253.0,246.0,237.0,224.0,204.0
음성군 - 일반대＜br＞(A),Statistics,72.0,73.0,77.0,95.0,138.0,147.0,149.0,153.0,150.0,147.0,149.0,147.0,146.0,144.0,140.0,134.0,119.0
음성군 - 전문대＜br＞(B),Statistics,67.0,64.0,60.0,69.0,119.0,125.0,123.0,121.0,98.0,109.0,111.0,108.0,107.0,102.0,97.0,90.0,85.0
의왕시 - 대학교 교원수＜br＞(A+B+C+D),Statistics,81.0,81.0,91.0,89.0,82.0,84.0,87.0,87.0,87.0,90.0,89.0,89.0,85.0,84.0,81.0,110.0,104.0
의왕시 - 일반대＜br＞(A),Statistics,,,,,,,,,,,,,,,,29.0,32.0
의왕시 - 전문대＜br＞(B),Statistics,81.0,81.0,91.0,89.0,82.0,84.0,87.0,87.0,87.0,90.0,89.0,89.0,85.0,84.0,81.0,81.0,72.0
의정부시 - 대학교 교원수＜br＞(A+B+C+D),Statistics,289.0,301.0,303.0,311.0,317.0,325.0,300.0,310.0,293.0,289.0,287.0,272.0,265.0,285.0,285.0,285.0,291.0
의정부시 - 일반대＜br＞(A),Statistics,,,,,,,156.0,166.0,157.0,159.0,158.0,145.0,141.0,158.0,159.0,168.0,172.0
의정부시 - 전문대＜br＞(B),Statistics,289.0,301.0,303.0,311.0,317.0,325.0,144.0,144.0,136.0,130.0,129.0,127.0,124.0,127.0,126.0,117.0,119.0
이천시 - 대학교 교원수＜br＞(A+B+C+D),Statistics,136.0,136.0,145.0,147.0,150.0,150.0,147.0,151.0,154.0,158.0,155.0,157.0,159.0,167.0,160.0,160.0,158.0
이천시 - 전문대＜br＞(B),Statistics,136.0,136.0,145.0,147.0,150.0,150.0,147.0,151.0,154.0,158.0,155.0,157.0,159.0,167.0,160.0,160.0,158.0
익산시 - 대학교 교원수＜br＞(A+B+C+D),Statistics,741.0,759.0,761.0,822.0,876.0,856.0,814.0,827.0,801.0,829.0,831.0,809.0,817.0,843.0,806.0,842.0,794.0
익산시 - 일반대＜br＞(A),Statistics,656.0,673.0,655.0,691.0,745.0,727.0,686.0,691.0,665.0,696.0,701.0,682.0,691.0,721.0,686.0,718.0,674.0
익산시 - 전문대＜br＞(B),Statistics,85.0,86.0,106.0,131.0,131.0,129.0,128.0,136.0,136.0,133.0,130.0,127.0,126.0,122.0,120.0,124.0,120.0
인천광역시 - 교육대＜br＞(C),Statistics,127.0,128.0,128.0,128.0,132.0,131.0,131.0,132.0,133.0,130.0,135.0,133.0,134.0,132.0,134.0,132.0,134.0
인천광역시 - 대학교 교원수＜br＞(A+B+C+D),Statistics,1894.0,1588.0,1620.0,1633.0,1542.0,1559.0,1572.0,1619.0,1652.0,1623.0,1651.0,1639.0,1641.0,1845.0,1866.0,2431.0,2422.0
인천광역시 - 산업대＜br＞(D),Statistics,,,,,,,,,,,,,,,,63.0,63.0
인천광역시 - 일반대＜br＞(A),Statistics,1317.0,969.0,1143.0,1156.0,1037.0,1049.0,1051.0,1092.0,1123.0,1097.0,1127.0,1124.0,1120.0,1328.0,1354.0,1865.0,1856.0
인천광역시 - 전문대＜br＞(B),Statistics,450.0,491.0,349.0,349.0,373.0,379.0,390.0,395.0,396.0,396.0,389.0,382.0,387.0,385.0,378.0,371.0,369.0
임실군 - 대학교 교원수＜br＞(A+B+C+D),Statistics,36.0,42.0,40.0,50.0,46.0,48.0,30.0,50.0,52.0,57.0,55.0,53.0,53.0,50.0,49.0,45.0,41.0
임실군 - 일반대＜br＞(A),Statistics,36.0,42.0,40.0,50.0,46.0,48.0,30.0,50.0,52.0,57.0,55.0,53.0,53.0,50.0,49.0,45.0,41.0
전국 - 교육대＜br＞(C),Statistics,812.0,805.0,813.0,820.0,842.0,835.0,834.0,849.0,844.0,841.0,835.0,834.0,827.0,833.0,829.0,826.0,835.0
전국 - 대학교 교원수＜br＞(A+B+C+D),Statistics,69380.0,69847.0,71257.0,73684.0,76199.0,77208.0,78467.0,79620.0,79369.0,80815.0,80636.0,79407.0,79405.0,80684.0,79509.0,78259.0,77409.0
전국 - 산업대＜br＞(D),Statistics,2137.0,2073.0,1942.0,1869.0,286.0,316.0,335.0,357.0,371.0,375.0,354.0,337.0,346.0,350.0,324.0,315.0,304.0
전국 - 일반대＜br＞(A),Statistics,54331.0,54518.0,55972.0,58104.0,61993.0,63042.0,64378.0,65423.0,65300.0,66795.0,66863.0,65909.0,66054.0,67473.0,66730.0,65939.0,65384.0
전국 - 전문대＜br＞(B),Statistics,12100.0,12451.0,12530.0,12891.0,13078.0,13015.0,12920.0,12991.0,12854.0,12804.0,12584.0,12327.0,12178.0,12028.0,11626.0,11179.0,10886.0
전라남도 - 대학교 교원수＜br＞(A+B+C+D),Statistics,2162.0,2179.0,2200.0,2375.0,2194.0,2170.0,2184.0,2138.0,2189.0,2190.0,2203.0,2140.0,2097.0,2076.0,1955.0,1851.0,1858.0
전라남도 - 산업대＜br＞(D),Statistics,132.0,131.0,162.0,194.0,,,,,,,,,,,,,
전라남도 - 일반대＜br＞(A),Statistics,1325.0,1322.0,1298.0,1415.0,1526.0,1519.0,1533.0,1507.0,1560.0,1552.0,1572.0,1543.0,1526.0,1521.0,1441.0,1359.0,1373.0
전라남도 - 전문대＜br＞(B),Statistics,705.0,726.0,740.0,766.0,668.0,651.0,651.0,631.0,629.0,638.0,631.0,597.0,571.0,555.0,514.0,492.0,485.0
전북특별자치도 - 교육대＜br＞(C),Statistics,56.0,58.0,57.0,55.0,56.0,58.0,58.0,59.0,58.0,59.0,58.0,59.0,58.0,59.0,58.0,57.0,57.0
전북특별자치도 - 대학교 교원수＜br＞(A+B+C+D),Statistics,3203.0,3255.0,3272.0,3358.0,3512.0,3434.0,3357.0,3513.0,3451.0,3750.0,3596.0,3510.0,3576.0,3615.0,3519.0,3390.0,3265.0
전북특별자치도 - 산업대＜br＞(D),Statistics,118.0,134.0,139.0,133.0,144.0,158.0,166.0,179.0,188.0,179.0,164.0,148.0,163.0,161.0,151.0,151.0,144.0
전북특별자치도 - 일반대＜br＞(A),Statistics,2581.0,2608.0,2583.0,2656.0,2759.0,2694.0,2622.0,2722.0,2660.0,2971.0,2846.0,2773.0,2828.0,2900.0,2822.0,2695.0,2592.0
전북특별자치도 - 전문대＜br＞(B),Statistics,448.0,455.0,493.0,514.0,553.0,524.0,511.0,553.0,545.0,541.0,528.0,530.0,527.0,495.0,488.0,487.0,472.0
전주시 - 교육대＜br＞(C),Statistics,56.0,58.0,57.0,55.0,56.0,58.0,58.0,59.0,58.0,59.0,58.0,59.0,58.0,59.0,58.0,57.0,57.0
전주시 - 대학교 교원수＜br＞(A+B+C+D),Statistics,1315.0,1307.0,1306.0,1288.0,1349.0,1343.0,1364.0,1395.0,1401.0,1623.0,1661.0,1630.0,1651.0,1693.0,1667.0,1594.0,1553.0
전주시 - 일반대＜br＞(A),Statistics,1137.0,1126.0,1125.0,1106.0,1162.0,1154.0,1170.0,1157.0,1167.0,1385.0,1420.0,1376.0,1389.0,1429.0,1406.0,1340.0,1303.0
전주시 - 전문대＜br＞(B),Statistics,122.0,123.0,124.0,127.0,131.0,131.0,136.0,179.0,176.0,179.0,183.0,195.0,204.0,205.0,203.0,197.0,193.0
정읍시 - 대학교 교원수＜br＞(A+B+C+D),Statistics,30.0,30.0,48.0,34.0,49.0,47.0,48.0,48.0,46.0,49.0,49.0,51.0,50.0,50.0,49.0,52.0,54.0
정읍시 - 전문대＜br＞(B),Statistics,30.0,30.0,48.0,34.0,49.0,47.0,48.0,48.0,46.0,49.0,49.0,51.0,50.0,50.0,49.0,52.0,54.0
제주시 - 대학교 교원수＜br＞(A+B+C+D),Statistics,780.0,777.0,778.0,691.0,713.0,709.0,738.0,756.0,773.0,760.0,761.0,745.0,735.0,889.0,872.0,862.0,837.0
제주시 - 일반대＜br＞(A),Statistics,546.0,537.0,534.0,446.0,523.0,517.0,535.0,535.0,544.0,537.0,533.0,516.0,513.0,674.0,669.0,667.0,657.0
제주시 - 전문대＜br＞(B),Statistics,234.0,240.0,244.0,245.0,190.0,192.0,203.0,221.0,229.0,223.0,228.0,229.0,222.0,215.0,203.0,195.0,180.0
제주특별자치도 - 대학교 교원수＜br＞(A+B+C+D),Statistics,805.0,802.0,801.0,711.0,713.0,709.0,738.0,756.0,773.0,760.0,761.0,745.0,735.0,889.0,872.0,862.0,837.0
제주특별자치도 - 일반대＜br＞(A),Statistics,571.0,562.0,557.0,466.0,523.0,517.0,535.0,535.0,544.0,537.0,533.0,516.0,513.0,674.0,669.0,667.0,657.0
제주특별자치도 - 전문대＜br＞(B),Statistics,234.0,240.0,244.0,245.0,190.0,192.0,203.0,221.0,229.0,223.0,228.0,229.0,222.0,215.0,203.0,195.0,180.0
제천시 - 대학교 교원수＜br＞(A+B+C+D),Statistics,291.0,297.0,303.0,306.0,333.0,383.0,380.0,375.0,367.0,373.0,368.0,358.0,346.0,364.0,351.0,322.0,304.0
제천시 - 일반대＜br＞(A),Statistics,213.0,218.0,221.0,221.0,243.0,291.0,288.0,283.0,276.0,282.0,283.0,276.0,268.0,293.0,283.0,257.0,246.0
제천시 - 전문대＜br＞(B),Statistics,78.0,79.0,82.0,85.0,90.0,92.0,92.0,92.0,91.0,91.0,85.0,82.0,78.0,71.0,68.0,65.0,58.0
종로구 - 대학교 교원수＜br＞(A+B+C+D),Statistics,587.0,564.0,1401.0,1426.0,1465.0,1510.0,1506.0,1532.0,1541.0,1531.0,1549.0,1536.0,1555.0,1579.0,1595.0,1117.0,1088.0
종로구 - 일반대＜br＞(A),Statistics,483.0,452.0,1288.0,1316.0,1385.0,1431.0,1426.0,1451.0,1459.0,1446.0,1465.0,1453.0,1476.0,1501.0,1519.0,1040.0,1012.0
종로구 - 전문대＜br＞(B),Statistics,104.0,112.0,113.0,110.0,80.0,79.0,80.0,81.0,82.0,85.0,84.0,83.0,79.0,78.0,76.0,77.0,76.0
중구 - 대학교 교원수＜br＞(A+B+C+D),Statistics,529.0,559.0,615.0,616.0,623.0,631.0,643.0,647.0,634.0,667.0,665.0,646.0,653.0,668.0,654.0,560.0,555.0
중구 - 일반대＜br＞(A),Statistics,464.0,490.0,532.0,530.0,535.0,541.0,546.0,556.0,548.0,583.0,584.0,567.0,576.0,589.0,576.0,478.0,475.0
중구 - 전문대＜br＞(B),Statistics,65.0,69.0,83.0,86.0,88.0,90.0,97.0,91.0,86.0,84.0,81.0,79.0,77.0,79.0,78.0,82.0,80.0
중랑구 - 대학교 교원수＜br＞(A+B+C+D),Statistics,134.0,155.0,154.0,161.0,180.0,186.0,177.0,174.0,173.0,174.0,174.0,170.0,169.0,167.0,172.0,174.0,170.0
중랑구 - 전문대＜br＞(B),Statistics,134.0,155.0,154.0,161.0,180.0,186.0,177.0,174.0,173.0,174.0,174.0,170.0,169.0,167.0,172.0,174.0,170.0
증평군 - 대학교 교원수＜br＞(A+B+C+D),Statistics,,,,,,,,,,,,,,,,,35.0
증평군 - 일반대＜br＞(A),Statistics,,,,,,,,,,,,,,,,,35.0
진주시 - 교육대＜br＞(C),Statistics,71.0,72.0,71.0,71.0,76.0,74.0,73.0,72.0,71.0,73.0,73.0,70.0,68.0,69.0,69.0,70.0,70.0
진주시 - 대학교 교원수＜br＞(A+B+C+D),Statistics,1239.0,1099.0,1102.0,1130.0,1142.0,1143.0,1140.0,1148.0,1150.0,1303.0,1307.0,1293.0,1271.0,1270.0,1264.0,1141.0,1155.0
진주시 - 산업대＜br＞(D),Statistics,164.0,170.0,172.0,,,,,,,,,,,,,,
진주시 - 일반대＜br＞(A),Statistics,914.0,763.0,759.0,956.0,957.0,958.0,954.0,961.0,962.0,1116.0,1123.0,1107.0,1084.0,1081.0,1082.0,958.0,971.0
진주시 - 전문대＜br＞(B),Statistics,90.0,94.0,100.0,103.0,109.0,111.0,113.0,115.0,117.0,114.0,111.0,116.0,119.0,120.0,113.0,113.0,114.0
진천군 - 대학교 교원수＜br＞(A+B+C+D),Statistics,,,,,,,,,,,,,,,,57.0,51.0
진천군 - 일반대＜br＞(A),Statistics,,,,,,,,,,,,,,,,57.0,51.0
창원시 - 대학교 교원수＜br＞(A+B+C+D),Statistics,,,,1021.0,1107.0,1109.0,1121.0,1115.0,1127.0,1127.0,1123.0,1103.0,1115.0,1131.0,1065.0,1029.0,998.0
창원시 - 일반대＜br＞(A),Statistics,,,,678.0,763.0,835.0,832.0,836.0,856.0,862.0,858.0,851.0,869.0,893.0,846.0,839.0,806.0
창원시 - 전문대＜br＞(B),Statistics,,,,343.0,344.0,274.0,289.0,279.0,271.0,265.0,265.0,252.0,246.0,238.0,219.0,190.0,192.0
천안시 - 대학교 교원수＜br＞(A+B+C+D),Statistics,1592.0,1674.0,1761.0,1823.0,1926.0,1973.0,2093.0,2200.0,2173.0,2155.0,2129.0,2062.0,2047.0,2093.0,2031.0,2788.0,2779.0
천안시 - 산업대＜br＞(D),Statistics,219.0,250.0,302.0,319.0,,,,,,,,,,,,,
천안시 - 일반대＜br＞(A),Statistics,1193.0,1252.0,1283.0,1323.0,1736.0,1785.0,1897.0,1998.0,1971.0,1950.0,1920.0,1842.0,1828.0,1897.0,1845.0,2621.0,2625.0
천안시 - 전문대＜br＞(B),Statistics,180.0,172.0,176.0,181.0,190.0,188.0,196.0,202.0,202.0,205.0,209.0,220.0,219.0,196.0,186.0,167.0,154.0
청양군 - 대학교 교원수＜br＞(A+B+C+D),Statistics,29.0,29.0,30.0,30.0,31.0,32.0,32.0,33.0,33.0,33.0,33.0,33.0,33.0,33.0,33.0,32.0,34.0
청양군 - 전문대＜br＞(B),Statistics,29.0,29.0,30.0,30.0,31.0,32.0,32.0,33.0,33.0,33.0,33.0,33.0,33.0,33.0,33.0,32.0,34.0
청주시 - 교육대＜br＞(C),Statistics,,,,,,,,71.0,70.0,70.0,67.0,67.0,69.0,70.0,69.0,66.0,71.0
청주시 - 대학교 교원수＜br＞(A+B+C+D),Statistics,,,,,,,,1918.0,1904.0,1902.0,1877.0,1838.0,1833.0,1869.0,1813.0,1814.0,1805.0
청주시 - 일반대＜br＞(A),Statistics,,,,,,,,1611.0,1600.0,1602.0,1589.0,1566.0,1565.0,1601.0,1560.0,1561.0,1547.0
청주시 - 전문대＜br＞(B),Statistics,,,,,,,,236.0,234.0,230.0,221.0,205.0,199.0,198.0,184.0,187.0,187.0
춘천시 - 교육대＜br＞(C),Statistics,70.0,69.0,76.0,75.0,77.0,75.0,74.0,78.0,74.0,78.0,76.0,77.0,79.0,75.0,76.0,77.0,77.0
춘천시 - 대학교 교원수＜br＞(A+B+C+D),Statistics,1680.0,1721.0,1620.0,1603.0,1622.0,1610.0,1624.0,1660.0,1632.0,1636.0,1606.0,1607.0,1593.0,1507.0,1503.0,1636.0,1608.0
춘천시 - 일반대＜br＞(A),Statistics,1519.0,1554.0,1441.0,1424.0,1436.0,1423.0,1440.0,1469.0,1446.0,1447.0,1423.0,1423.0,1410.0,1324.0,1318.0,1453.0,1424.0
춘천시 - 전문대＜br＞(B),Statistics,91.0,98.0,103.0,104.0,109.0,112.0,110.0,113.0,112.0,111.0,107.0,107.0,104.0,108.0,109.0,106.0,107.0
충남 당진군 - 대학교 교원수＜br＞(A+B+C+D),Statistics,101.0,104.0,106.0,109.0,,,,,,,,,,,,,
충남 당진군 - 전문대＜br＞(B),Statistics,101.0,104.0,106.0,109.0,,,,,,,,,,,,,
충남 연기군 - 대학교 교원수＜br＞(A+B+C+D),Statistics,407.0,431.0,435.0,442.0,448.0,,,,,,,,,,,,
충남 연기군 - 일반대＜br＞(A),Statistics,407.0,431.0,435.0,442.0,448.0,,,,,,,,,,,,
충북 청원군 - 대학교 교원수＜br＞(A+B+C+D),Statistics,429.0,423.0,430.0,436.0,440.0,451.0,452.0,,,,,,,,,,
충북 청원군 - 일반대＜br＞(A),Statistics,195.0,199.0,200.0,203.0,207.0,215.0,214.0,,,,,,,,,,
충북 청원군 - 전문대＜br＞(B),Statistics,234.0,224.0,230.0,233.0,233.0,236.0,238.0,,,,,,,,,,
충북 청주시 - 교육대＜br＞(C),Statistics,67.0,68.0,65.0,68.0,69.0,67.0,69.0,,,,,,,,,,
충북 청주시 - 대학교 교원수＜br＞(A+B+C+D),Statistics,1341.0,1330.0,1305.0,1343.0,1408.0,1411.0,1423.0,,,,,,,,,,
충북 청주시 - 일반대＜br＞(A),Statistics,1274.0,1262.0,1240.0,1275.0,1339.0,1344.0,1354.0,,,,,,,,,,
충주시 - 대학교 교원수＜br＞(A+B+C+D),Statistics,662.0,687.0,700.0,714.0,748.0,594.0,685.0,681.0,680.0,696.0,686.0,559.0,576.0,587.0,568.0,470.0,467.0
충주시 - 산업대＜br＞(D),Statistics,286.0,292.0,,,,,,,,,,,,,,,
충주시 - 일반대＜br＞(A),Statistics,374.0,395.0,700.0,714.0,748.0,594.0,685.0,681.0,680.0,696.0,686.0,559.0,576.0,587.0,568.0,470.0,467.0
충주시 - 전문대＜br＞(B),Statistics,2.0,,,,,,,,,,,,,,,,
충청남도 - 교육대＜br＞(C),Statistics,83.0,84.0,86.0,87.0,89.0,87.0,83.0,85.0,87.0,84.0,85.0,84.0,79.0,82.0,81.0,81.0,81.0
충청남도 - 대학교 교원수＜br＞(A+B+C+D),Statistics,4969.0,5245.0,5431.0,5559.0,5792.0,5377.0,5650.0,5858.0,5760.0,5761.0,5618.0,5536.0,5519.0,5650.0,5476.0,5218.0,5186.0
충청남도 - 산업대＜br＞(D),Statistics,339.0,385.0,447.0,461.0,142.0,158.0,169.0,178.0,183.0,196.0,190.0,189.0,183.0,189.0,173.0,101.0,97.0
충청남도 - 일반대＜br＞(A),Statistics,4043.0,4272.0,4392.0,4496.0,5030.0,4687.0,4941.0,5130.0,5020.0,5003.0,4867.0,4776.0,4780.0,4929.0,4790.0,4634.0,4618.0
충청남도 - 전문대＜br＞(B),Statistics,504.0,504.0,506.0,515.0,531.0,445.0,457.0,465.0,470.0,478.0,476.0,487.0,477.0,450.0,432.0,402.0,390.0
충청북도 - 교육대＜br＞(C),Statistics,67.0,68.0,65.0,68.0,69.0,67.0,69.0,71.0,70.0,70.0,67.0,67.0,69.0,70.0,69.0,66.0,71.0
충청북도 - 대학교 교원수＜br＞(A+B+C+D),Statistics,3014.0,3041.0,3054.0,3182.0,3433.0,3400.0,3522.0,3572.0,3535.0,3555.0,3539.0,3340.0,3314.0,3369.0,3271.0,3161.0,3091.0
충청북도 - 산업대＜br＞(D),Statistics,286.0,292.0,,,,,,,,,,,,,,,
충청북도 - 일반대＜br＞(A),Statistics,2250.0,2284.0,2587.0,2697.0,2892.0,2851.0,2972.0,3022.0,3012.0,3025.0,3024.0,2847.0,2830.0,2897.0,2822.0,2730.0,2666.0
충청북도 - 전문대＜br＞(B),Statistics,411.0,397.0,402.0,417.0,472.0,482.0,481.0,479.0,453.0,460.0,448.0,426.0,415.0,402.0,380.0,365.0,354.0
칠곡군 - 대학교 교원수＜br＞(A+B+C+D),Statistics,95.0,86.0,88.0,111.0,122.0,118.0,113.0,114.0,111.0,104.0,100.0,97.0,90.0,89.0,84.0,83.0,78.0
칠곡군 - 일반대＜br＞(A),Statistics,35.0,34.0,37.0,52.0,59.0,54.0,52.0,50.0,48.0,45.0,44.0,42.0,37.0,35.0,32.0,30.0,24.0
칠곡군 - 전문대＜br＞(B),Statistics,60.0,52.0,51.0,59.0,63.0,64.0,61.0,64.0,63.0,59.0,56.0,55.0,53.0,54.0,52.0,53.0,54.0
태백시 - 대학교 교원수＜br＞(A+B+C+D),Statistics,36.0,29.0,29.0,31.0,32.0,38.0,37.0,37.0,38.0,37.0,30.0,28.0,24.0,10.0,15.0,10.0,
태백시 - 전문대＜br＞(B),Statistics,36.0,29.0,29.0,31.0,32.0,38.0,37.0,37.0,38.0,37.0,30.0,28.0,24.0,10.0,15.0,10.0,
태안군 - 대학교 교원수＜br＞(A+B+C+D),Statistics,,,,,,,,,,,,,,,,69.0,68.0
태안군 - 일반대＜br＞(A),Statistics,,,,,,,,,,,,,,,,69.0,68.0
통영시 - 대학교 교원수＜br＞(A+B+C+D),Statistics,,,,,,,,,,,,,,,,58.0,51.0
통영시 - 일반대＜br＞(A),Statistics,,,,,,,,,,,,,,,,58.0,51.0
파주시 - 대학교 교원수＜br＞(A+B+C+D),Statistics,32.0,53.0,62.0,62.0,64.0,56.0,55.0,56.0,49.0,51.0,48.0,46.0,44.0,38.0,37.0,145.0,130.0
파주시 - 전문대＜br＞(B),Statistics,32.0,53.0,62.0,62.0,64.0,56.0,55.0,56.0,49.0,51.0,48.0,46.0,44.0,38.0,37.0,145.0,130.0
평택시 - 대학교 교원수＜br＞(A+B+C+D),Statistics,249.0,247.0,257.0,261.0,283.0,287.0,288.0,292.0,302.0,316.0,307.0,297.0,289.0,295.0,275.0,266.0,235.0
평택시 - 일반대＜br＞(A),Statistics,112.0,107.0,109.0,116.0,124.0,126.0,125.0,126.0,132.0,147.0,139.0,133.0,128.0,131.0,121.0,167.0,151.0
평택시 - 전문대＜br＞(B),Statistics,137.0,140.0,148.0,145.0,159.0,161.0,163.0,166.0,170.0,169.0,168.0,164.0,161.0,164.0,154.0,99.0,84.0
포천시 - 대학교 교원수＜br＞(A+B+C+D),Statistics,601.0,623.0,644.0,676.0,726.0,457.0,477.0,341.0,326.0,343.0,346.0,333.0,321.0,320.0,325.0,334.0,318.0
포천시 - 일반대＜br＞(A),Statistics,516.0,531.0,554.0,586.0,584.0,309.0,323.0,341.0,326.0,343.0,346.0,333.0,321.0,320.0,325.0,334.0,318.0
포천시 - 전문대＜br＞(B),Statistics,85.0,92.0,90.0,90.0,142.0,148.0,154.0,,,,,,,,,,
포항시 - 대학교 교원수＜br＞(A+B+C+D),Statistics,483.0,500.0,454.0,444.0,447.0,451.0,482.0,499.0,500.0,511.0,519.0,509.0,511.0,515.0,503.0,492.0,486.0
포항시 - 일반대＜br＞(A),Statistics,318.0,327.0,287.0,282.0,292.0,297.0,323.0,339.0,343.0,357.0,367.0,367.0,376.0,377.0,375.0,372.0,370.0
포항시 - 전문대＜br＞(B),Statistics,165.0,173.0,167.0,162.0,155.0,154.0,159.0,160.0,157.0,154.0,152.0,142.0,135.0,138.0,128.0,120.0,116.0
해운대구 - 대학교 교원수＜br＞(A+B+C+D),Statistics,158.0,164.0,155.0,185.0,204.0,200.0,192.0,196.0,192.0,212.0,192.0,178.0,152.0,142.0,135.0,163.0,143.0
해운대구 - 일반대＜br＞(A),Statistics,96.0,99.0,89.0,102.0,120.0,116.0,112.0,118.0,121.0,144.0,140.0,135.0,125.0,142.0,135.0,159.0,138.0
해운대구 - 전문대＜br＞(B),Statistics,62.0,65.0,66.0,83.0,84.0,84.0,80.0,78.0,71.0,68.0,52.0,43.0,27.0,,,4.0,5.0
홍성군 - 대학교 교원수＜br＞(A+B+C+D),Statistics,197.0,213.0,223.0,220.0,224.0,240.0,254.0,261.0,269.0,285.0,275.0,272.0,262.0,265.0,250.0,180.0,177.0
홍성군 - 산업대＜br＞(D),Statistics,120.0,135.0,145.0,142.0,142.0,158.0,169.0,178.0,183.0,196.0,190.0,189.0,183.0,189.0,173.0,101.0,97.0
홍성군 - 전문대＜br＞(B),Statistics,77.0,78.0,78.0,78.0,82.0,82.0,85.0,83.0,86.0,89.0,85.0,83.0,79.0,76.0,77.0,79.0,80.0
화성시 - 대학교 교원수＜br＞(A+B+C+D),Statistics,678.0,673.0,718.0,753.0,896.0,974.0,974.0,944.0,941.0,929.0,887.0,838.0,797.0,784.0,755.0,743.0,702.0
화성시 - 일반대＜br＞(A),Statistics,417.0,407.0,443.0,431.0,502.0,582.0,583.0,584.0,592.0,592.0,561.0,530.0,501.0,500.0,486.0,490.0,472.0
화성시 - 전문대＜br＞(B),Statistics,261.0,266.0,275.0,322.0,394.0,392.0,391.0,360.0,349.0,337.0,326.0,308.0,296.0,284.0,269.0,253.0,230.0
횡성군 - 대학교 교원수＜br＞(A+B+C+D),Statistics,30.0,30.0,34.0,53.0,53.0,43.0,41.0,47.0,48.0,45.0,48.0,49.0,47.0,47.0,47.0,46.0,44.0
횡성군 - 전문대＜br＞(B),Statistics,30.0,30.0,34.0,53.0,53.0,43.0,41.0,47.0,48.0,45.0,48.0,49.0,47.0,47.0,47.0,46.0,44.0
