item,category,2009,2010,2011,2012,2013,2014,2015,2016,2017,2018,2019,2020,2021,2022,2023,2024
가평군 - 보육시설＜br＞(A),Statistics,33.0,36.0,35.0,37.0,39.0,38.0,38.0,38.0,38.0,36.0,36.0,34.0,34.0,34.0,32.0,28.0
가평군 - 유아 천명당 보육시설수＜br＞(A÷B×1000),Statistics,12.4,14.0,13.7,13.9,15.1,15.8,15.6,16.0,16.6,17.2,18.5,18.8,20.5,22.5,22.8,20.5
가평군 - 주민등록인구(0~5세)＜br＞(B),Statistics,2656.0,2577.0,2559.0,2660.0,2587.0,2410.0,2442.0,2379.0,2291.0,2096.0,1943.0,1808.0,1659.0,1510.0,1401.0,1365.0
강남구 - 보육시설＜br＞(A),Statistics,165.0,173.0,188.0,207.0,224.0,238.0,244.0,243.0,231.0,221.0,201.0,199.0,190.0,183.0,178.0,174.0
강남구 - 유아 천명당 보육시설수＜br＞(A÷B×1000),Statistics,7.0,7.2,7.5,8.1,9.0,9.1,9.3,9.8,10.1,10.8,10.4,11.4,12.0,12.5,11.7,11.3
강남구 - 주민등록인구(0~5세)＜br＞(B),Statistics,23443.0,24181.0,25176.0,25624.0,25016.0,26043.0,26317.0,24694.0,22826.0,20532.0,19341.0,17498.0,15856.0,14644.0,15156.0,15427.0
강동구 - 보육시설＜br＞(A),Statistics,227.0,256.0,304.0,332.0,331.0,332.0,311.0,289.0,284.0,272.0,260.0,260.0,251.0,238.0,230.0,232.0
강동구 - 유아 천명당 보육시설수＜br＞(A÷B×1000),Statistics,9.2,10.3,11.8,13.1,13.5,14.0,14.1,14.2,14.3,15.1,14.4,13.6,13.7,13.9,14.4,14.3
강동구 - 주민등록인구(0~5세)＜br＞(B),Statistics,24666.0,24744.0,25696.0,25352.0,24525.0,23646.0,22135.0,20395.0,19804.0,17988.0,18013.0,19166.0,18344.0,17140.0,15963.0,16241.0
강릉시 - 보육시설＜br＞(A),Statistics,161.0,174.0,178.0,180.0,174.0,169.0,163.0,157.0,151.0,133.0,124.0,123.0,115.0,109.0,104.0,98.0
강릉시 - 유아 천명당 보육시설수＜br＞(A÷B×1000),Statistics,15.2,17.0,17.4,17.8,18.0,18.1,18.0,18.0,18.3,17.3,16.8,17.3,17.3,17.5,17.6,17.7
강릉시 - 주민등록인구(0~5세)＜br＞(B),Statistics,10612.0,10224.0,10211.0,10119.0,9653.0,9320.0,9043.0,8706.0,8239.0,7696.0,7398.0,7115.0,6634.0,6239.0,5894.0,5536.0
강북구 - 보육시설＜br＞(A),Statistics,198.0,201.0,201.0,210.0,207.0,204.0,192.0,182.0,174.0,165.0,153.0,144.0,135.0,122.0,115.0,106.0
강북구 - 유아 천명당 보육시설수＜br＞(A÷B×1000),Statistics,12.7,12.9,12.8,13.3,13.7,14.1,14.1,14.3,14.7,15.6,16.2,17.3,18.6,18.9,20.1,20.4
강북구 - 주민등록인구(0~5세)＜br＞(B),Statistics,15576.0,15524.0,15674.0,15759.0,15055.0,14432.0,13655.0,12743.0,11867.0,10557.0,9470.0,8309.0,7253.0,6465.0,5724.0,5188.0
강서구 - 보육시설＜br＞(A),Statistics,363.0,377.0,382.0,410.0,425.0,450.0,439.0,438.0,441.0,441.0,409.0,373.0,341.0,312.0,296.0,277.0
강서구 - 유아 천명당 보육시설수＜br＞(A÷B×1000),Statistics,11.2,12.2,12.6,13.5,14.2,14.3,13.9,13.8,14.5,15.9,16.2,17.1,17.4,17.6,18.1,18.2
강서구 - 주민등록인구(0~5세)＜br＞(B),Statistics,32303.0,30932.0,30220.0,30319.0,30033.0,31483.0,31651.0,31809.0,30500.0,27812.0,25241.0,21816.0,19618.0,17683.0,16343.0,15235.0
강원특별자치도 - 보육시설＜br＞(A),Statistics,926.0,1085.0,1147.0,1244.0,1265.0,1257.0,1227.0,1180.0,1149.0,1086.0,1036.0,999.0,954.0,906.0,847.0,816.0
강원특별자치도 - 유아 천명당 보육시설수＜br＞(A÷B×1000),Statistics,12.0,14.3,15.2,16.4,17.2,17.4,17.2,17.1,17.5,17.7,17.5,17.7,17.9,18.0,17.9,18.2
강원특별자치도 - 주민등록인구(0~5세)＜br＞(B),Statistics,76946.0,75851.0,75635.0,75796.0,73455.0,72309.0,71392.0,69029.0,65614.0,61381.0,59096.0,56583.0,53153.0,50371.0,47443.0,44902.0
강진군 - 보육시설＜br＞(A),Statistics,18.0,17.0,17.0,17.0,17.0,17.0,17.0,16.0,15.0,15.0,16.0,15.0,15.0,15.0,15.0,15.0
강진군 - 유아 천명당 보육시설수＜br＞(A÷B×1000),Statistics,9.0,7.8,7.7,8.4,8.8,9.2,10.0,10.1,11.3,12.5,14.9,15.7,19.3,20.6,20.2,19.6
강진군 - 주민등록인구(0~5세)＜br＞(B),Statistics,1992.0,2167.0,2204.0,2027.0,1930.0,1844.0,1698.0,1577.0,1327.0,1198.0,1076.0,953.0,778.0,729.0,744.0,766.0
강화군 - 보육시설＜br＞(A),Statistics,18.0,19.0,19.0,19.0,21.0,21.0,22.0,20.0,19.0,18.0,16.0,14.0,13.0,13.0,13.0,12.0
강화군 - 유아 천명당 보육시설수＜br＞(A÷B×1000),Statistics,8.0,8.6,8.8,8.8,10.4,10.5,11.1,10.2,10.1,10.4,9.1,7.9,7.7,8.0,8.3,7.9
강화군 - 주민등록인구(0~5세)＜br＞(B),Statistics,2251.0,2222.0,2167.0,2152.0,2020.0,1999.0,1982.0,1962.0,1874.0,1734.0,1754.0,1783.0,1692.0,1616.0,1565.0,1514.0
거제시 - 보육시설＜br＞(A),Statistics,129.0,149.0,167.0,197.0,223.0,243.0,256.0,251.0,257.0,267.0,253.0,234.0,207.0,176.0,152.0,131.0
거제시 - 유아 천명당 보육시설수＜br＞(A÷B×1000),Statistics,7.2,8.3,9.0,10.1,11.2,12.0,12.1,12.0,13.2,15.3,16.1,17.0,18.1,18.7,19.4,19.0
거제시 - 주민등록인구(0~5세)＜br＞(B),Statistics,17796.0,17962.0,18603.0,19589.0,19911.0,20308.0,21188.0,20833.0,19494.0,17498.0,15673.0,13747.0,11448.0,9425.0,7852.0,6894.0
거창군 - 보육시설＜br＞(A),Statistics,34.0,34.0,34.0,34.0,34.0,37.0,37.0,33.0,34.0,33.0,30.0,28.0,27.0,26.0,25.0,23.0
거창군 - 유아 천명당 보육시설수＜br＞(A÷B×1000),Statistics,12.6,12.9,12.7,12.6,12.8,14.0,14.4,12.9,14.6,14.9,14.8,15.4,16.0,17.3,17.5,16.7
거창군 - 주민등록인구(0~5세)＜br＞(B),Statistics,2706.0,2645.0,2678.0,2690.0,2648.0,2635.0,2567.0,2550.0,2333.0,2213.0,2027.0,1823.0,1687.0,1505.0,1428.0,1374.0
경기 여주군 - 보육시설＜br＞(A),Statistics,64.0,69.0,69.0,72.0,,,,,,,,,,,,
경기 여주군 - 유아 천명당 보육시설수＜br＞(A÷B×1000),Statistics,10.7,12.1,12.3,12.7,,,,,,,,,,,,
경기 여주군 - 주민등록인구(0~5세)＜br＞(B),Statistics,5971.0,5717.0,5611.0,5683.0,,,,,,,,,,,,
경기도 - 보육시설＜br＞(A),Statistics,10465.0,11273.0,11825.0,12869.0,13364.0,13259.0,12689.0,12120.0,11825.0,11682.0,11305.0,10761.0,10136.0,9438.0,8903.0,8407.0
경기도 - 유아 천명당 보육시설수＜br＞(A÷B×1000),Statistics,14.4,15.3,15.8,17.0,17.9,18.0,17.2,16.6,16.7,17.2,17.4,17.5,17.7,17.7,17.8,17.5
경기도 - 주민등록인구(0~5세)＜br＞(B),Statistics,725746.0,734996.0,748040.0,758105.0,746577.0,737803.0,738754.0,729339.0,706088.0,677880.0,651271.0,615708.0,572784.0,533496.0,501387.0,480559.0
경남 마산시 - 보육시설＜br＞(A),Statistics,265.0,,,,,,,,,,,,,,,
경남 마산시 - 유아 천명당 보육시설수＜br＞(A÷B×1000),Statistics,13.6,,,,,,,,,,,,,,,
경남 마산시 - 주민등록인구(0~5세)＜br＞(B),Statistics,19481.0,,,,,,,,,,,,,,,
경남 진해시 - 보육시설＜br＞(A),Statistics,193.0,,,,,,,,,,,,,,,
경남 진해시 - 유아 천명당 보육시설수＜br＞(A÷B×1000),Statistics,14.0,,,,,,,,,,,,,,,
경남 진해시 - 주민등록인구(0~5세)＜br＞(B),Statistics,13800.0,,,,,,,,,,,,,,,
경남 창원시 - 보육시설＜br＞(A),Statistics,419.0,,,,,,,,,,,,,,,
경남 창원시 - 유아 천명당 보육시설수＜br＞(A÷B×1000),Statistics,14.9,,,,,,,,,,,,,,,
경남 창원시 - 주민등록인구(0~5세)＜br＞(B),Statistics,28118.0,,,,,,,,,,,,,,,
경산시 - 보육시설＜br＞(A),Statistics,212.0,207.0,215.0,219.0,221.0,215.0,208.0,210.0,208.0,193.0,183.0,171.0,160.0,145.0,131.0,128.0
경산시 - 유아 천명당 보육시설수＜br＞(A÷B×1000),Statistics,14.8,14.7,15.1,15.0,15.3,14.9,14.4,14.4,15.0,14.8,14.9,15.5,15.5,15.7,15.8,16.6
경산시 - 주민등록인구(0~5세)＜br＞(B),Statistics,14277.0,14051.0,14248.0,14563.0,14416.0,14410.0,14472.0,14542.0,13912.0,13054.0,12269.0,11014.0,10331.0,9255.0,8302.0,7729.0
경상남도 - 보육시설＜br＞(A),Statistics,2861.0,3234.0,3399.0,3562.0,3626.0,3533.0,3349.0,3158.0,3084.0,2982.0,2777.0,2544.0,2357.0,2123.0,1904.0,1723.0
경상남도 - 유아 천명당 보육시설수＜br＞(A÷B×1000),Statistics,15.2,17.1,17.7,18.3,19.0,18.6,17.7,17.1,17.4,18.1,18.0,18.2,18.9,19.1,19.0,18.7
경상남도 - 주민등록인구(0~5세)＜br＞(B),Statistics,187727.0,188640.0,192054.0,195016.0,191336.0,190029.0,189730.0,184865.0,177307.0,165098.0,154348.0,140064.0,124927.0,111035.0,100004.0,92285.0
경상북도 - 보육시설＜br＞(A),Statistics,1827.0,1998.0,2162.0,2264.0,2273.0,2212.0,2130.0,2102.0,2063.0,1976.0,1844.0,1725.0,1617.0,1463.0,1310.0,1234.0
경상북도 - 유아 천명당 보육시설수＜br＞(A÷B×1000),Statistics,13.6,14.9,15.8,16.4,16.7,16.4,15.7,15.8,16.2,16.7,16.7,17.0,17.6,17.7,17.5,17.9
경상북도 - 주민등록인구(0~5세)＜br＞(B),Statistics,134724.0,134446.0,136529.0,138395.0,136156.0,134949.0,135507.0,133079.0,126956.0,117991.0,110542.0,101387.0,91859.0,82877.0,74941.0,68939.0
경주시 - 보육시설＜br＞(A),Statistics,198.0,214.0,227.0,231.0,235.0,225.0,205.0,187.0,179.0,169.0,157.0,145.0,134.0,121.0,111.0,109.0
경주시 - 유아 천명당 보육시설수＜br＞(A÷B×1000),Statistics,15.3,17.0,18.3,18.8,20.0,19.8,18.3,17.1,17.2,17.4,17.1,16.9,16.9,16.6,16.5,17.8
경주시 - 주민등록인구(0~5세)＜br＞(B),Statistics,12912.0,12553.0,12423.0,12260.0,11736.0,11360.0,11172.0,10921.0,10381.0,9718.0,9172.0,8568.0,7908.0,7270.0,6707.0,6128.0
계룡시 - 보육시설＜br＞(A),Statistics,45.0,44.0,45.0,46.0,47.0,47.0,46.0,46.0,45.0,45.0,37.0,35.0,37.0,35.0,35.0,33.0
계룡시 - 유아 천명당 보육시설수＜br＞(A÷B×1000),Statistics,14.2,14.4,14.8,16.7,17.9,18.9,18.3,18.2,17.8,19.4,17.7,18.6,20.8,20.3,19.9,20.1
계룡시 - 주민등록인구(0~5세)＜br＞(B),Statistics,3161.0,3062.0,3037.0,2759.0,2632.0,2486.0,2513.0,2528.0,2522.0,2317.0,2094.0,1885.0,1776.0,1722.0,1757.0,1642.0
계양구 - 보육시설＜br＞(A),Statistics,240.0,250.0,263.0,277.0,300.0,300.0,293.0,273.0,259.0,243.0,218.0,186.0,172.0,153.0,135.0,124.0
계양구 - 유아 천명당 보육시설수＜br＞(A÷B×1000),Statistics,12.1,12.7,13.5,14.3,15.9,16.8,17.2,17.2,18.2,19.6,19.7,19.3,19.4,19.3,19.4,18.5
계양구 - 주민등록인구(0~5세)＜br＞(B),Statistics,19768.0,19630.0,19415.0,19323.0,18852.0,17905.0,17009.0,15827.0,14249.0,12375.0,11051.0,9649.0,8884.0,7921.0,6957.0,6686.0
고령군 - 보육시설＜br＞(A),Statistics,18.0,18.0,18.0,19.0,18.0,18.0,17.0,17.0,17.0,16.0,16.0,16.0,14.0,13.0,10.0,9.0
고령군 - 유아 천명당 보육시설수＜br＞(A÷B×1000),Statistics,12.5,12.7,11.8,12.5,12.3,12.4,11.9,12.9,13.7,14.8,17.0,20.9,20.7,21.3,17.9,17.7
고령군 - 주민등록인구(0~5세)＜br＞(B),Statistics,1438.0,1419.0,1520.0,1522.0,1468.0,1450.0,1429.0,1313.0,1243.0,1084.0,943.0,764.0,677.0,611.0,559.0,509.0
고성군 - 보육시설＜br＞(A),Statistics,14.0,13.0,13.0,13.0,12.0,12.0,12.0,12.0,11.0,11.0,11.0,9.0,9.0,9.0,9.0,8.0
고성군 - 유아 천명당 보육시설수＜br＞(A÷B×1000),Statistics,12.2,12.5,12.7,12.8,12.5,12.8,13.0,13.2,12.7,14.5,14.7,13.2,12.8,13.3,13.4,11.8
고성군 - 주민등록인구(0~5세)＜br＞(B),Statistics,1147.0,1041.0,1022.0,1016.0,962.0,937.0,922.0,911.0,867.0,760.0,750.0,681.0,703.0,676.0,671.0,679.0
고양시 - 보육시설＜br＞(A),Statistics,887.0,985.0,1035.0,1134.0,1182.0,1114.0,1002.0,917.0,855.0,817.0,769.0,717.0,671.0,626.0,574.0,548.0
고양시 - 유아 천명당 보육시설수＜br＞(A÷B×1000),Statistics,16.7,19.0,19.6,21.5,22.3,21.0,18.5,17.3,17.0,17.5,16.7,16.4,16.7,16.6,16.2,16.2
고양시 - 주민등록인구(0~5세)＜br＞(B),Statistics,53008.0,51930.0,52749.0,52777.0,52972.0,53054.0,54168.0,52997.0,50219.0,46704.0,45936.0,43755.0,40237.0,37759.0,35516.0,33789.0
고창군 - 보육시설＜br＞(A),Statistics,25.0,25.0,25.0,25.0,26.0,26.0,26.0,25.0,25.0,24.0,25.0,22.0,21.0,20.0,19.0,20.0
고창군 - 유아 천명당 보육시설수＜br＞(A÷B×1000),Statistics,12.1,11.8,11.7,11.6,12.4,12.3,13.0,12.9,13.8,14.9,16.5,16.3,17.2,17.8,18.8,21.4
고창군 - 주민등록인구(0~5세)＜br＞(B),Statistics,2058.0,2111.0,2130.0,2156.0,2090.0,2108.0,2001.0,1933.0,1807.0,1610.0,1515.0,1348.0,1224.0,1124.0,1008.0,934.0
고흥군 - 보육시설＜br＞(A),Statistics,22.0,22.0,22.0,22.0,22.0,22.0,22.0,22.0,22.0,21.0,20.0,20.0,20.0,20.0,20.0,20.0
고흥군 - 유아 천명당 보육시설수＜br＞(A÷B×1000),Statistics,9.1,9.5,10.0,10.3,11.1,11.8,12.6,13.2,13.8,14.2,13.8,13.9,15.3,17.1,18.0,19.2
고흥군 - 주민등록인구(0~5세)＜br＞(B),Statistics,2405.0,2316.0,2203.0,2140.0,1978.0,1857.0,1744.0,1667.0,1600.0,1484.0,1449.0,1438.0,1305.0,1172.0,1111.0,1040.0
곡성군 - 보육시설＜br＞(A),Statistics,13.0,13.0,13.0,13.0,13.0,13.0,12.0,12.0,11.0,11.0,11.0,11.0,11.0,9.0,9.0,10.0
곡성군 - 유아 천명당 보육시설수＜br＞(A÷B×1000),Statistics,11.1,11.4,11.4,12.5,12.6,13.2,12.6,13.2,13.8,14.7,17.3,20.1,24.8,24.6,25.9,28.5
곡성군 - 주민등록인구(0~5세)＜br＞(B),Statistics,1176.0,1138.0,1139.0,1041.0,1030.0,987.0,954.0,909.0,799.0,746.0,635.0,547.0,444.0,366.0,347.0,351.0
공주시 - 보육시설＜br＞(A),Statistics,70.0,73.0,82.0,89.0,88.0,85.0,82.0,81.0,79.0,75.0,67.0,64.0,55.0,50.0,46.0,41.0
공주시 - 유아 천명당 보육시설수＜br＞(A÷B×1000),Statistics,13.2,13.8,15.3,17.8,18.3,19.0,19.6,20.4,21.3,21.8,20.8,21.8,21.1,21.1,20.8,20.3
공주시 - 주민등록인구(0~5세)＜br＞(B),Statistics,5322.0,5292.0,5371.0,4997.0,4808.0,4467.0,4194.0,3974.0,3709.0,3434.0,3226.0,2941.0,2602.0,2367.0,2214.0,2019.0
과천시 - 보육시설＜br＞(A),Statistics,52.0,53.0,53.0,54.0,52.0,52.0,50.0,50.0,47.0,48.0,46.0,46.0,51.0,51.0,54.0,61.0
과천시 - 유아 천명당 보육시설수＜br＞(A÷B×1000),Statistics,13.1,14.2,14.7,15.6,15.2,16.0,16.1,18.3,19.8,19.9,19.1,16.4,14.6,13.0,12.7,12.7
과천시 - 주민등록인구(0~5세)＜br＞(B),Statistics,3962.0,3739.0,3599.0,3468.0,3423.0,3250.0,3101.0,2736.0,2378.0,2407.0,2411.0,2800.0,3505.0,3934.0,4264.0,4800.0
관악구 - 보육시설＜br＞(A),Statistics,272.0,271.0,272.0,292.0,302.0,302.0,290.0,281.0,280.0,270.0,251.0,221.0,203.0,185.0,167.0,158.0
관악구 - 유아 천명당 보육시설수＜br＞(A÷B×1000),Statistics,10.7,11.1,11.4,12.5,13.6,14.1,14.0,14.3,15.6,16.8,17.4,17.8,19.1,19.3,19.4,19.7
관악구 - 주민등록인구(0~5세)＜br＞(B),Statistics,25508.0,24433.0,23785.0,23356.0,22216.0,21398.0,20777.0,19627.0,17991.0,16088.0,14442.0,12413.0,10656.0,9592.0,8619.0,8007.0
광명시 - 보육시설＜br＞(A),Statistics,254.0,306.0,347.0,387.0,397.0,390.0,365.0,342.0,327.0,309.0,274.0,244.0,220.0,199.0,184.0,173.0
광명시 - 유아 천명당 보육시설수＜br＞(A÷B×1000),Statistics,13.1,13.7,14.3,16.2,17.6,18.3,17.8,18.1,19.1,20.1,19.8,20.1,19.6,19.4,19.6,19.7
광명시 - 주민등록인구(0~5세)＜br＞(B),Statistics,19414.0,22416.0,24245.0,23882.0,22620.0,21264.0,20468.0,18923.0,17165.0,15355.0,13835.0,12163.0,11235.0,10278.0,9379.0,8793.0
광산구 - 보육시설＜br＞(A),Statistics,413.0,441.0,448.0,456.0,463.0,470.0,464.0,449.0,447.0,433.0,397.0,377.0,346.0,324.0,309.0,289.0
광산구 - 유아 천명당 보육시설수＜br＞(A÷B×1000),Statistics,14.9,15.0,14.7,14.6,15.1,15.7,16.0,16.2,17.1,18.0,17.6,18.5,18.5,19.2,20.2,20.8
광산구 - 주민등록인구(0~5세)＜br＞(B),Statistics,27745.0,29479.0,30541.0,31178.0,30642.0,29930.0,28977.0,27773.0,26177.0,24094.0,22496.0,20432.0,18721.0,16836.0,15276.0,13880.0
광양시 - 보육시설＜br＞(A),Statistics,118.0,126.0,128.0,146.0,149.0,152.0,150.0,148.0,144.0,136.0,129.0,121.0,117.0,112.0,104.0,100.0
광양시 - 유아 천명당 보육시설수＜br＞(A÷B×1000),Statistics,12.7,13.2,12.7,14.1,14.5,15.0,14.8,15.2,15.8,16.3,16.4,16.8,17.5,17.6,17.3,16.7
광양시 - 주민등록인구(0~5세)＜br＞(B),Statistics,9281.0,9518.0,10043.0,10358.0,10264.0,10120.0,10122.0,9724.0,9098.0,8352.0,7854.0,7210.0,6680.0,6361.0,6003.0,5997.0
광주광역시 - 보육시설＜br＞(A),Statistics,1153.0,1192.0,1205.0,1239.0,1251.0,1260.0,1264.0,1238.0,1240.0,1195.0,1122.0,1072.0,1002.0,940.0,878.0,828.0
광주광역시 - 유아 천명당 보육시설수＜br＞(A÷B×1000),Statistics,13.4,13.9,13.9,14.1,14.6,14.9,15.2,15.5,16.2,16.7,16.6,17.2,17.3,17.6,17.9,18.2
광주광역시 - 주민등록인구(0~5세)＜br＞(B),Statistics,85754.0,85822.0,87003.0,87735.0,85828.0,84480.0,83026.0,80055.0,76483.0,71502.0,67419.0,62164.0,57894.0,53473.0,48933.0,45378.0
광주시 - 보육시설＜br＞(A),Statistics,226.0,256.0,306.0,359.0,402.0,392.0,366.0,336.0,337.0,345.0,346.0,333.0,316.0,294.0,274.0,253.0
광주시 - 유아 천명당 보육시설수＜br＞(A÷B×1000),Statistics,14.1,15.5,17.1,19.0,20.9,19.7,17.6,15.8,15.4,15.7,16.2,16.7,17.5,17.6,17.9,17.1
광주시 - 주민등록인구(0~5세)＜br＞(B),Statistics,15996.0,16500.0,17916.0,18881.0,19191.0,19921.0,20772.0,21274.0,21813.0,21906.0,21318.0,19915.0,18025.0,16669.0,15291.0,14778.0
광진구 - 보육시설＜br＞(A),Statistics,204.0,208.0,209.0,223.0,237.0,229.0,221.0,217.0,214.0,199.0,188.0,176.0,162.0,152.0,138.0,126.0
광진구 - 유아 천명당 보육시설수＜br＞(A÷B×1000),Statistics,11.6,12.2,12.4,13.2,14.4,14.4,14.1,14.3,14.8,14.8,15.5,16.7,17.7,18.1,17.8,17.4
광진구 - 주민등록인구(0~5세)＜br＞(B),Statistics,17636.0,17080.0,16913.0,16953.0,16463.0,15898.0,15680.0,15162.0,14497.0,13409.0,12108.0,10514.0,9157.0,8375.0,7750.0,7233.0
괴산군 - 보육시설＜br＞(A),Statistics,10.0,10.0,10.0,12.0,13.0,13.0,13.0,13.0,13.0,13.0,11.0,11.0,11.0,11.0,11.0,11.0
괴산군 - 유아 천명당 보육시설수＜br＞(A÷B×1000),Statistics,9.5,9.9,9.3,10.8,12.6,12.5,13.4,14.3,15.2,16.4,14.5,16.4,18.4,18.6,20.3,21.2
괴산군 - 주민등록인구(0~5세)＜br＞(B),Statistics,1052.0,1012.0,1072.0,1116.0,1031.0,1036.0,968.0,911.0,856.0,792.0,760.0,672.0,599.0,590.0,542.0,518.0
구례군 - 보육시설＜br＞(A),Statistics,11.0,11.0,11.0,11.0,11.0,10.0,11.0,10.0,9.0,9.0,8.0,7.0,7.0,7.0,7.0,7.0
구례군 - 유아 천명당 보육시설수＜br＞(A÷B×1000),Statistics,10.3,10.4,10.2,10.7,11.1,10.5,11.6,11.2,11.1,12.7,12.8,12.5,14.7,16.7,17.9,19.7
구례군 - 주민등록인구(0~5세)＜br＞(B),Statistics,1063.0,1055.0,1080.0,1028.0,988.0,948.0,952.0,896.0,809.0,711.0,623.0,559.0,476.0,420.0,390.0,355.0
구로구 - 보육시설＜br＞(A),Statistics,291.0,301.0,334.0,355.0,356.0,366.0,364.0,356.0,341.0,332.0,318.0,299.0,286.0,266.0,247.0,233.0
구로구 - 유아 천명당 보육시설수＜br＞(A÷B×1000),Statistics,11.7,12.2,13.0,13.7,14.2,14.9,15.1,15.8,16.6,18.1,18.2,18.7,19.9,19.9,20.1,20.0
구로구 - 주민등록인구(0~5세)＜br＞(B),Statistics,24925.0,24626.0,25684.0,25929.0,24990.0,24637.0,24053.0,22548.0,20564.0,18344.0,17506.0,15979.0,14337.0,13387.0,12291.0,11644.0
구리시 - 보육시설＜br＞(A),Statistics,148.0,147.0,151.0,175.0,173.0,173.0,167.0,167.0,169.0,169.0,157.0,152.0,140.0,128.0,121.0,111.0
구리시 - 유아 천명당 보육시설수＜br＞(A÷B×1000),Statistics,12.4,12.8,13.3,15.9,16.7,17.9,17.7,16.8,16.5,16.7,17.3,18.7,19.5,20.1,20.7,20.2
구리시 - 주민등록인구(0~5세)＜br＞(B),Statistics,11899.0,11453.0,11359.0,11005.0,10356.0,9691.0,9433.0,9911.0,10224.0,10125.0,9098.0,8138.0,7165.0,6366.0,5835.0,5502.0
구미시 - 보육시설＜br＞(A),Statistics,341.0,371.0,413.0,464.0,493.0,498.0,501.0,503.0,497.0,487.0,445.0,417.0,388.0,344.0,305.0,282.0
구미시 - 유아 천명당 보육시설수＜br＞(A÷B×1000),Statistics,12.4,13.3,14.3,15.6,16.9,17.2,17.3,17.7,18.1,18.9,18.4,18.9,19.7,19.8,19.8,19.8
구미시 - 주민등록인구(0~5세)＜br＞(B),Statistics,27528.0,27808.0,28920.0,29661.0,29197.0,28965.0,28879.0,28425.0,27524.0,25700.0,24187.0,22112.0,19661.0,17332.0,15417.0,14239.0
군산시 - 보육시설＜br＞(A),Statistics,170.0,171.0,206.0,222.0,235.0,236.0,236.0,241.0,235.0,223.0,206.0,191.0,178.0,159.0,145.0,135.0
군산시 - 유아 천명당 보육시설수＜br＞(A÷B×1000),Statistics,11.2,11.1,12.9,13.5,14.4,14.6,14.7,15.5,16.4,17.1,17.5,18.1,19.0,18.8,18.8,19.0
군산시 - 주민등록인구(0~5세)＜br＞(B),Statistics,15179.0,15436.0,16004.0,16495.0,16353.0,16142.0,16062.0,15514.0,14350.0,13068.0,11754.0,10541.0,9371.0,8450.0,7700.0,7123.0
군위군 - 보육시설＜br＞(A),Statistics,4.0,4.0,4.0,4.0,5.0,5.0,5.0,6.0,6.0,5.0,5.0,6.0,5.0,5.0,4.0,4.0
군위군 - 유아 천명당 보육시설수＜br＞(A÷B×1000),Statistics,6.0,6.5,6.8,6.6,8.3,8.9,8.7,10.5,11.3,11.1,11.7,16.3,15.5,14.3,12.3,13.7
군위군 - 주민등록인구(0~5세)＜br＞(B),Statistics,669.0,616.0,590.0,608.0,603.0,559.0,578.0,569.0,533.0,449.0,427.0,367.0,322.0,350.0,324.0,291.0
군포시 - 보육시설＜br＞(A),Statistics,208.0,241.0,263.0,322.0,320.0,315.0,297.0,274.0,273.0,273.0,257.0,225.0,207.0,189.0,170.0,148.0
군포시 - 유아 천명당 보육시설수＜br＞(A÷B×1000),Statistics,11.4,12.5,13.7,17.0,17.3,17.2,16.7,16.4,18.0,20.2,20.6,20.3,21.3,21.4,21.8,21.1
군포시 - 주민등록인구(0~5세)＜br＞(B),Statistics,18284.0,19213.0,19264.0,18979.0,18467.0,18335.0,17753.0,16740.0,15183.0,13528.0,12469.0,11076.0,9713.0,8845.0,7789.0,7003.0
금산군 - 보육시설＜br＞(A),Statistics,29.0,30.0,31.0,32.0,34.0,35.0,34.0,34.0,33.0,33.0,29.0,27.0,26.0,26.0,22.0,21.0
금산군 - 유아 천명당 보육시설수＜br＞(A÷B×1000),Statistics,11.7,11.8,12.3,13.1,14.8,16.0,16.4,17.7,19.6,21.3,21.2,21.2,22.9,26.5,24.3,25.3
금산군 - 주민등록인구(0~5세)＜br＞(B),Statistics,2477.0,2539.0,2523.0,2447.0,2298.0,2183.0,2074.0,1918.0,1686.0,1551.0,1366.0,1273.0,1135.0,982.0,905.0,830.0
금정구 - 보육시설＜br＞(A),Statistics,121.0,121.0,123.0,123.0,125.0,125.0,124.0,114.0,114.0,107.0,97.0,92.0,88.0,78.0,66.0,61.0
금정구 - 유아 천명당 보육시설수＜br＞(A÷B×1000),Statistics,13.4,13.1,13.1,12.4,12.9,13.1,13.3,12.8,13.0,13.0,12.9,13.8,15.0,15.3,14.6,15.1
금정구 - 주민등록인구(0~5세)＜br＞(B),Statistics,9038.0,9239.0,9414.0,9958.0,9705.0,9507.0,9291.0,8937.0,8743.0,8220.0,7541.0,6653.0,5875.0,5112.0,4534.0,4042.0
금천구 - 보육시설＜br＞(A),Statistics,203.0,197.0,202.0,203.0,204.0,195.0,185.0,174.0,174.0,165.0,157.0,150.0,140.0,128.0,116.0,109.0
금천구 - 유아 천명당 보육시설수＜br＞(A÷B×1000),Statistics,17.5,17.8,18.5,18.5,19.3,19.0,18.2,17.6,18.2,18.9,19.5,20.8,21.6,21.4,21.4,21.9
금천구 - 주민등록인구(0~5세)＜br＞(B),Statistics,11623.0,11088.0,10927.0,10954.0,10558.0,10261.0,10153.0,9891.0,9576.0,8711.0,8038.0,7220.0,6494.0,5973.0,5422.0,4977.0
기장군 - 보육시설＜br＞(A),Statistics,52.0,74.0,89.0,105.0,137.0,174.0,179.0,180.0,180.0,177.0,176.0,177.0,160.0,147.0,138.0,122.0
기장군 - 유아 천명당 보육시설수＜br＞(A÷B×1000),Statistics,11.0,11.9,12.6,12.8,12.9,14.5,13.9,13.8,14.6,15.4,17.1,17.4,17.2,17.5,18.7,18.9
기장군 - 주민등록인구(0~5세)＜br＞(B),Statistics,4743.0,6218.0,7058.0,8175.0,10582.0,12038.0,12891.0,13042.0,12319.0,11482.0,10310.0,10155.0,9316.0,8401.0,7364.0,6472.0
김제시 - 보육시설＜br＞(A),Statistics,64.0,67.0,67.0,67.0,66.0,63.0,58.0,57.0,53.0,48.0,46.0,40.0,36.0,35.0,32.0,32.0
김제시 - 유아 천명당 보육시설수＜br＞(A÷B×1000),Statistics,16.4,17.7,17.5,17.7,18.2,18.2,17.7,17.9,17.8,18.1,19.2,18.9,19.2,18.8,16.6,16.4
김제시 - 주민등록인구(0~5세)＜br＞(B),Statistics,3896.0,3779.0,3830.0,3791.0,3631.0,3468.0,3273.0,3183.0,2975.0,2650.0,2400.0,2117.0,1877.0,1862.0,1926.0,1946.0
김천시 - 보육시설＜br＞(A),Statistics,93.0,117.0,127.0,127.0,126.0,121.0,124.0,121.0,121.0,110.0,103.0,96.0,86.0,79.0,73.0,65.0
김천시 - 유아 천명당 보육시설수＜br＞(A÷B×1000),Statistics,14.2,18.5,20.0,19.5,19.6,18.9,18.0,17.0,17.2,16.7,16.4,16.6,16.0,16.0,16.3,16.1
김천시 - 주민등록인구(0~5세)＜br＞(B),Statistics,6547.0,6315.0,6352.0,6527.0,6416.0,6400.0,6882.0,7109.0,7022.0,6596.0,6268.0,5776.0,5372.0,4944.0,4483.0,4027.0
김포시 - 보육시설＜br＞(A),Statistics,179.0,195.0,231.0,330.0,373.0,411.0,408.0,394.0,407.0,447.0,444.0,440.0,439.0,409.0,377.0,352.0
김포시 - 유아 천명당 보육시설수＜br＞(A÷B×1000),Statistics,13.2,13.5,14.0,16.4,16.4,15.9,15.5,14.9,14.3,15.0,15.3,14.6,15.7,16.6,16.9,17.5
김포시 - 주민등록인구(0~5세)＜br＞(B),Statistics,13581.0,14405.0,16447.0,20111.0,22697.0,25840.0,26258.0,26470.0,28495.0,29780.0,28933.0,30142.0,28023.0,24643.0,22305.0,20168.0
김해시 - 보육시설＜br＞(A),Statistics,777.0,890.0,915.0,975.0,992.0,897.0,782.0,681.0,647.0,607.0,551.0,499.0,454.0,406.0,362.0,334.0
김해시 - 유아 천명당 보육시설수＜br＞(A÷B×1000),Statistics,21.9,25.1,26.1,27.6,28.3,25.8,23.0,20.9,20.8,21.1,19.6,19.4,19.9,19.8,19.2,19.1
김해시 - 주민등록인구(0~5세)＜br＞(B),Statistics,35519.0,35416.0,35113.0,35302.0,35114.0,34795.0,34067.0,32631.0,31049.0,28761.0,28122.0,25741.0,22840.0,20455.0,18828.0,17490.0
나주시 - 보육시설＜br＞(A),Statistics,47.0,47.0,47.0,47.0,47.0,50.0,52.0,72.0,85.0,88.0,90.0,87.0,85.0,84.0,85.0,82.0
나주시 - 유아 천명당 보육시설수＜br＞(A÷B×1000),Statistics,12.7,13.5,14.1,13.3,13.1,12.4,10.3,12.1,13.2,13.9,14.9,15.2,15.9,17.1,18.0,17.9
나주시 - 주민등록인구(0~5세)＜br＞(B),Statistics,3707.0,3480.0,3333.0,3541.0,3584.0,4045.0,5027.0,5932.0,6431.0,6319.0,6022.0,5715.0,5346.0,4908.0,4733.0,4585.0
남구 - 보육시설＜br＞(A),Statistics,116.0,119.0,136.0,136.0,145.0,149.0,148.0,146.0,143.0,144.0,142.0,136.0,123.0,120.0,112.0,109.0
남구 - 유아 천명당 보육시설수＜br＞(A÷B×1000),Statistics,8.5,8.9,10.2,10.4,11.0,11.7,11.9,12.5,13.3,12.9,13.7,14.9,15.4,17.3,17.5,17.7
남구 - 주민등록인구(0~5세)＜br＞(B),Statistics,13574.0,13364.0,13327.0,13127.0,13171.0,12719.0,12479.0,11704.0,10719.0,11191.0,10361.0,9132.0,7976.0,6929.0,6389.0,6170.0
남동구 - 보육시설＜br＞(A),Statistics,303.0,323.0,344.0,377.0,380.0,388.0,387.0,388.0,384.0,381.0,363.0,336.0,298.0,271.0,245.0,228.0
남동구 - 유아 천명당 보육시설수＜br＞(A÷B×1000),Statistics,10.8,11.5,11.3,11.9,12.3,12.6,12.1,12.7,13.1,14.1,14.7,15.4,15.7,16.6,17.8,18.5
남동구 - 주민등록인구(0~5세)＜br＞(B),Statistics,27978.0,28045.0,30456.0,31555.0,30880.0,30885.0,32114.0,30627.0,29298.0,26999.0,24689.0,21830.0,19023.0,16322.0,13761.0,12350.0
남양주시 - 보육시설＜br＞(A),Statistics,550.0,622.0,649.0,677.0,699.0,718.0,710.0,683.0,656.0,658.0,654.0,620.0,583.0,532.0,498.0,465.0
남양주시 - 유아 천명당 보육시설수＜br＞(A÷B×1000),Statistics,14.9,15.5,15.8,16.1,16.7,17.2,17.1,17.0,17.6,18.1,18.4,18.6,18.3,18.2,19.0,19.1
남양주시 - 주민등록인구(0~5세)＜br＞(B),Statistics,37032.0,40165.0,41201.0,42171.0,41762.0,41651.0,41571.0,40158.0,37361.0,36309.0,35593.0,33337.0,31836.0,29232.0,26188.0,24344.0
남원시 - 보육시설＜br＞(A),Statistics,70.0,77.0,77.0,77.0,74.0,72.0,69.0,69.0,66.0,64.0,58.0,55.0,51.0,49.0,47.0,47.0
남원시 - 유아 천명당 보육시설수＜br＞(A÷B×1000),Statistics,16.7,18.7,18.8,19.3,19.3,19.8,19.7,20.7,21.3,21.4,20.6,20.7,21.0,23.1,24.7,26.9
남원시 - 주민등록인구(0~5세)＜br＞(B),Statistics,4196.0,4118.0,4089.0,3993.0,3844.0,3643.0,3499.0,3331.0,3101.0,2994.0,2810.0,2653.0,2425.0,2123.0,1903.0,1748.0
남해군 - 보육시설＜br＞(A),Statistics,16.0,18.0,18.0,17.0,17.0,17.0,16.0,16.0,15.0,13.0,13.0,10.0,10.0,10.0,10.0,9.0
남해군 - 유아 천명당 보육시설수＜br＞(A÷B×1000),Statistics,10.6,12.5,12.1,12.8,13.8,14.4,14.0,15.3,15.4,14.8,15.1,12.7,13.7,14.7,16.4,16.6
남해군 - 주민등록인구(0~5세)＜br＞(B),Statistics,1512.0,1445.0,1488.0,1331.0,1230.0,1183.0,1143.0,1045.0,975.0,879.0,863.0,785.0,728.0,681.0,608.0,543.0
노원구 - 보육시설＜br＞(A),Statistics,525.0,529.0,528.0,566.0,560.0,542.0,521.0,494.0,478.0,453.0,405.0,364.0,332.0,306.0,282.0,268.0
노원구 - 유아 천명당 보육시설수＜br＞(A÷B×1000),Statistics,16.6,17.4,17.8,19.3,19.9,20.2,19.9,19.6,20.4,21.7,21.3,21.2,21.6,21.8,21.7,21.8
노원구 - 주민등록인구(0~5세)＜br＞(B),Statistics,31666.0,30316.0,29591.0,29341.0,28071.0,26817.0,26230.0,25224.0,23386.0,20905.0,18989.0,17208.0,15376.0,14066.0,12993.0,12304.0
논산시 - 보육시설＜br＞(A),Statistics,91.0,97.0,96.0,96.0,99.0,103.0,94.0,91.0,91.0,88.0,79.0,74.0,73.0,68.0,62.0,61.0
논산시 - 유아 천명당 보육시설수＜br＞(A÷B×1000),Statistics,15.6,17.1,16.9,17.1,18.4,20.1,18.5,18.6,19.1,19.9,18.7,19.3,21.1,22.2,23.2,24.8
논산시 - 주민등록인구(0~5세)＜br＞(B),Statistics,5832.0,5682.0,5695.0,5598.0,5367.0,5127.0,5078.0,4903.0,4757.0,4414.0,4215.0,3827.0,3455.0,3060.0,2677.0,2459.0
단양군 - 보육시설＜br＞(A),Statistics,15.0,15.0,15.0,15.0,14.0,14.0,14.0,14.0,14.0,14.0,14.0,13.0,12.0,12.0,12.0,12.0
단양군 - 유아 천명당 보육시설수＜br＞(A÷B×1000),Statistics,12.1,12.9,13.5,14.0,14.3,14.9,15.6,16.4,18.2,19.2,20.3,21.2,22.4,24.9,26.3,30.6
단양군 - 주민등록인구(0~5세)＜br＞(B),Statistics,1239.0,1166.0,1109.0,1070.0,977.0,940.0,900.0,855.0,769.0,730.0,688.0,614.0,535.0,481.0,457.0,392.0
달서구 - 보육시설＜br＞(A),Statistics,400.0,418.0,424.0,425.0,427.0,424.0,400.0,374.0,362.0,338.0,313.0,297.0,274.0,251.0,232.0,227.0
달서구 - 유아 천명당 보육시설수＜br＞(A÷B×1000),Statistics,13.1,13.4,13.4,13.3,13.3,13.4,12.8,12.7,13.6,13.8,13.6,14.3,15.2,15.4,15.8,16.4
달서구 - 주민등록인구(0~5세)＜br＞(B),Statistics,30620.0,31102.0,31576.0,32052.0,32190.0,31555.0,31201.0,29408.0,26715.0,24556.0,23038.0,20751.0,18019.0,16250.0,14673.0,13829.0
달성군 - 보육시설＜br＞(A),Statistics,122.0,127.0,131.0,136.0,141.0,141.0,145.0,154.0,180.0,191.0,189.0,193.0,187.0,187.0,183.0,173.0
달성군 - 유아 천명당 보육시설수＜br＞(A÷B×1000),Statistics,10.3,10.6,10.9,10.8,11.6,11.9,11.3,9.6,9.8,10.4,10.4,11.3,11.7,12.9,14.2,15.3
달성군 - 주민등록인구(0~5세)＜br＞(B),Statistics,11864.0,11954.0,11991.0,12540.0,12176.0,11897.0,12788.0,16030.0,18424.0,18444.0,18215.0,17111.0,15928.0,14474.0,12868.0,11312.0
담양군 - 보육시설＜br＞(A),Statistics,13.0,13.0,13.0,14.0,14.0,14.0,13.0,13.0,13.0,14.0,14.0,13.0,14.0,15.0,13.0,13.0
담양군 - 유아 천명당 보육시설수＜br＞(A÷B×1000),Statistics,7.7,7.8,7.6,7.4,7.7,7.8,7.4,7.6,7.8,9.2,9.9,9.6,11.9,14.1,12.3,13.8
담양군 - 주민등록인구(0~5세)＜br＞(B),Statistics,1679.0,1676.0,1702.0,1889.0,1826.0,1788.0,1748.0,1707.0,1670.0,1517.0,1413.0,1353.0,1180.0,1066.0,1055.0,940.0
당진시 - 보육시설＜br＞(A),Statistics,,,,158.0,170.0,161.0,162.0,162.0,160.0,152.0,146.0,139.0,136.0,129.0,123.0,114.0
당진시 - 유아 천명당 보육시설수＜br＞(A÷B×1000),Statistics,,,,14.8,15.2,14.3,14.1,14.5,15.1,15.2,15.7,16.5,18.0,18.6,19.1,18.6
당진시 - 주민등록인구(0~5세)＜br＞(B),Statistics,,,,10699.0,11158.0,11275.0,11489.0,11156.0,10625.0,9996.0,9292.0,8409.0,7562.0,6950.0,6454.0,6128.0
대구광역시 - 보육시설＜br＞(A),Statistics,1500.0,1544.0,1561.0,1580.0,1590.0,1588.0,1539.0,1483.0,1464.0,1405.0,1322.0,1268.0,1187.0,1139.0,1079.0,1035.0
대구광역시 - 유아 천명당 보육시설수＜br＞(A÷B×1000),Statistics,12.1,12.5,12.6,12.5,12.9,13.0,12.6,12.3,12.6,12.9,12.9,13.4,13.9,14.6,14.8,15.0
대구광역시 - 주민등록인구(0~5세)＜br＞(B),Statistics,124359.0,123208.0,124198.0,126056.0,123728.0,122409.0,122626.0,120756.0,115998.0,109021.0,102851.0,94343.0,85308.0,77883.0,72799.0,69171.0
대덕구 - 보육시설＜br＞(A),Statistics,189.0,193.0,195.0,202.0,206.0,203.0,200.0,183.0,169.0,155.0,138.0,129.0,121.0,111.0,96.0,89.0
대덕구 - 유아 천명당 보육시설수＜br＞(A÷B×1000),Statistics,16.3,17.3,17.8,18.0,19.0,19.6,20.8,20.4,21.0,21.9,22.0,22.0,22.3,21.8,20.7,20.1
대덕구 - 주민등록인구(0~5세)＜br＞(B),Statistics,11608.0,11130.0,10975.0,11207.0,10814.0,10356.0,9623.0,8989.0,8046.0,7079.0,6277.0,5857.0,5422.0,5099.0,4633.0,4436.0
대전광역시 - 보육시설＜br＞(A),Statistics,1417.0,1535.0,1599.0,1659.0,1680.0,1698.0,1669.0,1584.0,1505.0,1406.0,1288.0,1185.0,1101.0,1013.0,916.0,864.0
대전광역시 - 유아 천명당 보육시설수＜br＞(A÷B×1000),Statistics,16.2,17.6,17.9,18.3,18.7,19.3,19.5,19.1,19.3,19.5,19.4,19.5,19.9,19.4,18.7,18.4
대전광역시 - 주민등록인구(0~5세)＜br＞(B),Statistics,87627.0,87180.0,89215.0,90620.0,89639.0,87879.0,85620.0,83041.0,78013.0,71977.0,66304.0,60634.0,55312.0,52168.0,49085.0,47013.0
도봉구 - 보육시설＜br＞(A),Statistics,285.0,297.0,303.0,296.0,299.0,296.0,280.0,265.0,255.0,243.0,229.0,210.0,188.0,170.0,158.0,145.0
도봉구 - 유아 천명당 보육시설수＜br＞(A÷B×1000),Statistics,16.2,17.6,18.0,17.6,18.6,19.0,18.2,18.0,18.7,19.5,20.1,21.1,21.4,21.8,22.7,22.5
도봉구 - 주민등록인구(0~5세)＜br＞(B),Statistics,17575.0,16901.0,16867.0,16858.0,16093.0,15604.0,15372.0,14705.0,13649.0,12441.0,11365.0,9964.0,8770.0,7810.0,6974.0,6458.0
동구 - 보육시설＜br＞(A),Statistics,38.0,40.0,40.0,39.0,38.0,38.0,39.0,38.0,39.0,38.0,38.0,33.0,30.0,31.0,29.0,28.0
동구 - 유아 천명당 보육시설수＜br＞(A÷B×1000),Statistics,11.2,12.3,11.8,11.4,11.9,12.6,13.7,14.0,15.1,16.3,16.0,14.3,13.7,14.9,13.0,13.3
동구 - 주민등록인구(0~5세)＜br＞(B),Statistics,3394.0,3262.0,3380.0,3413.0,3193.0,3016.0,2841.0,2717.0,2589.0,2333.0,2376.0,2311.0,2183.0,2078.0,2232.0,2110.0
동대문구 - 보육시설＜br＞(A),Statistics,223.0,222.0,223.0,226.0,228.0,233.0,232.0,231.0,228.0,224.0,215.0,201.0,190.0,184.0,180.0,175.0
동대문구 - 유아 천명당 보육시설수＜br＞(A÷B×1000),Statistics,13.1,13.3,13.3,13.6,13.8,14.3,14.6,15.4,16.2,16.7,16.8,17.0,17.6,18.2,18.5,18.9
동대문구 - 주민등록인구(0~5세)＜br＞(B),Statistics,17006.0,16681.0,16796.0,16653.0,16520.0,16325.0,15896.0,15044.0,14097.0,13398.0,12801.0,11823.0,10801.0,10087.0,9754.0,9245.0
동두천시 - 보육시설＜br＞(A),Statistics,131.0,131.0,128.0,128.0,128.0,129.0,124.0,123.0,117.0,109.0,97.0,84.0,79.0,74.0,68.0,60.0
동두천시 - 유아 천명당 보육시설수＜br＞(A÷B×1000),Statistics,23.4,23.1,22.3,22.7,23.5,24.4,24.0,25.2,26.4,27.2,27.0,26.6,27.6,29.0,32.5,32.8
동두천시 - 주민등록인구(0~5세)＜br＞(B),Statistics,5595.0,5673.0,5751.0,5643.0,5438.0,5291.0,5172.0,4878.0,4432.0,4012.0,3587.0,3155.0,2863.0,2548.0,2090.0,1831.0
동래구 - 보육시설＜br＞(A),Statistics,112.0,113.0,114.0,123.0,124.0,125.0,122.0,124.0,122.0,121.0,126.0,121.0,111.0,108.0,106.0,104.0
동래구 - 유아 천명당 보육시설수＜br＞(A÷B×1000),Statistics,9.8,10.0,9.6,10.5,10.9,10.9,10.6,10.7,11.0,11.8,11.9,11.9,12.1,11.5,12.4,11.7
동래구 - 주민등록인구(0~5세)＜br＞(B),Statistics,11463.0,11303.0,11873.0,11723.0,11411.0,11441.0,11516.0,11538.0,11140.0,10223.0,10630.0,10178.0,9179.0,9383.0,8581.0,8856.0
동작구 - 보육시설＜br＞(A),Statistics,189.0,189.0,205.0,230.0,239.0,238.0,241.0,235.0,230.0,225.0,219.0,206.0,186.0,168.0,160.0,155.0
동작구 - 유아 천명당 보육시설수＜br＞(A÷B×1000),Statistics,9.2,9.4,10.2,11.2,11.7,11.9,12.4,12.5,13.0,13.8,14.3,15.0,15.0,15.0,15.3,15.6
동작구 - 주민등록인구(0~5세)＜br＞(B),Statistics,20557.0,20130.0,20152.0,20533.0,20373.0,19917.0,19422.0,18825.0,17664.0,16326.0,15273.0,13776.0,12374.0,11206.0,10441.0,9916.0
동해시 - 보육시설＜br＞(A),Statistics,56.0,57.0,67.0,71.0,72.0,72.0,73.0,70.0,69.0,68.0,66.0,64.0,61.0,61.0,55.0,53.0
동해시 - 유아 천명당 보육시설수＜br＞(A÷B×1000),Statistics,11.2,11.7,13.7,14.8,14.8,14.8,15.6,15.4,15.9,17.3,18.6,19.1,19.5,21.4,20.9,21.2
동해시 - 주민등록인구(0~5세)＜br＞(B),Statistics,5002.0,4872.0,4877.0,4802.0,4878.0,4862.0,4668.0,4539.0,4338.0,3921.0,3548.0,3354.0,3136.0,2845.0,2632.0,2498.0
마포구 - 보육시설＜br＞(A),Statistics,183.0,197.0,202.0,226.0,239.0,244.0,244.0,228.0,213.0,210.0,209.0,204.0,193.0,187.0,181.0,173.0
마포구 - 유아 천명당 보육시설수＜br＞(A÷B×1000),Statistics,8.6,9.3,9.6,11.1,12.4,12.8,12.7,12.3,12.2,12.8,13.4,14.3,14.8,16.1,16.8,17.1
마포구 - 주민등록인구(0~5세)＜br＞(B),Statistics,21265.0,21207.0,20933.0,20348.0,19330.0,19118.0,19140.0,18497.0,17480.0,16464.0,15567.0,14241.0,13007.0,11580.0,10750.0,10104.0
목포시 - 보육시설＜br＞(A),Statistics,213.0,216.0,219.0,220.0,222.0,228.0,228.0,221.0,218.0,208.0,202.0,185.0,175.0,154.0,136.0,131.0
목포시 - 유아 천명당 보육시설수＜br＞(A÷B×1000),Statistics,14.0,14.2,14.2,14.1,15.3,16.3,16.5,16.7,18.0,18.8,19.9,21.0,23.1,23.1,22.7,25.0
목포시 - 주민등록인구(0~5세)＜br＞(B),Statistics,15166.0,15185.0,15472.0,15557.0,14494.0,13970.0,13829.0,13261.0,12129.0,11065.0,10137.0,8796.0,7571.0,6665.0,5987.0,5249.0
무안군 - 보육시설＜br＞(A),Statistics,46.0,51.0,55.0,56.0,60.0,63.0,63.0,61.0,60.0,60.0,57.0,56.0,56.0,55.0,54.0,53.0
무안군 - 유아 천명당 보육시설수＜br＞(A÷B×1000),Statistics,11.5,12.3,13.0,13.1,12.5,12.8,12.9,13.1,13.6,15.3,15.9,14.4,13.9,15.2,16.0,14.8
무안군 - 주민등록인구(0~5세)＜br＞(B),Statistics,3999.0,4155.0,4247.0,4269.0,4808.0,4935.0,4886.0,4647.0,4423.0,3929.0,3584.0,3893.0,4015.0,3614.0,3385.0,3574.0
무주군 - 보육시설＜br＞(A),Statistics,11.0,11.0,12.0,12.0,11.0,12.0,11.0,11.0,11.0,9.0,9.0,8.0,6.0,6.0,6.0,6.0
무주군 - 유아 천명당 보육시설수＜br＞(A÷B×1000),Statistics,9.0,9.5,10.0,10.5,10.0,11.6,11.5,12.6,14.1,12.6,14.0,13.6,11.9,13.9,15.8,16.0
무주군 - 주민등록인구(0~5세)＜br＞(B),Statistics,1225.0,1156.0,1195.0,1145.0,1101.0,1034.0,953.0,875.0,779.0,713.0,641.0,587.0,506.0,432.0,380.0,376.0
문경시 - 보육시설＜br＞(A),Statistics,38.0,39.0,39.0,39.0,39.0,39.0,39.0,39.0,39.0,39.0,39.0,37.0,36.0,34.0,31.0,30.0
문경시 - 유아 천명당 보육시설수＜br＞(A÷B×1000),Statistics,13.0,13.0,12.8,12.8,12.9,12.7,12.4,13.1,14.6,16.7,17.6,17.1,17.8,17.9,18.3,20.1
문경시 - 주민등록인구(0~5세)＜br＞(B),Statistics,2913.0,3008.0,3054.0,3056.0,3029.0,3079.0,3145.0,2975.0,2667.0,2335.0,2221.0,2161.0,2021.0,1896.0,1692.0,1495.0
미추홀구 - 보육시설＜br＞(A),Statistics,,,,,,,,,,241.0,226.0,215.0,205.0,194.0,190.0,190.0
미추홀구 - 유아 천명당 보육시설수＜br＞(A÷B×1000),Statistics,,,,,,,,,,13.1,13.7,14.4,14.7,14.9,15.5,15.1
미추홀구 - 주민등록인구(0~5세)＜br＞(B),Statistics,,,,,,,,,,18360.0,16499.0,14903.0,13923.0,12986.0,12253.0,12611.0
밀양시 - 보육시설＜br＞(A),Statistics,72.0,80.0,87.0,95.0,88.0,82.0,73.0,68.0,64.0,59.0,52.0,48.0,49.0,47.0,45.0,41.0
밀양시 - 유아 천명당 보육시설수＜br＞(A÷B×1000),Statistics,16.9,19.0,21.2,23.1,22.6,21.7,18.9,17.6,16.9,17.0,16.1,16.2,18.3,19.6,21.4,21.3
밀양시 - 주민등록인구(0~5세)＜br＞(B),Statistics,4270.0,4213.0,4109.0,4114.0,3889.0,3773.0,3861.0,3868.0,3785.0,3471.0,3228.0,2967.0,2673.0,2397.0,2106.0,1927.0
보령시 - 보육시설＜br＞(A),Statistics,57.0,61.0,59.0,59.0,66.0,68.0,67.0,67.0,64.0,62.0,57.0,56.0,52.0,50.0,45.0,43.0
보령시 - 유아 천명당 보육시설수＜br＞(A÷B×1000),Statistics,11.2,12.2,11.8,12.2,14.2,15.1,15.0,15.9,16.0,16.9,16.5,17.7,18.1,19.2,19.0,19.8
보령시 - 주민등록인구(0~5세)＜br＞(B),Statistics,5095.0,4994.0,4981.0,4834.0,4664.0,4514.0,4460.0,4223.0,4003.0,3669.0,3458.0,3157.0,2875.0,2600.0,2365.0,2169.0
보성군 - 보육시설＜br＞(A),Statistics,12.0,12.0,14.0,14.0,14.0,15.0,15.0,13.0,13.0,13.0,13.0,12.0,12.0,12.0,12.0,12.0
보성군 - 유아 천명당 보육시설수＜br＞(A÷B×1000),Statistics,5.9,5.6,6.5,6.6,7.1,8.1,8.4,7.9,8.9,10.3,12.0,12.7,15.5,17.6,19.2,19.9
보성군 - 주민등록인구(0~5세)＜br＞(B),Statistics,2026.0,2141.0,2161.0,2135.0,1966.0,1847.0,1792.0,1638.0,1467.0,1264.0,1082.0,945.0,772.0,682.0,626.0,603.0
보은군 - 보육시설＜br＞(A),Statistics,7.0,10.0,10.0,11.0,11.0,10.0,9.0,9.0,9.0,9.0,9.0,7.0,7.0,8.0,7.0,7.0
보은군 - 유아 천명당 보육시설수＜br＞(A÷B×1000),Statistics,5.8,8.7,8.9,9.8,10.3,9.5,8.3,8.2,8.5,9.1,10.5,9.0,10.3,13.1,13.5,15.4
보은군 - 주민등록인구(0~5세)＜br＞(B),Statistics,1199.0,1151.0,1122.0,1117.0,1073.0,1050.0,1083.0,1093.0,1056.0,984.0,858.0,775.0,681.0,610.0,518.0,456.0
봉화군 - 보육시설＜br＞(A),Statistics,8.0,8.0,10.0,12.0,12.0,12.0,12.0,12.0,12.0,11.0,11.0,11.0,10.0,10.0,10.0,10.0
봉화군 - 유아 천명당 보육시설수＜br＞(A÷B×1000),Statistics,6.6,6.4,7.7,9.3,9.2,9.5,9.5,10.5,11.1,10.9,12.3,14.2,15.1,17.8,19.8,23.8
봉화군 - 주민등록인구(0~5세)＜br＞(B),Statistics,1208.0,1257.0,1293.0,1288.0,1301.0,1264.0,1260.0,1141.0,1083.0,1007.0,893.0,775.0,662.0,561.0,504.0,421.0
부산광역시 - 보육시설＜br＞(A),Statistics,1655.0,1689.0,1740.0,1830.0,1897.0,1957.0,1971.0,1937.0,1920.0,1891.0,1848.0,1778.0,1668.0,1547.0,1447.0,1354.0
부산광역시 - 유아 천명당 보육시설수＜br＞(A÷B×1000),Statistics,10.8,11.0,11.1,11.4,11.9,12.2,12.1,12.1,12.6,13.2,13.8,14.3,14.8,15.0,15.2,15.2
부산광역시 - 주민등록인구(0~5세)＜br＞(B),Statistics,153636.0,153080.0,156472.0,160319.0,159465.0,159816.0,162479.0,160015.0,152465.0,142927.0,134093.0,123962.0,112344.0,102950.0,94922.0,88787.0
부산진구 - 보육시설＜br＞(A),Statistics,146.0,149.0,150.0,167.0,171.0,176.0,175.0,173.0,168.0,165.0,164.0,158.0,149.0,135.0,131.0,130.0
부산진구 - 유아 천명당 보육시설수＜br＞(A÷B×1000),Statistics,8.3,8.8,8.5,9.3,9.8,10.3,10.5,10.8,11.2,12.1,13.0,13.5,13.9,13.0,12.7,13.1
부산진구 - 주민등록인구(0~5세)＜br＞(B),Statistics,17512.0,17022.0,17560.0,17906.0,17488.0,17123.0,16649.0,15991.0,15046.0,13632.0,12587.0,11712.0,10693.0,10416.0,10306.0,9905.0
부안군 - 보육시설＜br＞(A),Statistics,27.0,28.0,28.0,28.0,28.0,28.0,28.0,28.0,28.0,26.0,23.0,20.0,19.0,17.0,16.0,17.0
부안군 - 유아 천명당 보육시설수＜br＞(A÷B×1000),Statistics,12.8,13.3,13.5,12.9,13.2,13.8,14.2,14.9,15.7,16.2,15.6,15.3,16.3,16.3,17.2,19.2
부안군 - 주민등록인구(0~5세)＜br＞(B),Statistics,2107.0,2110.0,2081.0,2167.0,2129.0,2023.0,1968.0,1884.0,1785.0,1604.0,1473.0,1311.0,1168.0,1046.0,929.0,884.0
부여군 - 보육시설＜br＞(A),Statistics,29.0,30.0,31.0,31.0,31.0,31.0,30.0,31.0,28.0,26.0,25.0,24.0,22.0,21.0,20.0,18.0
부여군 - 유아 천명당 보육시설수＜br＞(A÷B×1000),Statistics,10.7,11.5,12.3,12.6,13.1,13.8,13.6,14.9,14.3,14.6,15.3,16.7,18.2,19.5,21.3,21.3
부여군 - 주민등록인구(0~5세)＜br＞(B),Statistics,2708.0,2599.0,2526.0,2462.0,2358.0,2250.0,2203.0,2080.0,1952.0,1775.0,1631.0,1441.0,1212.0,1078.0,940.0,845.0
부천시 - 보육시설＜br＞(A),Statistics,595.0,602.0,602.0,616.0,628.0,635.0,617.0,604.0,597.0,605.0,579.0,559.0,518.0,481.0,462.0,423.0
부천시 - 유아 천명당 보육시설수＜br＞(A÷B×1000),Statistics,12.2,12.6,12.6,13.0,13.9,14.6,14.5,14.4,14.7,16.0,16.7,18.0,18.5,18.9,19.7,19.6
부천시 - 주민등록인구(0~5세)＜br＞(B),Statistics,48744.0,47914.0,47739.0,47334.0,45154.0,43627.0,42423.0,41905.0,40524.0,37921.0,34703.0,31026.0,28074.0,25420.0,23457.0,21603.0
부평구 - 보육시설＜br＞(A),Statistics,376.0,381.0,393.0,418.0,420.0,415.0,406.0,399.0,392.0,379.0,343.0,321.0,288.0,268.0,255.0,250.0
부평구 - 유아 천명당 보육시설수＜br＞(A÷B×1000),Statistics,12.0,12.5,13.0,13.8,14.4,14.3,14.1,14.5,15.2,16.6,16.8,18.2,18.2,17.8,16.9,17.0
부평구 - 주민등록인구(0~5세)＜br＞(B),Statistics,31260.0,30556.0,30176.0,30285.0,29257.0,29109.0,28751.0,27596.0,25733.0,22884.0,20456.0,17647.0,15833.0,15049.0,15069.0,14722.0
북구 - 보육시설＜br＞(A),Statistics,200.0,198.0,196.0,206.0,206.0,207.0,210.0,210.0,203.0,186.0,175.0,167.0,156.0,143.0,133.0,127.0
북구 - 유아 천명당 보육시설수＜br＞(A÷B×1000),Statistics,13.9,14.4,14.4,14.2,14.5,14.8,14.4,14.3,14.8,14.8,15.2,16.1,16.1,16.0,16.5,17.4
북구 - 주민등록인구(0~5세)＜br＞(B),Statistics,14376.0,13733.0,13597.0,14542.0,14236.0,13948.0,14596.0,14685.0,13757.0,12568.0,11517.0,10349.0,9664.0,8910.0,8076.0,7308.0
사상구 - 보육시설＜br＞(A),Statistics,145.0,145.0,150.0,150.0,151.0,148.0,148.0,139.0,135.0,130.0,124.0,111.0,107.0,94.0,82.0,77.0
사상구 - 유아 천명당 보육시설수＜br＞(A÷B×1000),Statistics,12.9,12.7,13.0,12.9,13.3,13.2,13.5,13.3,14.0,15.1,16.2,16.7,18.6,18.3,17.3,18.4
사상구 - 주민등록인구(0~5세)＜br＞(B),Statistics,11228.0,11426.0,11510.0,11670.0,11377.0,11222.0,10997.0,10449.0,9646.0,8585.0,7639.0,6642.0,5753.0,5145.0,4735.0,4177.0
사천시 - 보육시설＜br＞(A),Statistics,90.0,105.0,130.0,139.0,140.0,134.0,124.0,111.0,107.0,102.0,92.0,83.0,81.0,73.0,67.0,61.0
사천시 - 유아 천명당 보육시설수＜br＞(A÷B×1000),Statistics,13.5,15.6,19.0,19.7,19.7,19.6,19.2,18.4,18.8,19.8,20.0,19.9,21.6,21.9,22.5,22.3
사천시 - 주민등록인구(0~5세)＜br＞(B),Statistics,6673.0,6735.0,6845.0,7046.0,7117.0,6845.0,6444.0,6021.0,5681.0,5141.0,4597.0,4166.0,3745.0,3335.0,2984.0,2736.0
사하구 - 보육시설＜br＞(A),Statistics,184.0,186.0,191.0,208.0,209.0,209.0,209.0,205.0,202.0,202.0,187.0,175.0,165.0,141.0,132.0,122.0
사하구 - 유아 천명당 보육시설수＜br＞(A÷B×1000),Statistics,10.7,10.9,11.0,11.7,12.0,12.4,12.9,13.1,13.7,15.1,15.5,16.7,17.9,16.8,17.5,18.0
사하구 - 주민등록인구(0~5세)＜br＞(B),Statistics,17239.0,17005.0,17384.0,17724.0,17348.0,16788.0,16235.0,15595.0,14737.0,13369.0,12026.0,10477.0,9236.0,8369.0,7544.0,6781.0
산청군 - 보육시설＜br＞(A),Statistics,16.0,17.0,17.0,16.0,16.0,16.0,14.0,12.0,12.0,12.0,12.0,12.0,12.0,9.0,9.0,7.0
산청군 - 유아 천명당 보육시설수＜br＞(A÷B×1000),Statistics,13.7,14.0,13.7,13.3,13.4,13.6,11.7,10.8,10.9,12.4,14.3,16.3,19.5,15.9,18.3,15.3
산청군 - 주민등록인구(0~5세)＜br＞(B),Statistics,1171.0,1217.0,1244.0,1202.0,1196.0,1175.0,1201.0,1111.0,1098.0,965.0,839.0,735.0,615.0,565.0,493.0,457.0
삼척시 - 보육시설＜br＞(A),Statistics,33.0,34.0,42.0,44.0,45.0,46.0,44.0,45.0,43.0,42.0,45.0,46.0,44.0,39.0,37.0,36.0
삼척시 - 유아 천명당 보육시설수＜br＞(A÷B×1000),Statistics,10.8,11.7,14.4,15.1,15.9,16.2,15.9,17.1,17.6,17.7,19.9,21.9,23.3,20.9,20.8,21.9
삼척시 - 주민등록인구(0~5세)＜br＞(B),Statistics,3064.0,2910.0,2918.0,2915.0,2828.0,2834.0,2759.0,2633.0,2445.0,2368.0,2257.0,2102.0,1885.0,1869.0,1777.0,1644.0
상주시 - 보육시설＜br＞(A),Statistics,45.0,45.0,46.0,48.0,49.0,48.0,46.0,46.0,42.0,41.0,36.0,35.0,34.0,32.0,27.0,24.0
상주시 - 유아 천명당 보육시설수＜br＞(A÷B×1000),Statistics,11.1,11.1,11.6,12.1,12.9,13.0,12.8,13.3,12.7,13.1,12.3,12.6,13.6,13.9,12.6,12.4
상주시 - 주민등록인구(0~5세)＜br＞(B),Statistics,4059.0,4045.0,3979.0,3965.0,3795.0,3689.0,3588.0,3447.0,3297.0,3118.0,2915.0,2772.0,2505.0,2307.0,2141.0,1930.0
서구 - 보육시설＜br＞(A),Statistics,47.0,45.0,42.0,42.0,44.0,44.0,45.0,45.0,41.0,41.0,38.0,36.0,35.0,32.0,31.0,31.0
서구 - 유아 천명당 보육시설수＜br＞(A÷B×1000),Statistics,11.5,11.6,10.8,10.9,12.0,11.8,12.1,12.7,12.3,12.3,12.4,12.2,13.0,12.5,13.0,14.2
서구 - 주민등록인구(0~5세)＜br＞(B),Statistics,4100.0,3891.0,3905.0,3849.0,3657.0,3729.0,3732.0,3542.0,3321.0,3339.0,3071.0,2954.0,2683.0,2560.0,2384.0,2187.0
서귀포시 - 보육시설＜br＞(A),Statistics,129.0,131.0,135.0,139.0,136.0,134.0,129.0,123.0,121.0,122.0,126.0,124.0,122.0,118.0,113.0,107.0
서귀포시 - 유아 천명당 보육시설수＜br＞(A÷B×1000),Statistics,15.2,15.7,16.5,17.1,17.3,17.2,15.8,14.4,13.8,14.7,15.7,16.4,17.2,17.9,19.0,19.5
서귀포시 - 주민등록인구(0~5세)＜br＞(B),Statistics,8514.0,8358.0,8182.0,8117.0,7884.0,7810.0,8177.0,8535.0,8751.0,8327.0,8049.0,7578.0,7073.0,6588.0,5932.0,5493.0
서대문구 - 보육시설＜br＞(A),Statistics,172.0,172.0,167.0,177.0,179.0,175.0,172.0,159.0,158.0,153.0,149.0,143.0,142.0,136.0,133.0,126.0
서대문구 - 유아 천명당 보육시설수＜br＞(A÷B×1000),Statistics,10.9,11.6,11.9,12.6,12.8,13.1,12.5,11.7,12.1,12.4,12.8,12.7,14.0,14.0,14.6,14.6
서대문구 - 주민등록인구(0~5세)＜br＞(B),Statistics,15727.0,14883.0,14041.0,14092.0,13990.0,13377.0,13729.0,13600.0,13080.0,12316.0,11667.0,11291.0,10130.0,9738.0,9082.0,8601.0
서산시 - 보육시설＜br＞(A),Statistics,94.0,113.0,130.0,141.0,154.0,155.0,153.0,155.0,152.0,151.0,148.0,140.0,136.0,129.0,123.0,120.0
서산시 - 유아 천명당 보육시설수＜br＞(A÷B×1000),Statistics,9.3,11.3,12.9,13.6,14.9,15.0,14.7,15.3,15.5,16.0,16.5,16.7,17.7,18.2,19.1,20.8
서산시 - 주민등록인구(0~5세)＜br＞(B),Statistics,10100.0,10007.0,10066.0,10392.0,10349.0,10367.0,10432.0,10136.0,9791.0,9444.0,8972.0,8370.0,7700.0,7076.0,6430.0,5764.0
서울특별시 - 보육시설＜br＞(A),Statistics,5684.0,5870.0,6105.0,6538.0,6742.0,6787.0,6598.0,6368.0,6226.0,6008.0,5698.0,5370.0,5049.0,4712.0,4431.0,4212.0
서울특별시 - 유아 천명당 보육시설수＜br＞(A÷B×1000),Statistics,11.1,11.7,12.1,13.0,13.8,14.1,14.0,14.0,14.5,15.2,15.4,15.8,16.4,16.7,16.8,16.8
서울특별시 - 주민등록인구(0~5세)＜br＞(B),Statistics,511746.0,502633.0,502766.0,502984.0,489543.0,480047.0,472648.0,453439.0,429218.0,394198.0,369938.0,339289.0,307525.0,282707.0,263305.0,250043.0
서천군 - 보육시설＜br＞(A),Statistics,26.0,28.0,28.0,27.0,28.0,26.0,26.0,26.0,26.0,24.0,24.0,22.0,22.0,22.0,20.0,19.0
서천군 - 유아 천명당 보육시설수＜br＞(A÷B×1000),Statistics,12.5,13.6,13.9,13.8,14.9,14.3,14.5,15.8,16.9,16.9,18.8,19.0,20.9,22.4,22.6,24.6
서천군 - 주민등록인구(0~5세)＜br＞(B),Statistics,2088.0,2063.0,2012.0,1959.0,1877.0,1819.0,1797.0,1649.0,1540.0,1422.0,1274.0,1155.0,1052.0,981.0,885.0,772.0
서초구 - 보육시설＜br＞(A),Statistics,146.0,152.0,163.0,182.0,201.0,206.0,209.0,201.0,206.0,200.0,189.0,184.0,179.0,170.0,166.0,157.0
서초구 - 유아 천명당 보육시설수＜br＞(A÷B×1000),Statistics,6.9,7.0,7.4,7.9,8.3,8.2,8.5,8.6,9.5,10.1,10.2,11.0,11.7,12.3,12.6,12.3
서초구 - 주민등록인구(0~5세)＜br＞(B),Statistics,21129.0,21650.0,22160.0,23018.0,24303.0,25031.0,24696.0,23469.0,21609.0,19762.0,18455.0,16797.0,15277.0,13766.0,13186.0,12740.0
성남시 - 보육시설＜br＞(A),Statistics,624.0,646.0,659.0,716.0,777.0,761.0,729.0,719.0,692.0,657.0,610.0,580.0,546.0,515.0,480.0,453.0
성남시 - 유아 천명당 보육시설수＜br＞(A÷B×1000),Statistics,12.1,12.5,12.6,13.7,15.1,15.1,14.7,14.7,14.8,15.5,15.6,15.9,16.1,15.9,15.5,15.3
성남시 - 주민등록인구(0~5세)＜br＞(B),Statistics,51692.0,51784.0,52174.0,52116.0,51524.0,50352.0,49705.0,48903.0,46614.0,42271.0,39113.0,36546.0,33993.0,32312.0,30921.0,29668.0
성동구 - 보육시설＜br＞(A),Statistics,141.0,146.0,157.0,176.0,190.0,194.0,192.0,189.0,190.0,187.0,179.0,173.0,163.0,151.0,146.0,141.0
성동구 - 유아 천명당 보육시설수＜br＞(A÷B×1000),Statistics,8.6,9.3,10.5,11.6,12.7,13.4,13.0,12.8,12.8,12.9,13.3,14.1,14.4,14.4,15.2,15.4
성동구 - 주민등록인구(0~5세)＜br＞(B),Statistics,16482.0,15748.0,15017.0,15110.0,14913.0,14440.0,14785.0,14817.0,14876.0,14516.0,13498.0,12287.0,11291.0,10507.0,9592.0,9139.0
성북구 - 보육시설＜br＞(A),Statistics,306.0,326.0,319.0,319.0,330.0,338.0,329.0,310.0,298.0,275.0,267.0,246.0,226.0,210.0,191.0,176.0
성북구 - 유아 천명당 보육시설수＜br＞(A÷B×1000),Statistics,11.8,12.5,12.5,12.8,13.8,15.1,15.1,15.2,15.6,16.0,15.8,15.9,15.8,15.8,15.7,15.4
성북구 - 주민등록인구(0~5세)＜br＞(B),Statistics,25854.0,26050.0,25572.0,24994.0,23876.0,22390.0,21779.0,20369.0,19082.0,17209.0,16920.0,15438.0,14267.0,13260.0,12186.0,11444.0
성주군 - 보육시설＜br＞(A),Statistics,21.0,21.0,21.0,21.0,21.0,21.0,21.0,21.0,18.0,16.0,14.0,13.0,12.0,12.0,12.0,11.0
성주군 - 유아 천명당 보육시설수＜br＞(A÷B×1000),Statistics,14.5,14.9,14.3,13.9,13.9,13.7,13.3,13.4,12.3,11.6,11.3,11.1,10.6,11.5,12.9,13.0
성주군 - 주민등록인구(0~5세)＜br＞(B),Statistics,1448.0,1411.0,1464.0,1514.0,1515.0,1535.0,1578.0,1565.0,1467.0,1382.0,1241.0,1169.0,1133.0,1041.0,928.0,848.0
세종특별자치시 - 보육시설＜br＞(A),Statistics,,,,106.0,118.0,160.0,216.0,250.0,289.0,343.0,359.0,350.0,343.0,327.0,314.0,305.0
세종특별자치시 - 유아 천명당 보육시설수＜br＞(A÷B×1000),Statistics,,,,14.4,14.7,13.6,12.1,12.1,12.3,13.4,13.4,13.4,13.6,13.7,14.5,14.9
세종특별자치시 - 주민등록인구(0~5세)＜br＞(B),Statistics,,,,7360.0,8052.0,11783.0,17888.0,20671.0,23564.0,25520.0,26837.0,26208.0,25207.0,23853.0,21727.0,20411.0
속초시 - 보육시설＜br＞(A),Statistics,53.0,66.0,64.0,67.0,66.0,63.0,61.0,62.0,63.0,58.0,56.0,55.0,52.0,51.0,45.0,44.0
속초시 - 유아 천명당 보육시설수＜br＞(A÷B×1000),Statistics,12.9,16.4,16.1,16.7,17.1,16.1,15.6,16.6,17.9,17.3,17.1,17.4,18.1,18.6,17.6,18.6
속초시 - 주민등록인구(0~5세)＜br＞(B),Statistics,4093.0,4026.0,3981.0,4001.0,3855.0,3923.0,3918.0,3746.0,3511.0,3345.0,3273.0,3169.0,2869.0,2735.0,2551.0,2369.0
송파구 - 보육시설＜br＞(A),Statistics,327.0,344.0,369.0,417.0,455.0,467.0,447.0,421.0,421.0,408.0,395.0,373.0,357.0,335.0,313.0,296.0
송파구 - 유아 천명당 보육시설수＜br＞(A÷B×1000),Statistics,9.3,9.9,10.5,11.9,13.1,13.6,13.2,12.8,13.0,13.3,13.1,13.5,13.9,14.1,14.4,14.3
송파구 - 주민등록인구(0~5세)＜br＞(B),Statistics,35291.0,34729.0,35041.0,35166.0,34742.0,34427.0,33794.0,32806.0,32482.0,30681.0,30111.0,27579.0,25667.0,23683.0,21783.0,20744.0
수성구 - 보육시설＜br＞(A),Statistics,210.0,214.0,213.0,215.0,217.0,218.0,214.0,206.0,196.0,193.0,178.0,163.0,156.0,146.0,138.0,138.0
수성구 - 유아 천명당 보육시설수＜br＞(A÷B×1000),Statistics,10.6,10.8,10.8,10.9,11.1,11.5,11.5,11.5,11.7,12.4,12.1,11.9,12.3,12.5,12.7,12.9
수성구 - 주민등록인구(0~5세)＜br＞(B),Statistics,19877.0,19738.0,19649.0,19715.0,19593.0,19003.0,18635.0,17936.0,16726.0,15512.0,14743.0,13676.0,12634.0,11697.0,10825.0,10660.0
수영구 - 보육시설＜br＞(A),Statistics,70.0,71.0,75.0,81.0,85.0,86.0,83.0,81.0,78.0,78.0,76.0,70.0,67.0,65.0,63.0,58.0
수영구 - 유아 천명당 보육시설수＜br＞(A÷B×1000),Statistics,9.5,10.0,10.7,11.3,12.2,12.1,11.4,11.2,11.0,12.2,12.4,12.0,12.5,12.9,13.5,13.6
수영구 - 주민등록인구(0~5세)＜br＞(B),Statistics,7348.0,7068.0,7031.0,7178.0,6942.0,7100.0,7251.0,7226.0,7112.0,6394.0,6130.0,5823.0,5358.0,5038.0,4684.0,4262.0
수원시 - 보육시설＜br＞(A),Statistics,943.0,1001.0,1072.0,1253.0,1284.0,1311.0,1266.0,1187.0,1153.0,1135.0,1062.0,982.0,896.0,811.0,771.0,719.0
수원시 - 유아 천명당 보육시설수＜br＞(A÷B×1000),Statistics,14.2,15.6,16.4,18.2,18.3,18.3,17.6,16.9,17.1,18.2,18.4,18.8,19.0,18.1,18.2,18.0
수원시 - 주민등록인구(0~5세)＜br＞(B),Statistics,66369.0,64342.0,65372.0,69027.0,70147.0,71795.0,71849.0,70161.0,67584.0,62451.0,57817.0,52228.0,47257.0,44824.0,42372.0,40017.0
순창군 - 보육시설＜br＞(A),Statistics,14.0,14.0,15.0,15.0,14.0,14.0,13.0,14.0,14.0,13.0,11.0,10.0,10.0,9.0,9.0,9.0
순창군 - 유아 천명당 보육시설수＜br＞(A÷B×1000),Statistics,10.6,10.9,12.0,11.8,11.8,12.5,11.7,12.1,12.1,11.9,11.0,10.9,13.9,14.5,15.5,16.4
순창군 - 주민등록인구(0~5세)＜br＞(B),Statistics,1323.0,1284.0,1247.0,1270.0,1182.0,1117.0,1108.0,1156.0,1155.0,1091.0,999.0,919.0,722.0,620.0,582.0,548.0
순천시 - 보육시설＜br＞(A),Statistics,220.0,224.0,225.0,230.0,249.0,252.0,255.0,257.0,253.0,249.0,222.0,203.0,195.0,184.0,183.0,169.0
순천시 - 유아 천명당 보육시설수＜br＞(A÷B×1000),Statistics,14.9,15.6,15.6,15.8,17.2,17.4,17.4,17.9,18.0,18.6,17.0,16.2,16.9,17.1,17.9,17.3
순천시 - 주민등록인구(0~5세)＜br＞(B),Statistics,14802.0,14391.0,14421.0,14596.0,14514.0,14493.0,14670.0,14350.0,14023.0,13410.0,13036.0,12501.0,11570.0,10790.0,10208.0,9741.0
시흥시 - 보육시설＜br＞(A),Statistics,424.0,428.0,429.0,427.0,433.0,428.0,421.0,402.0,420.0,440.0,465.0,484.0,479.0,460.0,439.0,411.0
시흥시 - 유아 천명당 보육시설수＜br＞(A÷B×1000),Statistics,15.2,15.7,16.1,16.6,17.8,18.7,18.5,18.2,18.2,17.5,17.6,17.9,18.7,19.4,19.4,19.5
시흥시 - 주민등록인구(0~5세)＜br＞(B),Statistics,27816.0,27345.0,26580.0,25662.0,24297.0,22925.0,22704.0,22144.0,23045.0,25081.0,26470.0,27072.0,25615.0,23701.0,22658.0,21129.0
신안군 - 보육시설＜br＞(A),Statistics,13.0,13.0,13.0,14.0,13.0,13.0,13.0,14.0,14.0,13.0,13.0,13.0,13.0,14.0,12.0,12.0
신안군 - 유아 천명당 보육시설수＜br＞(A÷B×1000),Statistics,9.5,9.8,10.0,10.3,9.4,9.7,9.9,11.0,11.8,12.2,13.3,15.3,17.0,18.9,16.3,17.0
신안군 - 주민등록인구(0~5세)＜br＞(B),Statistics,1363.0,1328.0,1296.0,1360.0,1381.0,1341.0,1309.0,1272.0,1190.0,1063.0,976.0,851.0,763.0,741.0,735.0,707.0
아산시 - 보육시설＜br＞(A),Statistics,305.0,389.0,453.0,484.0,488.0,476.0,444.0,442.0,444.0,440.0,411.0,379.0,351.0,326.0,311.0,296.0
아산시 - 유아 천명당 보육시설수＜br＞(A÷B×1000),Statistics,14.7,18.3,20.1,20.9,20.9,20.1,18.8,19.1,19.5,21.2,21.4,21.7,21.7,20.9,19.9,19.5
아산시 - 주민등록인구(0~5세)＜br＞(B),Statistics,20690.0,21295.0,22536.0,23212.0,23345.0,23723.0,23612.0,23180.0,22754.0,20737.0,19181.0,17488.0,16149.0,15618.0,15604.0,15190.0
안동시 - 보육시설＜br＞(A),Statistics,89.0,92.0,94.0,94.0,94.0,96.0,98.0,100.0,99.0,100.0,97.0,94.0,94.0,86.0,82.0,78.0
안동시 - 유아 천명당 보육시설수＜br＞(A÷B×1000),Statistics,10.6,10.8,10.8,10.6,10.9,11.3,11.4,12.2,13.0,14.9,15.9,16.5,18.3,18.6,19.4,20.1
안동시 - 주민등록인구(0~5세)＜br＞(B),Statistics,8398.0,8517.0,8709.0,8849.0,8633.0,8507.0,8574.0,8206.0,7601.0,6689.0,6113.0,5682.0,5139.0,4625.0,4237.0,3888.0
안산시 - 보육시설＜br＞(A),Statistics,693.0,728.0,733.0,748.0,752.0,739.0,680.0,623.0,575.0,526.0,490.0,464.0,427.0,399.0,352.0,331.0
안산시 - 유아 천명당 보육시설수＜br＞(A÷B×1000),Statistics,16.2,17.5,17.8,18.4,19.2,19.7,18.9,18.4,18.5,19.2,19.5,19.4,19.5,20.0,19.5,19.9
안산시 - 주민등록인구(0~5세)＜br＞(B),Statistics,42908.0,41607.0,41145.0,40672.0,39070.0,37494.0,35935.0,33891.0,31017.0,27328.0,25170.0,23978.0,21946.0,19910.0,18057.0,16611.0
안성시 - 보육시설＜br＞(A),Statistics,208.0,248.0,248.0,246.0,242.0,241.0,229.0,221.0,208.0,193.0,180.0,164.0,159.0,147.0,138.0,135.0
안성시 - 유아 천명당 보육시설수＜br＞(A÷B×1000),Statistics,18.8,21.4,20.7,20.6,21.1,21.9,22.2,21.7,22.4,22.4,22.8,22.9,24.1,24.3,25.1,24.5
안성시 - 주민등록인구(0~5세)＜br＞(B),Statistics,11070.0,11571.0,11963.0,11935.0,11466.0,11012.0,10312.0,10178.0,9284.0,8605.0,7883.0,7173.0,6607.0,6059.0,5498.0,5505.0
안양시 - 보육시설＜br＞(A),Statistics,458.0,488.0,509.0,560.0,603.0,588.0,540.0,516.0,494.0,472.0,446.0,421.0,380.0,352.0,329.0,324.0
안양시 - 유아 천명당 보육시설수＜br＞(A÷B×1000),Statistics,13.7,14.7,15.5,17.2,18.9,19.2,17.8,17.3,17.8,18.4,18.6,19.7,18.8,17.8,17.5,16.9
안양시 - 주민등록인구(0~5세)＜br＞(B),Statistics,33358.0,33094.0,32780.0,32597.0,31824.0,30550.0,30272.0,29782.0,27740.0,25682.0,23932.0,21377.0,20236.0,19825.0,18749.0,19207.0
양구군 - 보육시설＜br＞(A),Statistics,13.0,13.0,13.0,14.0,15.0,17.0,17.0,16.0,16.0,16.0,15.0,15.0,14.0,13.0,13.0,11.0
양구군 - 유아 천명당 보육시설수＜br＞(A÷B×1000),Statistics,10.4,10.6,10.6,11.1,11.6,13.2,13.2,12.6,13.1,13.6,13.5,14.9,14.4,14.4,16.3,15.4
양구군 - 주민등록인구(0~5세)＜br＞(B),Statistics,1254.0,1223.0,1232.0,1265.0,1292.0,1290.0,1290.0,1273.0,1218.0,1173.0,1110.0,1004.0,975.0,900.0,797.0,713.0
양산시 - 보육시설＜br＞(A),Statistics,356.0,361.0,361.0,362.0,365.0,381.0,373.0,365.0,376.0,389.0,384.0,353.0,328.0,299.0,264.0,239.0
양산시 - 유아 천명당 보육시설수＜br＞(A÷B×1000),Statistics,21.4,21.2,20.6,20.2,20.0,19.8,18.7,17.6,16.9,17.7,18.5,18.7,19.2,19.7,19.2,18.5
양산시 - 주민등록인구(0~5세)＜br＞(B),Statistics,16624.0,17026.0,17547.0,17888.0,18273.0,19274.0,19920.0,20745.0,22297.0,21965.0,20712.0,18926.0,17121.0,15168.0,13744.0,12894.0
양양군 - 보육시설＜br＞(A),Statistics,10.0,10.0,10.0,11.0,11.0,11.0,11.0,11.0,10.0,9.0,9.0,9.0,9.0,7.0,7.0,5.0
양양군 - 유아 천명당 보육시설수＜br＞(A÷B×1000),Statistics,8.8,9.1,9.2,10.6,11.4,11.8,12.3,13.0,12.9,12.3,12.3,12.9,14.2,12.1,13.1,9.3
양양군 - 주민등록인구(0~5세)＜br＞(B),Statistics,1130.0,1102.0,1084.0,1034.0,967.0,932.0,893.0,848.0,778.0,730.0,733.0,700.0,635.0,579.0,535.0,540.0
양주시 - 보육시설＜br＞(A),Statistics,258.0,291.0,303.0,303.0,296.0,294.0,284.0,263.0,252.0,247.0,235.0,223.0,211.0,210.0,205.0,205.0
양주시 - 유아 천명당 보육시설수＜br＞(A÷B×1000),Statistics,20.7,21.3,22.3,22.8,23.6,24.0,23.5,22.8,22.2,22.8,22.2,21.1,20.8,21.5,18.1,16.6
양주시 - 주민등록인구(0~5세)＜br＞(B),Statistics,12482.0,13688.0,13617.0,13317.0,12533.0,12267.0,12093.0,11519.0,11365.0,10834.0,10564.0,10563.0,10121.0,9784.0,11315.0,12376.0
양천구 - 보육시설＜br＞(A),Statistics,287.0,293.0,315.0,349.0,361.0,367.0,353.0,342.0,331.0,317.0,299.0,281.0,263.0,236.0,216.0,200.0
양천구 - 유아 천명당 보육시설수＜br＞(A÷B×1000),Statistics,12.1,13.0,13.6,15.2,16.2,17.1,16.3,16.3,16.7,17.5,18.0,18.3,19.1,19.0,18.9,18.7
양천구 - 주민등록인구(0~5세)＜br＞(B),Statistics,23622.0,22562.0,23087.0,22984.0,22244.0,21466.0,21644.0,21013.0,19871.0,18146.0,16649.0,15342.0,13760.0,12409.0,11425.0,10706.0
양평군 - 보육시설＜br＞(A),Statistics,35.0,44.0,48.0,59.0,63.0,64.0,61.0,60.0,61.0,55.0,51.0,53.0,47.0,45.0,46.0,45.0
양평군 - 유아 천명당 보육시설수＜br＞(A÷B×1000),Statistics,8.9,11.0,11.0,13.1,14.0,14.1,13.4,13.0,13.5,13.0,12.8,14.2,13.4,13.9,14.6,15.1
양평군 - 주민등록인구(0~5세)＜br＞(B),Statistics,3931.0,4013.0,4356.0,4507.0,4497.0,4536.0,4560.0,4621.0,4530.0,4236.0,3975.0,3729.0,3517.0,3244.0,3140.0,2985.0
여수시 - 보육시설＜br＞(A),Statistics,130.0,129.0,139.0,140.0,145.0,148.0,148.0,152.0,153.0,151.0,149.0,146.0,141.0,133.0,125.0,119.0
여수시 - 유아 천명당 보육시설수＜br＞(A÷B×1000),Statistics,8.4,8.5,9.0,9.0,9.5,9.9,9.9,10.3,11.0,11.7,12.4,13.1,14.0,14.4,14.8,15.2
여수시 - 주민등록인구(0~5세)＜br＞(B),Statistics,15533.0,15205.0,15500.0,15586.0,15241.0,14930.0,14949.0,14699.0,13942.0,12881.0,12007.0,11173.0,10079.0,9247.0,8461.0,7820.0
여주시 - 보육시설＜br＞(A),Statistics,,,,,75.0,77.0,78.0,75.0,74.0,73.0,70.0,73.0,66.0,60.0,57.0,56.0
여주시 - 유아 천명당 보육시설수＜br＞(A÷B×1000),Statistics,,,,,13.7,13.8,14.4,14.4,15.4,16.4,17.0,18.8,19.0,18.2,18.0,19.0
여주시 - 주민등록인구(0~5세)＜br＞(B),Statistics,,,,,5468.0,5566.0,5413.0,5204.0,4820.0,4450.0,4114.0,3879.0,3479.0,3303.0,3163.0,2943.0
연수구 - 보육시설＜br＞(A),Statistics,154.0,173.0,189.0,224.0,234.0,246.0,247.0,252.0,255.0,257.0,278.0,290.0,273.0,251.0,253.0,247.0
연수구 - 유아 천명당 보육시설수＜br＞(A÷B×1000),Statistics,11.1,12.2,12.5,14.0,14.1,13.9,13.5,13.4,13.6,13.7,14.1,14.1,14.3,14.5,15.2,15.1
연수구 - 주민등록인구(0~5세)＜br＞(B),Statistics,13868.0,14197.0,15173.0,15997.0,16608.0,17670.0,18354.0,18798.0,18790.0,18804.0,19699.0,20511.0,19029.0,17329.0,16594.0,16386.0
연제구 - 보육시설＜br＞(A),Statistics,85.0,86.0,87.0,97.0,101.0,102.0,103.0,100.0,97.0,97.0,101.0,95.0,94.0,87.0,85.0,79.0
연제구 - 유아 천명당 보육시설수＜br＞(A÷B×1000),Statistics,9.2,9.1,9.0,10.0,10.9,11.2,10.7,10.6,10.5,10.8,11.5,11.7,12.7,13.4,13.4,12.1
연제구 - 주민등록인구(0~5세)＜br＞(B),Statistics,9255.0,9404.0,9622.0,9672.0,9227.0,9108.0,9670.0,9392.0,9224.0,8947.0,8780.0,8108.0,7404.0,6480.0,6335.0,6548.0
연천군 - 보육시설＜br＞(A),Statistics,32.0,35.0,35.0,39.0,39.0,40.0,39.0,37.0,35.0,35.0,32.0,29.0,26.0,25.0,23.0,21.0
연천군 - 유아 천명당 보육시설수＜br＞(A÷B×1000),Statistics,15.6,17.7,17.6,17.7,17.3,18.1,17.4,16.4,16.3,17.9,18.5,18.6,18.9,20.7,20.9,20.8
연천군 - 주민등록인구(0~5세)＜br＞(B),Statistics,2057.0,1981.0,1990.0,2202.0,2251.0,2211.0,2235.0,2252.0,2153.0,1953.0,1731.0,1558.0,1379.0,1210.0,1101.0,1011.0
영광군 - 보육시설＜br＞(A),Statistics,17.0,18.0,18.0,17.0,18.0,18.0,19.0,19.0,19.0,19.0,17.0,16.0,16.0,16.0,16.0,16.0
영광군 - 유아 천명당 보육시설수＜br＞(A÷B×1000),Statistics,6.8,7.1,7.0,6.5,6.9,7.1,7.6,7.9,8.4,8.8,7.4,6.8,6.9,7.0,7.2,7.3
영광군 - 주민등록인구(0~5세)＜br＞(B),Statistics,2510.0,2533.0,2569.0,2632.0,2606.0,2525.0,2507.0,2420.0,2274.0,2158.0,2303.0,2365.0,2322.0,2295.0,2212.0,2180.0
영덕군 - 보육시설＜br＞(A),Statistics,15.0,15.0,15.0,15.0,15.0,14.0,14.0,13.0,13.0,13.0,13.0,12.0,11.0,11.0,8.0,8.0
영덕군 - 유아 천명당 보육시설수＜br＞(A÷B×1000),Statistics,11.0,11.3,11.6,11.8,12.1,11.3,11.5,11.0,11.2,11.5,11.9,12.7,14.2,15.1,13.3,14.7
영덕군 - 주민등록인구(0~5세)＜br＞(B),Statistics,1358.0,1329.0,1288.0,1269.0,1235.0,1244.0,1222.0,1187.0,1163.0,1131.0,1090.0,942.0,774.0,728.0,600.0,546.0
영도구 - 보육시설＜br＞(A),Statistics,54.0,55.0,55.0,53.0,53.0,55.0,51.0,49.0,50.0,49.0,49.0,45.0,43.0,42.0,36.0,33.0
영도구 - 유아 천명당 보육시설수＜br＞(A÷B×1000),Statistics,10.5,11.1,11.0,11.0,11.5,12.7,12.0,12.4,13.6,14.7,16.3,17.1,17.8,19.0,16.8,17.1
영도구 - 주민등록인구(0~5세)＜br＞(B),Statistics,5123.0,4964.0,5006.0,4817.0,4590.0,4321.0,4250.0,3963.0,3671.0,3331.0,3014.0,2627.0,2417.0,2205.0,2138.0,1926.0
영동군 - 보육시설＜br＞(A),Statistics,13.0,13.0,13.0,16.0,16.0,16.0,16.0,16.0,16.0,16.0,16.0,16.0,16.0,16.0,16.0,16.0
영동군 - 유아 천명당 보육시설수＜br＞(A÷B×1000),Statistics,7.1,7.0,6.9,8.4,8.6,9.0,9.3,9.8,10.0,10.4,11.0,12.4,14.7,17.8,20.1,23.4
영동군 - 주민등록인구(0~5세)＜br＞(B),Statistics,1843.0,1848.0,1878.0,1916.0,1854.0,1769.0,1724.0,1627.0,1595.0,1541.0,1453.0,1288.0,1091.0,901.0,795.0,685.0
영등포구 - 보육시설＜br＞(A),Statistics,217.0,228.0,237.0,255.0,264.0,265.0,265.0,266.0,263.0,257.0,248.0,240.0,234.0,224.0,210.0,202.0
영등포구 - 유아 천명당 보육시설수＜br＞(A÷B×1000),Statistics,9.5,10.4,11.2,12.4,13.4,14.1,14.2,14.9,15.2,15.9,16.0,15.3,16.2,16.6,16.6,17.0
영등포구 - 주민등록인구(0~5세)＜br＞(B),Statistics,22743.0,21880.0,21144.0,20587.0,19671.0,18833.0,18659.0,17901.0,17255.0,16191.0,15527.0,15642.0,14485.0,13516.0,12625.0,11914.0
영암군 - 보육시설＜br＞(A),Statistics,36.0,36.0,37.0,38.0,40.0,40.0,40.0,43.0,42.0,41.0,41.0,40.0,38.0,37.0,37.0,33.0
영암군 - 유아 천명당 보육시설수＜br＞(A÷B×1000),Statistics,10.2,10.1,10.1,10.3,11.2,11.5,11.9,14.1,15.7,16.8,18.4,20.4,22.4,25.1,27.8,27.4
영암군 - 주민등록인구(0~5세)＜br＞(B),Statistics,3521.0,3572.0,3668.0,3706.0,3567.0,3476.0,3349.0,3048.0,2672.0,2435.0,2233.0,1959.0,1693.0,1476.0,1329.0,1204.0
영양군 - 보육시설＜br＞(A),Statistics,5.0,5.0,5.0,5.0,5.0,6.0,6.0,6.0,5.0,5.0,5.0,5.0,5.0,5.0,5.0,5.0
영양군 - 유아 천명당 보육시설수＜br＞(A÷B×1000),Statistics,8.8,8.8,8.9,8.7,8.6,10.3,10.3,10.7,9.4,10.0,10.7,12.1,14.1,16.4,19.2,22.4
영양군 - 주민등록인구(0~5세)＜br＞(B),Statistics,568.0,571.0,562.0,574.0,579.0,582.0,585.0,563.0,534.0,502.0,469.0,413.0,355.0,305.0,261.0,223.0
영월군 - 보육시설＜br＞(A),Statistics,15.0,15.0,15.0,15.0,15.0,15.0,15.0,15.0,15.0,15.0,14.0,13.0,13.0,12.0,13.0,13.0
영월군 - 유아 천명당 보육시설수＜br＞(A÷B×1000),Statistics,9.8,10.6,10.7,10.9,11.6,12.4,12.8,13.3,14.6,15.4,15.3,15.3,16.3,16.1,18.1,21.0
영월군 - 주민등록인구(0~5세)＜br＞(B),Statistics,1533.0,1419.0,1406.0,1371.0,1296.0,1209.0,1168.0,1131.0,1029.0,971.0,916.0,851.0,797.0,747.0,717.0,618.0
영주시 - 보육시설＜br＞(A),Statistics,44.0,44.0,44.0,48.0,48.0,51.0,51.0,52.0,51.0,49.0,48.0,45.0,45.0,44.0,41.0,39.0
영주시 - 유아 천명당 보육시설수＜br＞(A÷B×1000),Statistics,9.1,9.1,9.2,9.9,10.2,11.3,11.7,12.1,12.6,13.4,14.3,14.9,16.2,17.1,17.5,18.6
영주시 - 주민등록인구(0~5세)＜br＞(B),Statistics,4861.0,4818.0,4798.0,4839.0,4689.0,4519.0,4365.0,4305.0,4052.0,3662.0,3351.0,3024.0,2783.0,2568.0,2340.0,2097.0
영천시 - 보육시설＜br＞(A),Statistics,48.0,48.0,50.0,51.0,55.0,53.0,53.0,55.0,56.0,53.0,48.0,47.0,50.0,46.0,45.0,43.0
영천시 - 유아 천명당 보육시설수＜br＞(A÷B×1000),Statistics,11.4,11.5,11.9,12.3,13.7,13.4,13.4,14.4,15.2,15.5,13.8,14.0,15.6,14.9,15.7,16.3
영천시 - 주민등록인구(0~5세)＜br＞(B),Statistics,4207.0,4161.0,4186.0,4131.0,4009.0,3967.0,3969.0,3824.0,3676.0,3422.0,3478.0,3367.0,3205.0,3088.0,2866.0,2641.0
예산군 - 보육시설＜br＞(A),Statistics,27.0,28.0,30.0,31.0,32.0,32.0,32.0,32.0,29.0,29.0,30.0,27.0,26.0,25.0,25.0,24.0
예산군 - 유아 천명당 보육시설수＜br＞(A÷B×1000),Statistics,7.8,8.2,8.9,9.4,10.2,10.7,11.3,13.0,12.8,14.0,15.2,14.9,16.2,15.5,14.7,13.1
예산군 - 주민등록인구(0~5세)＜br＞(B),Statistics,3468.0,3405.0,3362.0,3313.0,3131.0,2983.0,2827.0,2468.0,2269.0,2067.0,1980.0,1809.0,1603.0,1616.0,1704.0,1826.0
예천군 - 보육시설＜br＞(A),Statistics,16.0,17.0,18.0,20.0,20.0,20.0,20.0,22.0,30.0,37.0,43.0,40.0,39.0,38.0,36.0,34.0
예천군 - 유아 천명당 보육시설수＜br＞(A÷B×1000),Statistics,10.8,11.2,10.9,12.0,12.2,12.6,12.6,12.0,14.1,14.7,16.6,15.7,16.6,17.5,17.1,17.2
예천군 - 주민등록인구(0~5세)＜br＞(B),Statistics,1478.0,1523.0,1652.0,1671.0,1643.0,1582.0,1586.0,1827.0,2131.0,2513.0,2586.0,2546.0,2352.0,2166.0,2101.0,1982.0
오산시 - 보육시설＜br＞(A),Statistics,145.0,202.0,230.0,256.0,264.0,266.0,257.0,253.0,256.0,261.0,262.0,252.0,237.0,215.0,197.0,195.0
오산시 - 유아 천명당 보육시설수＜br＞(A÷B×1000),Statistics,10.4,12.5,13.0,14.1,14.5,15.0,15.3,15.8,16.7,17.8,19.0,20.0,21.7,22.3,22.8,21.1
오산시 - 주민등록인구(0~5세)＜br＞(B),Statistics,13943.0,16183.0,17651.0,18194.0,18156.0,17775.0,16789.0,15992.0,15326.0,14632.0,13792.0,12569.0,10915.0,9656.0,8647.0,9251.0
옥천군 - 보육시설＜br＞(A),Statistics,27.0,27.0,27.0,26.0,26.0,27.0,27.0,26.0,24.0,24.0,19.0,20.0,19.0,17.0,15.0,15.0
옥천군 - 유아 천명당 보육시설수＜br＞(A÷B×1000),Statistics,11.3,11.7,11.7,11.7,12.5,13.5,14.1,14.0,14.5,16.1,13.6,15.8,16.4,17.2,17.1,18.6
옥천군 - 주민등록인구(0~5세)＜br＞(B),Statistics,2398.0,2299.0,2302.0,2227.0,2086.0,2000.0,1919.0,1854.0,1650.0,1495.0,1401.0,1269.0,1160.0,990.0,878.0,806.0
옹진군 - 보육시설＜br＞(A),Statistics,8.0,8.0,8.0,8.0,10.0,11.0,11.0,11.0,12.0,12.0,14.0,14.0,13.0,13.0,13.0,11.0
옹진군 - 유아 천명당 보육시설수＜br＞(A÷B×1000),Statistics,9.1,9.5,8.4,8.9,12.2,14.1,14.4,14.7,16.1,17.6,24.2,25.7,26.6,29.0,32.2,31.9
옹진군 - 주민등록인구(0~5세)＜br＞(B),Statistics,880.0,846.0,949.0,901.0,818.0,782.0,766.0,746.0,744.0,682.0,578.0,545.0,489.0,449.0,404.0,345.0
완도군 - 보육시설＜br＞(A),Statistics,24.0,24.0,24.0,24.0,25.0,25.0,24.0,25.0,25.0,25.0,25.0,24.0,24.0,24.0,24.0,22.0
완도군 - 유아 천명당 보육시설수＜br＞(A÷B×1000),Statistics,11.1,10.9,10.8,10.4,11.0,10.9,10.2,11.0,11.7,12.5,13.2,13.9,15.5,17.5,19.9,20.3
완도군 - 주민등록인구(0~5세)＜br＞(B),Statistics,2153.0,2204.0,2229.0,2314.0,2275.0,2294.0,2348.0,2275.0,2140.0,2008.0,1892.0,1728.0,1544.0,1368.0,1206.0,1085.0
완주군 - 보육시설＜br＞(A),Statistics,59.0,63.0,64.0,69.0,72.0,76.0,80.0,81.0,78.0,76.0,73.0,70.0,68.0,66.0,63.0,59.0
완주군 - 유아 천명당 보육시설수＜br＞(A÷B×1000),Statistics,11.2,11.6,11.8,12.2,13.1,13.4,13.6,14.4,14.6,16.2,18.3,19.8,22.0,22.5,20.6,19.0
완주군 - 주민등록인구(0~5세)＜br＞(B),Statistics,5273.0,5437.0,5409.0,5645.0,5495.0,5652.0,5890.0,5617.0,5348.0,4686.0,4000.0,3531.0,3086.0,2933.0,3059.0,3107.0
용산구 - 보육시설＜br＞(A),Statistics,100.0,109.0,121.0,130.0,130.0,132.0,129.0,125.0,128.0,125.0,119.0,116.0,113.0,106.0,100.0,94.0
용산구 - 유아 천명당 보육시설수＜br＞(A÷B×1000),Statistics,8.5,9.4,10.2,11.0,11.6,12.4,12.4,12.5,13.8,14.4,14.4,14.9,15.7,15.8,16.2,16.2
용산구 - 주민등록인구(0~5세)＜br＞(B),Statistics,11811.0,11617.0,11860.0,11811.0,11192.0,10615.0,10433.0,9965.0,9243.0,8655.0,8256.0,7771.0,7192.0,6690.0,6178.0,5785.0
용인시 - 보육시설＜br＞(A),Statistics,888.0,961.0,1001.0,1091.0,1166.0,1161.0,1099.0,1038.0,994.0,965.0,916.0,860.0,793.0,713.0,663.0,623.0
용인시 - 유아 천명당 보육시설수＜br＞(A÷B×1000),Statistics,13.8,14.6,15.0,16.1,17.3,17.5,16.8,16.4,16.6,16.6,16.3,16.4,16.8,16.7,17.0,16.7
용인시 - 주민등록인구(0~5세)＜br＞(B),Statistics,64150.0,65966.0,66810.0,67766.0,67435.0,66464.0,65496.0,63271.0,59970.0,58221.0,56222.0,52454.0,47220.0,42726.0,38974.0,37373.0
울릉군 - 보육시설＜br＞(A),Statistics,2.0,2.0,2.0,2.0,2.0,2.0,2.0,2.0,2.0,1.0,1.0,1.0,1.0,1.0,1.0,1.0
울릉군 - 유아 천명당 보육시설수＜br＞(A÷B×1000),Statistics,5.2,5.4,5.8,5.8,6.2,6.6,6.3,6.9,7.3,3.8,4.1,4.8,4.9,5.8,5.7,5.9
울릉군 - 주민등록인구(0~5세)＜br＞(B),Statistics,386.0,368.0,344.0,342.0,323.0,303.0,316.0,291.0,275.0,264.0,245.0,207.0,203.0,171.0,174.0,170.0
울산광역시 - 보육시설＜br＞(A),Statistics,660.0,754.0,818.0,893.0,933.0,946.0,934.0,895.0,881.0,868.0,842.0,790.0,720.0,656.0,612.0,569.0
울산광역시 - 유아 천명당 보육시설수＜br＞(A÷B×1000),Statistics,10.0,11.4,12.1,12.8,13.4,13.5,13.2,12.9,13.3,14.1,14.6,15.0,15.4,15.7,16.1,16.1
울산광역시 - 주민등록인구(0~5세)＜br＞(B),Statistics,66078.0,66090.0,67754.0,69826.0,69574.0,70124.0,70709.0,69468.0,66455.0,61743.0,57822.0,52566.0,46869.0,41857.0,38041.0,35338.0
울주군 - 보육시설＜br＞(A),Statistics,139.0,144.0,152.0,155.0,158.0,161.0,163.0,158.0,152.0,145.0,140.0,132.0,121.0,113.0,103.0,98.0
울주군 - 유아 천명당 보육시설수＜br＞(A÷B×1000),Statistics,10.6,11.0,11.5,11.5,12.2,12.4,12.4,12.8,13.0,13.2,13.4,14.0,14.4,14.9,15.1,15.4
울주군 - 주민등록인구(0~5세)＜br＞(B),Statistics,13070.0,13075.0,13187.0,13453.0,12995.0,13030.0,13115.0,12298.0,11734.0,10988.0,10429.0,9457.0,8424.0,7601.0,6830.0,6346.0
울진군 - 보육시설＜br＞(A),Statistics,23.0,24.0,25.0,24.0,23.0,23.0,23.0,23.0,24.0,23.0,20.0,20.0,20.0,18.0,18.0,18.0
울진군 - 유아 천명당 보육시설수＜br＞(A÷B×1000),Statistics,9.5,10.3,10.7,10.2,10.0,10.0,10.0,10.4,11.8,12.4,11.6,12.3,13.8,13.4,14.2,15.4
울진군 - 주민등록인구(0~5세)＜br＞(B),Statistics,2427.0,2336.0,2329.0,2347.0,2292.0,2308.0,2309.0,2214.0,2038.0,1851.0,1731.0,1621.0,1450.0,1340.0,1269.0,1170.0
원주시 - 보육시설＜br＞(A),Statistics,242.0,311.0,347.0,372.0,384.0,384.0,379.0,350.0,339.0,314.0,288.0,270.0,256.0,237.0,223.0,218.0
원주시 - 유아 천명당 보육시설수＜br＞(A÷B×1000),Statistics,13.4,17.1,19.1,20.2,21.8,22.0,21.5,20.3,20.3,20.0,18.6,17.7,17.6,16.9,16.5,16.7
원주시 - 주민등록인구(0~5세)＜br＞(B),Statistics,18031.0,18160.0,18188.0,18392.0,17590.0,17462.0,17617.0,17264.0,16671.0,15668.0,15490.0,15218.0,14580.0,14039.0,13518.0,13017.0
유성구 - 보육시설＜br＞(A),Statistics,341.0,400.0,429.0,444.0,449.0,469.0,463.0,451.0,436.0,409.0,373.0,354.0,334.0,303.0,278.0,266.0
유성구 - 유아 천명당 보육시설수＜br＞(A÷B×1000),Statistics,16.6,18.8,19.3,19.4,19.6,19.8,19.1,18.6,18.4,18.4,18.1,18.6,19.1,18.0,16.2,16.3
유성구 - 주민등록인구(0~5세)＜br＞(B),Statistics,20507.0,21234.0,22227.0,22942.0,22952.0,23738.0,24218.0,24302.0,23713.0,22254.0,20588.0,19056.0,17463.0,16793.0,17135.0,16284.0
은평구 - 보육시설＜br＞(A),Statistics,294.0,302.0,319.0,356.0,367.0,356.0,331.0,314.0,294.0,278.0,263.0,246.0,232.0,217.0,200.0,194.0
은평구 - 유아 천명당 보육시설수＜br＞(A÷B×1000),Statistics,12.7,12.4,12.7,13.7,14.4,14.7,14.1,14.2,14.3,14.8,14.9,15.2,16.0,16.2,16.0,17.0
은평구 - 주민등록인구(0~5세)＜br＞(B),Statistics,23232.0,24385.0,25132.0,26036.0,25402.0,24163.0,23538.0,22077.0,20553.0,18806.0,17604.0,16192.0,14533.0,13424.0,12534.0,11406.0
음성군 - 보육시설＜br＞(A),Statistics,49.0,52.0,56.0,59.0,59.0,63.0,65.0,66.0,64.0,69.0,66.0,62.0,61.0,57.0,53.0,48.0
음성군 - 유아 천명당 보육시설수＜br＞(A÷B×1000),Statistics,9.8,10.7,11.6,12.0,12.0,12.6,13.2,13.6,14.1,17.6,18.6,20.3,22.6,23.5,24.3,23.6
음성군 - 주민등록인구(0~5세)＜br＞(B),Statistics,5003.0,4874.0,4832.0,4911.0,4897.0,5014.0,4913.0,4868.0,4554.0,3921.0,3552.0,3054.0,2698.0,2425.0,2183.0,2030.0
의령군 - 보육시설＜br＞(A),Statistics,12.0,12.0,13.0,12.0,12.0,12.0,11.0,11.0,11.0,10.0,9.0,8.0,7.0,6.0,6.0,6.0
의령군 - 유아 천명당 보육시설수＜br＞(A÷B×1000),Statistics,10.6,11.0,11.8,10.4,11.3,11.7,12.0,13.0,13.8,13.8,13.9,13.8,13.5,11.9,13.8,14.8
의령군 - 주민등록인구(0~5세)＜br＞(B),Statistics,1135.0,1094.0,1098.0,1159.0,1063.0,1023.0,916.0,847.0,797.0,725.0,648.0,581.0,520.0,505.0,435.0,405.0
의성군 - 보육시설＜br＞(A),Statistics,13.0,13.0,13.0,14.0,14.0,14.0,14.0,14.0,14.0,14.0,14.0,14.0,14.0,14.0,13.0,13.0
의성군 - 유아 천명당 보육시설수＜br＞(A÷B×1000),Statistics,8.2,8.5,8.8,9.5,9.9,10.5,10.5,10.4,10.9,11.3,11.0,11.8,12.9,13.3,13.5,15.5
의성군 - 주민등록인구(0~5세)＜br＞(B),Statistics,1583.0,1535.0,1476.0,1469.0,1411.0,1334.0,1337.0,1348.0,1285.0,1236.0,1277.0,1183.0,1087.0,1049.0,966.0,840.0
의왕시 - 보육시설＜br＞(A),Statistics,101.0,115.0,131.0,192.0,205.0,189.0,165.0,144.0,134.0,133.0,136.0,131.0,123.0,116.0,108.0,103.0
의왕시 - 유아 천명당 보육시설수＜br＞(A÷B×1000),Statistics,11.9,12.9,14.3,19.9,20.6,20.0,18.3,17.1,17.4,19.1,18.4,17.7,18.0,18.4,17.2,17.3
의왕시 - 주민등록인구(0~5세)＜br＞(B),Statistics,8492.0,8888.0,9159.0,9650.0,9929.0,9436.0,9033.0,8439.0,7709.0,6967.0,7402.0,7388.0,6852.0,6313.0,6266.0,5938.0
의정부시 - 보육시설＜br＞(A),Statistics,584.0,586.0,588.0,591.0,587.0,572.0,523.0,484.0,452.0,449.0,426.0,403.0,369.0,336.0,317.0,293.0
의정부시 - 유아 천명당 보육시설수＜br＞(A÷B×1000),Statistics,22.8,24.2,25.0,25.4,26.0,26.0,24.0,22.6,21.7,22.4,22.0,21.7,21.4,20.4,20.2,19.8
의정부시 - 주민등록인구(0~5세)＜br＞(B),Statistics,25575.0,24244.0,23561.0,23294.0,22617.0,21984.0,21749.0,21404.0,20830.0,20085.0,19336.0,18611.0,17266.0,16449.0,15728.0,14813.0
이천시 - 보육시설＜br＞(A),Statistics,156.0,162.0,168.0,174.0,176.0,174.0,173.0,173.0,176.0,175.0,166.0,158.0,155.0,144.0,136.0,131.0
이천시 - 유아 천명당 보육시설수＜br＞(A÷B×1000),Statistics,11.9,11.9,12.2,12.5,13.1,13.5,13.5,13.3,14.0,14.9,15.0,15.7,16.7,17.1,17.7,18.1
이천시 - 주민등록인구(0~5세)＜br＞(B),Statistics,13146.0,13564.0,13825.0,13874.0,13402.0,12935.0,12802.0,13014.0,12613.0,11713.0,11033.0,10077.0,9266.0,8403.0,7687.0,7252.0
익산시 - 보육시설＜br＞(A),Statistics,255.0,259.0,264.0,266.0,269.0,266.0,268.0,250.0,234.0,218.0,201.0,188.0,176.0,163.0,150.0,146.0
익산시 - 유아 천명당 보육시설수＜br＞(A÷B×1000),Statistics,15.5,16.2,16.5,16.5,17.1,17.4,17.8,17.3,17.3,18.0,18.4,19.4,20.6,21.3,21.7,22.4
익산시 - 주민등록인구(0~5세)＜br＞(B),Statistics,16408.0,15986.0,16041.0,16095.0,15701.0,15284.0,15076.0,14425.0,13526.0,12103.0,10944.0,9695.0,8533.0,7661.0,6905.0,6525.0
인제군 - 보육시설＜br＞(A),Statistics,15.0,17.0,18.0,20.0,20.0,20.0,21.0,22.0,23.0,23.0,22.0,22.0,23.0,22.0,22.0,22.0
인제군 - 유아 천명당 보육시설수＜br＞(A÷B×1000),Statistics,7.6,8.6,9.7,10.5,10.8,10.7,11.1,12.2,12.9,14.2,14.4,14.6,15.7,15.5,16.6,17.9
인제군 - 주민등록인구(0~5세)＜br＞(B),Statistics,1982.0,1972.0,1853.0,1902.0,1853.0,1861.0,1892.0,1798.0,1785.0,1624.0,1528.0,1505.0,1467.0,1420.0,1323.0,1231.0
인천광역시 - 보육시설＜br＞(A),Statistics,1773.0,1857.0,1998.0,2181.0,2263.0,2308.0,2278.0,2231.0,2186.0,2141.0,2049.0,1943.0,1803.0,1697.0,1652.0,1613.0
인천광역시 - 유아 천명당 보육시설수＜br＞(A÷B×1000),Statistics,11.6,12.2,12.6,13.3,13.8,14.2,14.0,14.1,14.5,15.2,15.4,15.9,16.0,15.9,16.0,16.0
인천광역시 - 주민등록인구(0~5세)＜br＞(B),Statistics,152192.0,152329.0,158758.0,164473.0,163530.0,162895.0,162895.0,158698.0,150553.0,141271.0,133224.0,122051.0,112522.0,106904.0,103151.0,100917.0
임실군 - 보육시설＜br＞(A),Statistics,11.0,10.0,10.0,10.0,10.0,11.0,11.0,11.0,11.0,11.0,10.0,9.0,9.0,9.0,9.0,9.0
임실군 - 유아 천명당 보육시설수＜br＞(A÷B×1000),Statistics,9.5,8.5,8.0,8.5,8.4,9.5,9.7,10.1,10.2,10.9,11.3,11.2,11.5,12.3,14.0,15.2
임실군 - 주민등록인구(0~5세)＜br＞(B),Statistics,1158.0,1173.0,1247.0,1177.0,1185.0,1156.0,1135.0,1094.0,1081.0,1008.0,883.0,801.0,783.0,731.0,643.0,591.0
장성군 - 보육시설＜br＞(A),Statistics,13.0,14.0,15.0,15.0,15.0,15.0,14.0,14.0,14.0,14.0,14.0,14.0,14.0,14.0,13.0,13.0
장성군 - 유아 천명당 보육시설수＜br＞(A÷B×1000),Statistics,6.1,6.6,7.1,7.0,7.0,7.1,6.3,6.5,6.8,7.2,7.9,9.1,11.2,13.0,13.4,14.0
장성군 - 주민등록인구(0~5세)＜br＞(B),Statistics,2115.0,2116.0,2122.0,2137.0,2144.0,2122.0,2240.0,2168.0,2045.0,1945.0,1783.0,1532.0,1252.0,1074.0,973.0,930.0
장수군 - 보육시설＜br＞(A),Statistics,7.0,5.0,5.0,6.0,6.0,6.0,7.0,7.0,7.0,7.0,7.0,7.0,7.0,7.0,7.0,7.0
장수군 - 유아 천명당 보육시설수＜br＞(A÷B×1000),Statistics,6.9,5.0,4.9,5.8,6.0,6.1,7.2,7.7,8.9,10.1,11.5,12.6,14.0,15.2,16.4,17.8
장수군 - 주민등록인구(0~5세)＜br＞(B),Statistics,1009.0,1003.0,1028.0,1040.0,992.0,984.0,967.0,912.0,787.0,691.0,607.0,555.0,500.0,462.0,426.0,394.0
장흥군 - 보육시설＜br＞(A),Statistics,17.0,17.0,18.0,18.0,19.0,17.0,18.0,18.0,18.0,16.0,16.0,16.0,16.0,16.0,14.0,14.0
장흥군 - 유아 천명당 보육시설수＜br＞(A÷B×1000),Statistics,10.9,11.2,12.2,12.1,12.5,11.4,12.2,13.4,14.4,13.4,14.1,15.1,17.1,19.6,18.4,19.0
장흥군 - 주민등록인구(0~5세)＜br＞(B),Statistics,1557.0,1523.0,1476.0,1493.0,1514.0,1492.0,1477.0,1345.0,1250.0,1190.0,1133.0,1059.0,933.0,818.0,760.0,737.0
전국 - 보육시설＜br＞(A),Statistics,35550.0,38021.0,39842.0,42527.0,43770.0,43742.0,42517.0,41084.0,40238.0,39171.0,37371.0,35352.0,33246.0,30923.0,28954.0,27387.0
전국 - 유아 천명당 보육시설수＜br＞(A÷B×1000),Statistics,13.0,13.9,14.3,15.1,15.8,16.0,15.5,15.3,15.7,16.2,16.4,16.7,17.1,17.3,17.4,17.3
전국 - 주민등록인구(0~5세)＜br＞(B),Statistics,2736537.0,2734976.0,2777209.0,2816103.0,2769255.0,2741835.0,2739901.0,2680088.0,2568516.0,2415349.0,2285605.0,2121390.0,1943208.0,1791788.0,1668293.0,1581764.0
전라남도 - 보육시설＜br＞(A),Statistics,1114.0,1135.0,1161.0,1188.0,1222.0,1242.0,1238.0,1251.0,1241.0,1205.0,1147.0,1084.0,1051.0,999.0,952.0,911.0
전라남도 - 유아 천명당 보육시설수＜br＞(A÷B×1000),Statistics,11.6,11.9,12.1,12.2,12.8,13.2,13.1,13.6,14.3,15.0,15.2,15.4,16.5,17.1,17.5,17.6
전라남도 - 주민등록인구(0~5세)＜br＞(B),Statistics,95844.0,95123.0,96196.0,97468.0,95456.0,94151.0,94460.0,91910.0,87010.0,80516.0,75543.0,70300.0,63771.0,58305.0,54397.0,51737.0
전북특별자치도 - 보육시설＜br＞(A),Statistics,1506.0,1531.0,1580.0,1620.0,1647.0,1654.0,1623.0,1562.0,1497.0,1397.0,1288.0,1195.0,1115.0,1024.0,944.0,902.0
전북특별자치도 - 유아 천명당 보육시설수＜br＞(A÷B×1000),Statistics,15.6,15.9,16.2,16.5,17.2,17.5,17.4,17.4,17.7,17.9,17.9,18.1,18.8,19.1,19.2,19.6
전북특별자치도 - 주민등록인구(0~5세)＜br＞(B),Statistics,96787.0,96178.0,97233.0,98167.0,96006.0,94369.0,93151.0,89923.0,84546.0,77965.0,72052.0,65896.0,59169.0,53699.0,49227.0,46097.0
전주시 - 보육시설＜br＞(A),Statistics,678.0,686.0,695.0,710.0,728.0,740.0,719.0,680.0,649.0,596.0,545.0,509.0,470.0,425.0,386.0,362.0
전주시 - 유아 천명당 보육시설수＜br＞(A÷B×1000),Statistics,18.8,19.2,19.2,19.4,20.2,20.7,20.3,19.7,19.8,19.2,18.4,18.2,18.5,18.4,18.6,18.9
전주시 - 주민등록인구(0~5세)＜br＞(B),Statistics,36141.0,35816.0,36266.0,36600.0,36062.0,35764.0,35388.0,34479.0,32719.0,31034.0,29659.0,27942.0,25472.0,23097.0,20794.0,19156.0
정선군 - 보육시설＜br＞(A),Statistics,10.0,10.0,10.0,12.0,12.0,13.0,13.0,13.0,13.0,13.0,13.0,13.0,14.0,13.0,13.0,13.0
정선군 - 유아 천명당 보육시설수＜br＞(A÷B×1000),Statistics,6.2,6.2,6.5,7.5,7.8,8.9,9.4,10.2,11.1,12.7,13.4,15.0,17.1,17.4,18.9,21.2
정선군 - 주민등록인구(0~5세)＜br＞(B),Statistics,1604.0,1618.0,1538.0,1591.0,1539.0,1467.0,1380.0,1277.0,1171.0,1020.0,967.0,867.0,819.0,747.0,687.0,614.0
정읍시 - 보육시설＜br＞(A),Statistics,107.0,107.0,104.0,105.0,100.0,96.0,89.0,80.0,78.0,75.0,68.0,60.0,58.0,53.0,49.0,47.0
정읍시 - 유아 천명당 보육시설수＜br＞(A÷B×1000),Statistics,19.4,19.7,19.8,19.9,20.0,19.8,18.8,17.7,18.6,19.5,19.1,18.9,20.5,20.5,20.3,21.0
정읍시 - 주민등록인구(0~5세)＜br＞(B),Statistics,5508.0,5420.0,5245.0,5267.0,4995.0,4839.0,4729.0,4520.0,4192.0,3848.0,3566.0,3169.0,2830.0,2584.0,2413.0,2243.0
제주시 - 보육시설＜br＞(A),Statistics,373.0,394.0,417.0,445.0,468.0,465.0,445.0,420.0,406.0,391.0,378.0,365.0,354.0,333.0,310.0,292.0
제주시 - 유아 천명당 보육시설수＜br＞(A÷B×1000),Statistics,14.3,15.1,15.7,16.3,17.0,16.5,15.5,14.7,14.6,14.6,14.7,15.2,15.9,16.2,16.2,16.6
제주시 - 주민등록인구(0~5세)＜br＞(B),Statistics,26129.0,26138.0,26609.0,27316.0,27496.0,28158.0,28623.0,28585.0,27895.0,26863.0,25661.0,24040.0,22290.0,20608.0,19090.0,17628.0
제주특별자치도 - 보육시설＜br＞(A),Statistics,502.0,525.0,552.0,584.0,604.0,599.0,574.0,543.0,527.0,513.0,504.0,489.0,476.0,451.0,423.0,399.0
제주특별자치도 - 유아 천명당 보육시설수＜br＞(A÷B×1000),Statistics,14.5,15.2,15.9,16.5,17.1,16.7,15.6,14.6,14.4,14.6,15.0,15.5,16.2,16.6,16.9,17.3
제주특별자치도 - 주민등록인구(0~5세)＜br＞(B),Statistics,34643.0,34496.0,34791.0,35433.0,35380.0,35968.0,36800.0,37120.0,36646.0,35190.0,33710.0,31618.0,29363.0,27196.0,25022.0,23121.0
제천시 - 보육시설＜br＞(A),Statistics,60.0,62.0,66.0,66.0,68.0,68.0,69.0,69.0,71.0,70.0,69.0,64.0,61.0,59.0,54.0,52.0
제천시 - 유아 천명당 보육시설수＜br＞(A÷B×1000),Statistics,9.6,9.8,10.2,10.2,10.7,10.9,11.3,11.6,12.5,13.0,13.7,13.9,14.5,15.8,15.4,16.1
제천시 - 주민등록인구(0~5세)＜br＞(B),Statistics,6249.0,6345.0,6458.0,6459.0,6333.0,6230.0,6088.0,5946.0,5688.0,5380.0,5041.0,4591.0,4201.0,3730.0,3503.0,3227.0
종로구 - 보육시설＜br＞(A),Statistics,71.0,72.0,69.0,71.0,75.0,77.0,79.0,81.0,75.0,78.0,77.0,74.0,74.0,71.0,66.0,66.0
종로구 - 유아 천명당 보육시설수＜br＞(A÷B×1000),Statistics,11.0,11.6,11.3,11.9,13.5,14.5,14.9,15.8,14.5,16.5,17.4,18.9,21.3,22.6,22.8,23.7
종로구 - 주민등록인구(0~5세)＜br＞(B),Statistics,6451.0,6217.0,6115.0,5971.0,5570.0,5318.0,5317.0,5133.0,5157.0,4738.0,4417.0,3923.0,3481.0,3148.0,2894.0,2783.0
중구 - 보육시설＜br＞(A),Statistics,50.0,52.0,52.0,57.0,65.0,65.0,66.0,67.0,67.0,69.0,69.0,67.0,65.0,64.0,66.0,65.0
중구 - 유아 천명당 보육시설수＜br＞(A÷B×1000),Statistics,8.7,9.2,8.9,9.4,11.5,12.2,12.9,13.2,13.4,14.7,15.5,16.7,18.0,18.9,20.6,21.1
중구 - 주민등록인구(0~5세)＜br＞(B),Statistics,5743.0,5677.0,5874.0,6076.0,5644.0,5349.0,5133.0,5085.0,5001.0,4681.0,4459.0,4010.0,3618.0,3394.0,3211.0,3081.0
중랑구 - 보육시설＜br＞(A),Statistics,245.0,256.0,264.0,273.0,274.0,276.0,262.0,260.0,252.0,241.0,230.0,220.0,204.0,191.0,176.0,164.0
중랑구 - 유아 천명당 보육시설수＜br＞(A÷B×1000),Statistics,12.3,13.2,13.7,14.2,14.6,14.5,14.0,14.4,14.7,15.5,16.2,16.8,17.3,17.1,16.9,16.9
중랑구 - 주민등록인구(0~5세)＜br＞(B),Statistics,19912.0,19392.0,19309.0,19160.0,18753.0,19059.0,18660.0,18040.0,17108.0,15522.0,14221.0,13090.0,11781.0,11164.0,10429.0,9721.0
증평군 - 보육시설＜br＞(A),Statistics,19.0,19.0,20.0,20.0,21.0,21.0,22.0,24.0,24.0,24.0,24.0,24.0,24.0,25.0,25.0,22.0
증평군 - 유아 천명당 보육시설수＜br＞(A÷B×1000),Statistics,8.8,8.7,8.9,8.5,9.0,9.1,8.8,9.8,10.0,11.1,12.0,13.7,15.4,17.7,18.7,17.8
증평군 - 주민등록인구(0~5세)＜br＞(B),Statistics,2157.0,2182.0,2242.0,2365.0,2334.0,2302.0,2503.0,2459.0,2410.0,2167.0,2008.0,1758.0,1555.0,1410.0,1334.0,1239.0
진도군 - 보육시설＜br＞(A),Statistics,10.0,11.0,11.0,11.0,11.0,11.0,12.0,12.0,13.0,13.0,12.0,12.0,12.0,11.0,11.0,11.0
진도군 - 유아 천명당 보육시설수＜br＞(A÷B×1000),Statistics,7.5,8.2,8.0,7.8,8.3,8.4,9.5,10.0,11.3,12.5,12.1,13.2,14.7,14.6,16.4,17.3
진도군 - 주민등록인구(0~5세)＜br＞(B),Statistics,1330.0,1344.0,1382.0,1415.0,1323.0,1312.0,1267.0,1205.0,1152.0,1039.0,990.0,912.0,818.0,752.0,672.0,635.0
진안군 - 보육시설＜br＞(A),Statistics,8.0,8.0,8.0,8.0,8.0,8.0,8.0,8.0,8.0,7.0,6.0,6.0,6.0,6.0,6.0,6.0
진안군 - 유아 천명당 보육시설수＜br＞(A÷B×1000),Statistics,6.1,5.9,5.6,6.0,6.4,6.9,7.3,8.0,8.5,8.1,7.5,8.3,8.9,10.5,10.7,11.5
진안군 - 주민등록인구(0~5세)＜br＞(B),Statistics,1306.0,1349.0,1421.0,1326.0,1246.0,1155.0,1102.0,1000.0,941.0,865.0,801.0,727.0,672.0,574.0,559.0,522.0
진주시 - 보육시설＜br＞(A),Statistics,259.0,309.0,324.0,349.0,356.0,358.0,332.0,311.0,299.0,284.0,265.0,251.0,241.0,217.0,192.0,172.0
진주시 - 유아 천명당 보육시설수＜br＞(A÷B×1000),Statistics,15.0,17.9,18.3,19.6,20.6,20.2,18.1,17.1,17.2,17.2,16.7,17.0,17.9,17.6,16.8,16.0
진주시 - 주민등록인구(0~5세)＜br＞(B),Statistics,17229.0,17288.0,17664.0,17779.0,17280.0,17707.0,18347.0,18170.0,17341.0,16502.0,15879.0,14736.0,13457.0,12325.0,11434.0,10782.0
진천군 - 보육시설＜br＞(A),Statistics,39.0,42.0,41.0,44.0,44.0,48.0,51.0,47.0,51.0,57.0,61.0,59.0,56.0,55.0,50.0,50.0
진천군 - 유아 천명당 보육시설수＜br＞(A÷B×1000),Statistics,10.6,11.8,11.1,11.9,12.1,13.5,13.2,12.0,12.6,13.3,14.0,13.9,14.3,15.2,15.1,15.3
진천군 - 주민등록인구(0~5세)＜br＞(B),Statistics,3672.0,3571.0,3678.0,3693.0,3635.0,3550.0,3877.0,3915.0,4047.0,4293.0,4348.0,4256.0,3903.0,3628.0,3315.0,3260.0
창녕군 - 보육시설＜br＞(A),Statistics,21.0,23.0,23.0,25.0,25.0,25.0,25.0,24.0,26.0,25.0,23.0,22.0,21.0,19.0,19.0,19.0
창녕군 - 유아 천명당 보육시설수＜br＞(A÷B×1000),Statistics,10.3,11.3,10.3,10.7,10.5,10.8,10.8,10.5,11.5,11.7,11.4,12.8,14.2,15.0,17.7,20.2
창녕군 - 주민등록인구(0~5세)＜br＞(B),Statistics,2045.0,2034.0,2240.0,2337.0,2370.0,2325.0,2305.0,2291.0,2268.0,2145.0,2013.0,1724.0,1482.0,1270.0,1072.0,941.0
창원시 - 보육시설＜br＞(A),Statistics,,1008.0,1075.0,1087.0,1094.0,1069.0,1044.0,1022.0,998.0,951.0,894.0,820.0,759.0,691.0,622.0,560.0
창원시 - 유아 천명당 보육시설수＜br＞(A÷B×1000),Statistics,,16.4,17.0,16.9,17.7,17.8,17.6,17.7,18.2,18.6,18.8,18.7,19.0,19.3,19.2,18.6
창원시 - 주민등록인구(0~5세)＜br＞(B),Statistics,,61558.0,63066.0,64446.0,61889.0,60162.0,59413.0,57602.0,54712.0,51240.0,47641.0,43807.0,39850.0,35803.0,32369.0,30113.0
천안시 - 보육시설＜br＞(A),Statistics,488.0,558.0,599.0,708.0,753.0,740.0,717.0,703.0,701.0,686.0,659.0,630.0,590.0,541.0,501.0,465.0
천안시 - 유아 천명당 보육시설수＜br＞(A÷B×1000),Statistics,13.4,15.0,15.4,17.7,19.1,19.1,18.4,17.9,18.0,18.1,18.2,18.4,18.9,19.3,20.0,19.8
천안시 - 주민등록인구(0~5세)＜br＞(B),Statistics,36457.0,37275.0,38917.0,40085.0,39470.0,38764.0,39067.0,39381.0,38838.0,37999.0,36157.0,34217.0,31164.0,27971.0,25045.0,23484.0
철원군 - 보육시설＜br＞(A),Statistics,26.0,26.0,26.0,27.0,28.0,28.0,28.0,28.0,28.0,27.0,24.0,24.0,24.0,24.0,22.0,22.0
철원군 - 유아 천명당 보육시설수＜br＞(A÷B×1000),Statistics,9.6,9.7,10.0,10.4,11.1,11.5,12.0,12.5,13.1,13.3,11.6,12.1,13.1,13.9,14.6,16.2
철원군 - 주민등록인구(0~5세)＜br＞(B),Statistics,2698.0,2692.0,2605.0,2598.0,2512.0,2434.0,2334.0,2235.0,2138.0,2030.0,2066.0,1987.0,1839.0,1725.0,1502.0,1361.0
청도군 - 보육시설＜br＞(A),Statistics,15.0,16.0,16.0,16.0,17.0,16.0,14.0,12.0,12.0,11.0,10.0,10.0,11.0,10.0,9.0,9.0
청도군 - 유아 천명당 보육시설수＜br＞(A÷B×1000),Statistics,12.3,13.6,13.3,13.6,15.3,14.7,12.9,11.6,12.3,12.2,11.4,12.3,15.2,14.7,13.6,15.1
청도군 - 주민등록인구(0~5세)＜br＞(B),Statistics,1224.0,1176.0,1206.0,1177.0,1113.0,1088.0,1083.0,1031.0,975.0,898.0,874.0,813.0,724.0,682.0,664.0,596.0
청송군 - 보육시설＜br＞(A),Statistics,9.0,10.0,10.0,10.0,10.0,10.0,10.0,10.0,10.0,10.0,9.0,9.0,9.0,9.0,9.0,8.0
청송군 - 유아 천명당 보육시설수＜br＞(A÷B×1000),Statistics,10.8,12.9,13.1,13.1,13.4,13.6,13.2,13.3,13.5,15.2,15.1,16.9,18.3,19.1,19.4,18.1
청송군 - 주민등록인구(0~5세)＜br＞(B),Statistics,833.0,775.0,764.0,764.0,746.0,738.0,758.0,754.0,740.0,660.0,595.0,531.0,493.0,471.0,463.0,442.0
청양군 - 보육시설＜br＞(A),Statistics,18.0,17.0,17.0,19.0,17.0,16.0,17.0,15.0,15.0,15.0,14.0,14.0,14.0,13.0,12.0,10.0
청양군 - 유아 천명당 보육시설수＜br＞(A÷B×1000),Statistics,15.7,15.4,15.8,17.6,15.3,14.8,15.9,15.2,16.9,19.0,20.1,21.9,23.8,24.0,24.5,22.3
청양군 - 주민등록인구(0~5세)＜br＞(B),Statistics,1148.0,1103.0,1078.0,1081.0,1108.0,1078.0,1070.0,990.0,889.0,788.0,696.0,639.0,588.0,541.0,490.0,449.0
청주시 - 보육시설＜br＞(A),Statistics,,,,,,821.0,815.0,793.0,771.0,729.0,710.0,686.0,661.0,603.0,578.0,550.0
청주시 - 유아 천명당 보육시설수＜br＞(A÷B×1000),Statistics,,,,,,15.8,15.9,15.8,16.1,16.2,16.7,17.0,17.6,17.5,17.7,17.7
청주시 - 주민등록인구(0~5세)＜br＞(B),Statistics,,,,,,51863.0,51197.0,50106.0,47795.0,45093.0,42544.0,40246.0,37477.0,34482.0,32599.0,31110.0
춘천시 - 보육시설＜br＞(A),Statistics,166.0,217.0,218.0,266.0,278.0,275.0,263.0,249.0,241.0,233.0,225.0,215.0,207.0,198.0,180.0,170.0
춘천시 - 유아 천명당 보육시설수＜br＞(A÷B×1000),Statistics,12.0,15.6,15.4,18.6,19.7,19.5,18.6,17.9,18.3,18.7,18.8,18.6,19.0,19.0,18.3,17.9
춘천시 - 주민등록인구(0~5세)＜br＞(B),Statistics,13847.0,13924.0,14152.0,14278.0,14111.0,14082.0,14171.0,13896.0,13178.0,12437.0,11999.0,11534.0,10911.0,10400.0,9849.0,9475.0
충남 당진군 - 보육시설＜br＞(A),Statistics,81.0,101.0,126.0,,,,,,,,,,,,,
충남 당진군 - 유아 천명당 보육시설수＜br＞(A÷B×1000),Statistics,9.9,11.2,12.6,,,,,,,,,,,,,
충남 당진군 - 주민등록인구(0~5세)＜br＞(B),Statistics,8185.0,9040.0,9990.0,,,,,,,,,,,,,
충남 연기군 - 보육시설＜br＞(A),Statistics,51.0,57.0,67.0,,,,,,,,,,,,,
충남 연기군 - 유아 천명당 보육시설수＜br＞(A÷B×1000),Statistics,11.2,12.2,14.1,,,,,,,,,,,,,
충남 연기군 - 주민등록인구(0~5세)＜br＞(B),Statistics,4538.0,4689.0,4767.0,,,,,,,,,,,,,
충북 청원군 - 보육시설＜br＞(A),Statistics,93.0,109.0,116.0,127.0,129.0,,,,,,,,,,,
충북 청원군 - 유아 천명당 보육시설수＜br＞(A÷B×1000),Statistics,9.1,10.4,10.3,11.2,11.6,,,,,,,,,,,
충북 청원군 - 주민등록인구(0~5세)＜br＞(B),Statistics,10213.0,10457.0,11313.0,11294.0,11098.0,,,,,,,,,,,
충북 청주시 - 보육시설＜br＞(A),Statistics,580.0,626.0,631.0,656.0,683.0,,,,,,,,,,,
충북 청주시 - 유아 천명당 보육시설수＜br＞(A÷B×1000),Statistics,14.6,15.5,15.4,15.7,16.4,,,,,,,,,,,
충북 청주시 - 주민등록인구(0~5세)＜br＞(B),Statistics,39711.0,40354.0,41089.0,41867.0,41594.0,,,,,,,,,,,
충주시 - 보육시설＜br＞(A),Statistics,125.0,127.0,128.0,127.0,128.0,128.0,129.0,131.0,129.0,132.0,131.0,120.0,114.0,109.0,100.0,94.0
충주시 - 유아 천명당 보육시설수＜br＞(A÷B×1000),Statistics,12.4,12.5,12.6,12.6,13.2,13.4,13.6,14.2,14.6,15.3,15.8,15.4,15.8,16.6,16.3,16.3
충주시 - 주민등록인구(0~5세)＜br＞(B),Statistics,10110.0,10132.0,10196.0,10104.0,9680.0,9586.0,9498.0,9227.0,8841.0,8639.0,8285.0,7816.0,7200.0,6557.0,6146.0,5783.0
충청남도 - 보육시설＜br＞(A),Statistics,1470.0,1687.0,1857.0,1991.0,2083.0,2053.0,1988.0,1974.0,1955.0,1916.0,1812.0,1717.0,1625.0,1516.0,1421.0,1338.0
충청남도 - 유아 천명당 보육시설수＜br＞(A÷B×1000),Statistics,12.5,14.1,15.1,16.6,17.5,17.5,16.9,17.0,17.4,18.1,18.2,18.6,19.3,19.6,19.8,19.8
충청남도 - 주민등록인구(0~5세)＜br＞(B),Statistics,117882.0,119513.0,123274.0,120211.0,118938.0,117484.0,117546.0,115819.0,112339.0,106134.0,99617.0,92278.0,84101.0,77210.0,71639.0,67560.0
충청북도 - 보육시설＜br＞(A),Statistics,1037.0,1112.0,1133.0,1179.0,1212.0,1229.0,1230.0,1208.0,1186.0,1157.0,1130.0,1082.0,1042.0,972.0,921.0,877.0
충청북도 - 유아 천명당 보육시설수＜br＞(A÷B×1000),Statistics,12.2,13.0,13.0,13.4,14.0,14.4,14.5,14.6,15.0,15.4,15.9,16.3,17.1,17.4,17.6,17.7
충청북도 - 주민등록인구(0~5세)＜br＞(B),Statistics,84846.0,85391.0,87291.0,88139.0,86592.0,85340.0,84670.0,82861.0,79261.0,75035.0,70938.0,66339.0,61100.0,55804.0,52270.0,49506.0
칠곡군 - 보육시설＜br＞(A),Statistics,141.0,145.0,144.0,142.0,140.0,138.0,134.0,127.0,125.0,120.0,113.0,104.0,94.0,86.0,74.0,64.0
칠곡군 - 유아 천명당 보육시설수＜br＞(A÷B×1000),Statistics,16.5,17.1,17.3,17.3,17.4,17.3,16.5,16.0,17.5,18.8,20.0,21.1,22.2,24.4,24.7,26.3
칠곡군 - 주민등록인구(0~5세)＜br＞(B),Statistics,8520.0,8475.0,8327.0,8221.0,8055.0,7969.0,8131.0,7928.0,7162.0,6389.0,5661.0,4923.0,4225.0,3529.0,2998.0,2433.0
태백시 - 보육시설＜br＞(A),Statistics,22.0,21.0,21.0,24.0,25.0,25.0,26.0,27.0,26.0,24.0,23.0,22.0,20.0,20.0,18.0,18.0
태백시 - 유아 천명당 보육시설수＜br＞(A÷B×1000),Statistics,8.1,7.8,8.0,9.2,10.4,11.0,12.1,13.7,14.6,15.2,16.1,17.6,18.5,20.8,20.7,23.2
태백시 - 주민등록인구(0~5세)＜br＞(B),Statistics,2709.0,2676.0,2638.0,2601.0,2398.0,2280.0,2145.0,1972.0,1780.0,1583.0,1430.0,1251.0,1083.0,960.0,869.0,777.0
태안군 - 보육시설＜br＞(A),Statistics,20.0,21.0,22.0,27.0,25.0,26.0,27.0,26.0,24.0,26.0,24.0,24.0,25.0,23.0,21.0,21.0
태안군 - 유아 천명당 보육시설수＜br＞(A÷B×1000),Statistics,7.7,8.2,8.7,11.0,10.6,11.4,11.8,11.7,11.7,13.9,13.9,15.2,17.8,18.5,18.6,20.6
태안군 - 주민등록인구(0~5세)＜br＞(B),Statistics,2588.0,2554.0,2521.0,2454.0,2359.0,2273.0,2280.0,2230.0,2051.0,1875.0,1724.0,1584.0,1407.0,1241.0,1129.0,1021.0
통영시 - 보육시설＜br＞(A),Statistics,77.0,99.0,102.0,113.0,117.0,118.0,120.0,118.0,113.0,108.0,93.0,81.0,69.0,59.0,51.0,49.0
통영시 - 유아 천명당 보육시설수＜br＞(A÷B×1000),Statistics,9.4,11.5,11.4,12.5,13.4,13.7,14.3,15.1,16.2,17.8,17.4,17.9,18.2,18.3,18.4,20.6
통영시 - 주민등록인구(0~5세)＜br＞(B),Statistics,8166.0,8642.0,8938.0,9033.0,8747.0,8600.0,8389.0,7827.0,6967.0,6056.0,5335.0,4518.0,3795.0,3218.0,2767.0,2382.0
파주시 - 보육시설＜br＞(A),Statistics,418.0,471.0,511.0,533.0,537.0,529.0,511.0,493.0,481.0,467.0,438.0,408.0,392.0,373.0,354.0,345.0
파주시 - 유아 천명당 보육시설수＜br＞(A÷B×1000),Statistics,19.2,19.3,19.2,18.9,19.3,18.9,17.9,17.7,17.9,17.7,17.7,17.3,17.6,17.2,17.7,17.3
파주시 - 주민등록인구(0~5세)＜br＞(B),Statistics,21780.0,24357.0,26658.0,28238.0,27789.0,27964.0,28513.0,27930.0,26920.0,26381.0,24696.0,23559.0,22303.0,21648.0,19981.0,19948.0
평창군 - 보육시설＜br＞(A),Statistics,14.0,15.0,17.0,19.0,19.0,19.0,17.0,17.0,17.0,17.0,17.0,16.0,14.0,13.0,12.0,11.0
평창군 - 유아 천명당 보육시설수＜br＞(A÷B×1000),Statistics,7.8,8.7,9.9,11.2,11.6,12.5,12.0,12.7,13.4,15.0,16.4,16.9,16.7,16.6,17.5,16.8
평창군 - 주민등록인구(0~5세)＜br＞(B),Statistics,1790.0,1731.0,1713.0,1704.0,1634.0,1523.0,1420.0,1342.0,1264.0,1137.0,1037.0,944.0,840.0,783.0,684.0,656.0
평택시 - 보육시설＜br＞(A),Statistics,334.0,359.0,377.0,406.0,425.0,431.0,427.0,419.0,420.0,413.0,422.0,419.0,414.0,398.0,396.0,378.0
평택시 - 유아 천명당 보육시설수＜br＞(A÷B×1000),Statistics,12.4,13.6,13.9,14.6,15.2,15.4,15.1,14.9,15.3,15.4,15.7,15.5,15.3,15.0,15.4,15.0
평택시 - 주민등록인구(0~5세)＜br＞(B),Statistics,26870.0,26443.0,27186.0,27896.0,27931.0,27939.0,28314.0,28143.0,27516.0,26756.0,26874.0,27105.0,27142.0,26480.0,25781.0,25245.0
포천시 - 보육시설＜br＞(A),Statistics,146.0,147.0,152.0,161.0,160.0,151.0,143.0,129.0,123.0,110.0,104.0,94.0,92.0,90.0,82.0,72.0
포천시 - 유아 천명당 보육시설수＜br＞(A÷B×1000),Statistics,17.8,18.7,19.6,21.2,22.1,21.4,20.9,19.4,19.7,19.9,20.7,20.6,21.7,23.2,24.0,23.2
포천시 - 주민등록인구(0~5세)＜br＞(B),Statistics,8212.0,7877.0,7752.0,7577.0,7234.0,7049.0,6829.0,6641.0,6237.0,5541.0,5027.0,4574.0,4248.0,3886.0,3410.0,3109.0
포항시 - 보육시설＜br＞(A),Statistics,429.0,523.0,606.0,639.0,611.0,567.0,513.0,504.0,483.0,453.0,414.0,377.0,345.0,300.0,259.0,246.0
포항시 - 유아 천명당 보육시설수＜br＞(A÷B×1000),Statistics,16.6,19.8,22.4,23.0,21.9,20.2,18.1,18.3,18.4,18.6,18.4,18.3,18.7,18.1,17.0,16.9
포항시 - 주민등록인구(0~5세)＜br＞(B),Statistics,25882.0,26379.0,27045.0,27778.0,27952.0,28097.0,28289.0,27594.0,26195.0,24331.0,22536.0,20657.0,18477.0,16588.0,15269.0,14585.0
하남시 - 보육시설＜br＞(A),Statistics,129.0,139.0,147.0,162.0,163.0,163.0,172.0,197.0,210.0,226.0,239.0,243.0,251.0,240.0,232.0,222.0
하남시 - 유아 천명당 보육시설수＜br＞(A÷B×1000),Statistics,14.9,16.5,17.6,19.9,21.2,20.4,17.1,13.7,13.4,13.6,14.1,14.5,14.2,14.4,15.0,15.7
하남시 - 주민등록인구(0~5세)＜br＞(B),Statistics,8686.0,8440.0,8355.0,8145.0,7703.0,7997.0,10032.0,14406.0,15710.0,16674.0,16971.0,16801.0,17670.0,16642.0,15455.0,14171.0
하동군 - 보육시설＜br＞(A),Statistics,21.0,21.0,20.0,20.0,20.0,17.0,16.0,17.0,16.0,15.0,15.0,13.0,13.0,12.0,11.0,11.0
하동군 - 유아 천명당 보육시설수＜br＞(A÷B×1000),Statistics,11.2,11.6,10.4,11.5,12.4,11.4,10.6,12.0,12.3,12.6,13.1,13.4,15.3,16.0,16.2,18.3
하동군 - 주민등록인구(0~5세)＜br＞(B),Statistics,1883.0,1809.0,1921.0,1743.0,1613.0,1494.0,1506.0,1417.0,1306.0,1194.0,1142.0,972.0,848.0,751.0,681.0,600.0
함안군 - 보육시설＜br＞(A),Statistics,56.0,57.0,57.0,58.0,64.0,66.0,67.0,63.0,57.0,57.0,49.0,42.0,41.0,37.0,36.0,31.0
함안군 - 유아 천명당 보육시설수＜br＞(A÷B×1000),Statistics,14.8,14.9,15.4,15.9,18.0,18.8,19.2,19.2,18.8,21.7,21.0,21.3,25.2,26.3,28.9,30.2
함안군 - 주민등록인구(0~5세)＜br＞(B),Statistics,3783.0,3831.0,3698.0,3641.0,3555.0,3512.0,3489.0,3289.0,3027.0,2622.0,2331.0,1974.0,1630.0,1405.0,1244.0,1026.0
함양군 - 보육시설＜br＞(A),Statistics,15.0,16.0,17.0,17.0,17.0,17.0,16.0,15.0,16.0,15.0,12.0,12.0,11.0,10.0,10.0,9.0
함양군 - 유아 천명당 보육시설수＜br＞(A÷B×1000),Statistics,9.1,9.5,10.3,10.9,11.3,11.9,11.4,11.8,13.4,13.3,11.9,13.3,13.8,14.0,15.9,15.9
함양군 - 주민등록인구(0~5세)＜br＞(B),Statistics,1653.0,1683.0,1651.0,1564.0,1498.0,1429.0,1401.0,1274.0,1198.0,1126.0,1007.0,901.0,799.0,716.0,630.0,566.0
함평군 - 보육시설＜br＞(A),Statistics,13.0,13.0,13.0,13.0,13.0,13.0,13.0,13.0,13.0,13.0,12.0,12.0,12.0,12.0,11.0,11.0
함평군 - 유아 천명당 보육시설수＜br＞(A÷B×1000),Statistics,9.2,9.8,9.9,9.5,9.8,10.0,10.4,11.0,11.9,14.0,14.9,16.4,18.7,21.1,20.4,21.2
함평군 - 주민등록인구(0~5세)＜br＞(B),Statistics,1406.0,1320.0,1313.0,1368.0,1322.0,1305.0,1255.0,1186.0,1093.0,930.0,806.0,731.0,642.0,570.0,540.0,518.0
합천군 - 보육시설＜br＞(A),Statistics,13.0,15.0,14.0,14.0,14.0,13.0,13.0,13.0,12.0,12.0,10.0,9.0,10.0,10.0,9.0,9.0
합천군 - 유아 천명당 보육시설수＜br＞(A÷B×1000),Statistics,7.0,9.0,8.5,8.6,9.2,8.9,9.7,10.5,10.9,12.1,11.2,11.4,13.8,15.1,15.0,16.4
합천군 - 주민등록인구(0~5세)＜br＞(B),Statistics,1845.0,1675.0,1642.0,1621.0,1521.0,1464.0,1337.0,1240.0,1104.0,988.0,893.0,789.0,725.0,664.0,602.0,550.0
해남군 - 보육시설＜br＞(A),Statistics,33.0,33.0,34.0,32.0,32.0,32.0,31.0,29.0,27.0,24.0,22.0,23.0,23.0,22.0,22.0,20.0
해남군 - 유아 천명당 보육시설수＜br＞(A÷B×1000),Statistics,10.1,10.4,10.8,9.1,8.9,8.8,8.3,8.2,8.3,8.4,8.4,10.0,11.6,12.6,13.9,14.2
해남군 - 주민등록인구(0~5세)＜br＞(B),Statistics,3274.0,3163.0,3156.0,3499.0,3607.0,3651.0,3718.0,3530.0,3235.0,2868.0,2626.0,2306.0,1988.0,1743.0,1586.0,1409.0
해운대구 - 보육시설＜br＞(A),Statistics,247.0,249.0,247.0,246.0,248.0,250.0,242.0,228.0,224.0,220.0,208.0,205.0,185.0,179.0,169.0,151.0
해운대구 - 유아 천명당 보육시설수＜br＞(A÷B×1000),Statistics,11.8,12.1,11.9,11.6,12.1,12.4,12.0,11.7,12.5,13.2,13.3,14.1,14.0,15.0,15.6,14.9
해운대구 - 주민등록인구(0~5세)＜br＞(B),Statistics,20943.0,20533.0,20808.0,21214.0,20461.0,20195.0,20182.0,19450.0,17859.0,16618.0,15619.0,14532.0,13257.0,11895.0,10844.0,10135.0
홍성군 - 보육시설＜br＞(A),Statistics,39.0,40.0,41.0,43.0,51.0,52.0,57.0,63.0,64.0,64.0,62.0,62.0,60.0,58.0,55.0,52.0
홍성군 - 유아 천명당 보육시설수＜br＞(A÷B×1000),Statistics,9.7,10.2,10.5,11.0,12.7,12.5,12.8,12.6,12.9,13.8,14.2,15.2,15.7,17.0,18.1,17.6
홍성군 - 주민등록인구(0~5세)＜br＞(B),Statistics,4025.0,3914.0,3892.0,3919.0,4014.0,4175.0,4450.0,5003.0,4953.0,4646.0,4351.0,4083.0,3821.0,3407.0,3040.0,2962.0
홍천군 - 보육시설＜br＞(A),Statistics,42.0,44.0,44.0,43.0,43.0,40.0,40.0,42.0,42.0,41.0,42.0,42.0,39.0,38.0,37.0,37.0
홍천군 - 유아 천명당 보육시설수＜br＞(A÷B×1000),Statistics,13.2,14.2,14.4,14.1,14.3,13.9,14.1,15.8,16.6,17.0,19.0,20.1,20.7,21.2,22.1,24.0
홍천군 - 주민등록인구(0~5세)＜br＞(B),Statistics,3184.0,3097.0,3047.0,3045.0,3013.0,2881.0,2844.0,2656.0,2529.0,2417.0,2207.0,2087.0,1881.0,1790.0,1678.0,1544.0
화성시 - 보육시설＜br＞(A),Statistics,562.0,579.0,615.0,661.0,724.0,713.0,748.0,759.0,792.0,834.0,896.0,866.0,815.0,772.0,764.0,723.0
화성시 - 유아 천명당 보육시설수＜br＞(A÷B×1000),Statistics,11.9,12.1,12.6,13.5,15.5,15.8,14.8,14.3,14.4,14.4,15.1,15.2,15.3,15.5,15.6,15.1
화성시 - 주민등록인구(0~5세)＜br＞(B),Statistics,47067.0,47907.0,48666.0,48842.0,46637.0,45218.0,50558.0,53073.0,55020.0,57876.0,59323.0,57152.0,53417.0,49917.0,48969.0,48031.0
화순군 - 보육시설＜br＞(A),Statistics,75.0,75.0,75.0,76.0,73.0,74.0,68.0,67.0,60.0,52.0,44.0,38.0,35.0,33.0,29.0,28.0
화순군 - 유아 천명당 보육시설수＜br＞(A÷B×1000),Statistics,19.8,20.9,21.6,22.5,23.6,25.8,26.0,27.3,26.8,25.9,23.4,21.4,21.9,22.8,21.7,21.4
화순군 - 주민등록인구(0~5세)＜br＞(B),Statistics,3786.0,3593.0,3480.0,3377.0,3094.0,2869.0,2619.0,2454.0,2241.0,2004.0,1883.0,1774.0,1600.0,1448.0,1334.0,1311.0
화천군 - 보육시설＜br＞(A),Statistics,15.0,18.0,18.0,19.0,19.0,19.0,18.0,18.0,18.0,18.0,17.0,18.0,18.0,19.0,16.0,16.0
화천군 - 유아 천명당 보육시설수＜br＞(A÷B×1000),Statistics,10.1,12.7,12.2,12.5,12.6,12.5,12.3,12.8,13.4,14.7,14.7,16.9,18.6,22.1,20.1,21.4
화천군 - 주민등록인구(0~5세)＜br＞(B),Statistics,1488.0,1414.0,1479.0,1518.0,1513.0,1518.0,1468.0,1410.0,1345.0,1226.0,1158.0,1062.0,970.0,859.0,797.0,747.0
횡성군 - 보육시설＜br＞(A),Statistics,19.0,24.0,26.0,27.0,27.0,29.0,26.0,26.0,24.0,24.0,25.0,23.0,22.0,21.0,21.0,21.0
횡성군 - 유아 천명당 보육시설수＜br＞(A÷B×1000),Statistics,10.7,13.7,15.4,16.4,17.3,19.4,17.8,18.7,18.1,18.8,20.3,20.0,19.5,19.8,21.8,23.8
횡성군 - 주민등록인구(0~5세)＜br＞(B),Statistics,1778.0,1750.0,1691.0,1644.0,1561.0,1494.0,1460.0,1392.0,1328.0,1275.0,1229.0,1152.0,1129.0,1058.0,962.0,883.0
