item,category,2006,2007,2008,2009,2010,2011,2012,2013,2014,2015,2016,2017,2018,2019,2020,2021,2022,2023,2024
가평군 - 부상자수,Statistics,53.0,45.0,48.0,81.0,70.0,66.0,65.0,53.0,73.0,78.0,77.0,104.0,102.0,105.0,91.0,105.0,98.0,105.0,98.0
가평군 - 사고건수,Statistics,40.0,44.0,47.0,68.0,57.0,58.0,57.0,50.0,66.0,62.0,73.0,89.0,83.0,93.0,75.0,89.0,80.0,94.0,80.0
가평군 - 사망자수,Statistics,5.0,8.0,4.0,4.0,4.0,6.0,5.0,6.0,7.0,2.0,7.0,9.0,5.0,4.0,3.0,4.0,2.0,8.0,1.0
강남구 - 부상자수,Statistics,91.0,111.0,131.0,172.0,157.0,196.0,254.0,251.0,287.0,274.0,328.0,347.0,372.0,366.0,384.0,384.0,442.0,481.0,494.0
강남구 - 사고건수,Statistics,97.0,112.0,126.0,165.0,157.0,192.0,239.0,251.0,283.0,260.0,303.0,324.0,351.0,352.0,359.0,366.0,414.0,444.0,467.0
강남구 - 사망자수,Statistics,9.0,3.0,1.0,3.0,3.0,2.0,5.0,9.0,6.0,7.0,1.0,4.0,7.0,6.0,4.0,2.0,4.0,2.0,4.0
강동구 - 부상자수,Statistics,66.0,112.0,118.0,148.0,120.0,157.0,179.0,173.0,202.0,208.0,224.0,219.0,259.0,293.0,203.0,190.0,236.0,272.0,254.0
강동구 - 사고건수,Statistics,69.0,110.0,110.0,140.0,118.0,152.0,167.0,168.0,202.0,206.0,217.0,221.0,242.0,286.0,196.0,179.0,218.0,255.0,247.0
강동구 - 사망자수,Statistics,4.0,6.0,2.0,7.0,2.0,7.0,3.0,1.0,8.0,8.0,6.0,11.0,4.0,5.0,3.0,4.0,1.0,,4.0
강릉시 - 부상자수,Statistics,106.0,128.0,144.0,165.0,165.0,177.0,186.0,213.0,233.0,224.0,230.0,249.0,227.0,188.0,177.0,148.0,161.0,198.0,186.0
강릉시 - 사고건수,Statistics,103.0,117.0,135.0,156.0,148.0,164.0,176.0,179.0,202.0,202.0,211.0,225.0,212.0,170.0,154.0,133.0,152.0,184.0,139.0
강릉시 - 사망자수,Statistics,12.0,11.0,7.0,10.0,7.0,8.0,12.0,15.0,7.0,10.0,8.0,11.0,14.0,5.0,4.0,6.0,8.0,9.0,7.0
강북구 - 부상자수,Statistics,110.0,109.0,120.0,134.0,130.0,129.0,138.0,171.0,202.0,228.0,218.0,211.0,249.0,226.0,171.0,186.0,209.0,202.0,220.0
강북구 - 사고건수,Statistics,107.0,105.0,120.0,136.0,128.0,121.0,137.0,174.0,198.0,224.0,216.0,200.0,246.0,217.0,161.0,179.0,210.0,192.0,208.0
강북구 - 사망자수,Statistics,1.0,3.0,2.0,4.0,5.0,2.0,6.0,7.0,8.0,8.0,8.0,2.0,8.0,3.0,,2.0,6.0,2.0,4.0
강서구 - 부상자수,Statistics,112.0,116.0,128.0,156.0,179.0,178.0,182.0,218.0,246.0,261.0,246.0,235.0,223.0,283.0,242.0,238.0,279.0,265.0,302.0
강서구 - 사고건수,Statistics,112.0,119.0,130.0,155.0,173.0,172.0,184.0,212.0,240.0,234.0,240.0,231.0,210.0,276.0,232.0,235.0,264.0,247.0,280.0
강서구 - 사망자수,Statistics,4.0,6.0,6.0,7.0,5.0,3.0,7.0,6.0,11.0,2.0,4.0,6.0,5.0,8.0,9.0,7.0,5.0,3.0,9.0
강원특별자치도 - 부상자수,Statistics,1118.0,1175.0,1322.0,1361.0,1361.0,1385.0,1490.0,1569.0,1698.0,1828.0,1914.0,1898.0,1863.0,1812.0,1596.0,1654.0,1685.0,1687.0,1835.0
강원특별자치도 - 사고건수,Statistics,1004.0,1065.0,1151.0,1236.0,1182.0,1243.0,1326.0,1378.0,1450.0,1611.0,1674.0,1658.0,1612.0,1584.0,1397.0,1451.0,1432.0,1472.0,1544.0
강원특별자치도 - 사망자수,Statistics,93.0,103.0,87.0,97.0,73.0,86.0,103.0,85.0,85.0,89.0,75.0,102.0,94.0,77.0,41.0,59.0,64.0,72.0,70.0
강진군 - 부상자수,Statistics,66.0,72.0,76.0,94.0,89.0,80.0,87.0,81.0,107.0,99.0,135.0,168.0,153.0,177.0,158.0,196.0,130.0,165.0,140.0
강진군 - 사고건수,Statistics,64.0,67.0,62.0,90.0,79.0,80.0,67.0,77.0,75.0,86.0,115.0,130.0,120.0,141.0,134.0,128.0,105.0,118.0,109.0
강진군 - 사망자수,Statistics,8.0,6.0,5.0,7.0,7.0,14.0,5.0,12.0,4.0,5.0,7.0,6.0,6.0,3.0,3.0,6.0,4.0,5.0,6.0
강화군 - 부상자수,Statistics,38.0,47.0,51.0,78.0,52.0,65.0,44.0,41.0,76.0,85.0,56.0,74.0,94.0,76.0,55.0,55.0,62.0,69.0,78.0
강화군 - 사고건수,Statistics,35.0,41.0,42.0,60.0,58.0,54.0,52.0,42.0,65.0,81.0,63.0,63.0,79.0,73.0,55.0,54.0,56.0,60.0,74.0
강화군 - 사망자수,Statistics,4.0,1.0,4.0,5.0,11.0,3.0,10.0,5.0,6.0,3.0,11.0,6.0,4.0,6.0,6.0,6.0,6.0,4.0,5.0
거제시 - 부상자수,Statistics,64.0,85.0,96.0,92.0,89.0,73.0,70.0,92.0,105.0,109.0,100.0,118.0,111.0,147.0,95.0,110.0,120.0,139.0,127.0
거제시 - 사고건수,Statistics,63.0,69.0,79.0,82.0,76.0,66.0,67.0,94.0,96.0,93.0,92.0,107.0,106.0,126.0,91.0,103.0,111.0,124.0,119.0
거제시 - 사망자수,Statistics,8.0,8.0,3.0,5.0,2.0,4.0,3.0,10.0,7.0,2.0,6.0,1.0,4.0,4.0,3.0,3.0,6.0,7.0,2.0
거창군 - 부상자수,Statistics,60.0,67.0,55.0,96.0,83.0,76.0,114.0,84.0,69.0,77.0,93.0,104.0,72.0,93.0,94.0,102.0,104.0,112.0,53.0
거창군 - 사고건수,Statistics,52.0,64.0,63.0,84.0,83.0,74.0,98.0,79.0,70.0,74.0,87.0,98.0,71.0,86.0,94.0,99.0,95.0,103.0,51.0
거창군 - 사망자수,Statistics,6.0,8.0,11.0,8.0,8.0,6.0,7.0,10.0,9.0,4.0,8.0,10.0,6.0,5.0,10.0,6.0,4.0,10.0,1.0
경기 여주군 - 부상자수,Statistics,50.0,77.0,60.0,68.0,88.0,75.0,93.0,,,,,,,,,,,,
경기 여주군 - 사고건수,Statistics,48.0,66.0,56.0,65.0,75.0,66.0,73.0,,,,,,,,,,,,
경기 여주군 - 사망자수,Statistics,8.0,8.0,5.0,5.0,10.0,10.0,7.0,,,,,,,,,,,,
경기도 - 부상자수,Statistics,3090.0,3329.0,3505.0,4117.0,4096.0,4365.0,4658.0,5187.0,6172.0,7034.0,7091.0,7656.0,8307.0,8694.0,7602.0,8116.0,8726.0,9757.0,10144.0
경기도 - 사고건수,Statistics,2921.0,3187.0,3420.0,3899.0,3829.0,4146.0,4430.0,4939.0,5795.0,6544.0,6602.0,7116.0,7607.0,7923.0,7047.0,7412.0,7924.0,8693.0,9039.0
경기도 - 사망자수,Statistics,246.0,295.0,283.0,286.0,260.0,239.0,274.0,276.0,272.0,271.0,249.0,272.0,246.0,222.0,234.0,180.0,186.0,204.0,192.0
경남 마산시 - 부상자수,Statistics,129.0,141.0,204.0,218.0,,,,,,,,,,,,,,,
경남 마산시 - 사고건수,Statistics,140.0,140.0,200.0,200.0,,,,,,,,,,,,,,,
경남 마산시 - 사망자수,Statistics,16.0,11.0,14.0,13.0,,,,,,,,,,,,,,,
경남 진해시 - 부상자수,Statistics,56.0,44.0,75.0,72.0,,,,,,,,,,,,,,,
경남 진해시 - 사고건수,Statistics,53.0,44.0,77.0,67.0,,,,,,,,,,,,,,,
경남 진해시 - 사망자수,Statistics,1.0,1.0,6.0,3.0,,,,,,,,,,,,,,,
경남 창원시 - 부상자수,Statistics,105.0,114.0,114.0,120.0,,,,,,,,,,,,,,,
경남 창원시 - 사고건수,Statistics,103.0,104.0,109.0,115.0,,,,,,,,,,,,,,,
경남 창원시 - 사망자수,Statistics,10.0,7.0,12.0,7.0,,,,,,,,,,,,,,,
경산시 - 부상자수,Statistics,145.0,154.0,145.0,164.0,177.0,150.0,156.0,185.0,239.0,223.0,225.0,211.0,199.0,226.0,213.0,184.0,154.0,182.0,208.0
경산시 - 사고건수,Statistics,140.0,158.0,149.0,167.0,166.0,150.0,151.0,181.0,216.0,219.0,218.0,208.0,193.0,221.0,202.0,178.0,149.0,173.0,188.0
경산시 - 사망자수,Statistics,12.0,19.0,18.0,18.0,15.0,12.0,15.0,10.0,10.0,12.0,8.0,19.0,18.0,10.0,13.0,8.0,7.0,7.0,6.0
경상남도 - 부상자수,Statistics,1510.0,1669.0,1845.0,2046.0,1988.0,2034.0,2204.0,2401.0,2446.0,2614.0,2662.0,2749.0,2689.0,3030.0,2660.0,2659.0,2663.0,3034.0,2867.0
경상남도 - 사고건수,Statistics,1452.0,1562.0,1729.0,1927.0,1858.0,1925.0,2077.0,2247.0,2299.0,2465.0,2490.0,2542.0,2527.0,2789.0,2477.0,2457.0,2468.0,2760.0,2658.0
경상남도 - 사망자수,Statistics,157.0,145.0,164.0,154.0,157.0,164.0,170.0,190.0,167.0,178.0,155.0,144.0,158.0,126.0,112.0,125.0,138.0,126.0,125.0
경상북도 - 부상자수,Statistics,2312.0,2537.0,2492.0,2952.0,2892.0,2658.0,2909.0,3158.0,3384.0,3635.0,3563.0,3702.0,3845.0,4045.0,3296.0,3306.0,3224.0,3310.0,3244.0
경상북도 - 사고건수,Statistics,2241.0,2447.0,2376.0,2755.0,2709.0,2499.0,2714.0,2908.0,3090.0,3359.0,3251.0,3353.0,3488.0,3630.0,3016.0,3030.0,2903.0,2995.0,2939.0
경상북도 - 사망자수,Statistics,245.0,231.0,199.0,249.0,222.0,215.0,219.0,205.0,214.0,209.0,225.0,209.0,202.0,186.0,184.0,175.0,151.0,131.0,151.0
경주시 - 부상자수,Statistics,297.0,280.0,284.0,341.0,373.0,337.0,390.0,432.0,424.0,453.0,400.0,427.0,447.0,563.0,315.0,326.0,335.0,348.0,251.0
경주시 - 사고건수,Statistics,295.0,276.0,273.0,311.0,354.0,321.0,363.0,405.0,397.0,410.0,368.0,398.0,418.0,444.0,296.0,302.0,296.0,333.0,232.0
경주시 - 사망자수,Statistics,33.0,26.0,22.0,43.0,24.0,25.0,31.0,28.0,29.0,24.0,26.0,19.0,25.0,14.0,13.0,16.0,15.0,17.0,24.0
계룡시 - 부상자수,Statistics,8.0,13.0,9.0,8.0,12.0,15.0,6.0,8.0,17.0,14.0,20.0,15.0,24.0,18.0,15.0,11.0,13.0,18.0,16.0
계룡시 - 사고건수,Statistics,8.0,10.0,8.0,8.0,12.0,16.0,5.0,8.0,17.0,14.0,20.0,12.0,24.0,16.0,15.0,11.0,10.0,15.0,11.0
계룡시 - 사망자수,Statistics,,1.0,,2.0,,3.0,,,2.0,2.0,,,1.0,1.0,2.0,2.0,,,
계양구 - 부상자수,Statistics,61.0,80.0,82.0,76.0,93.0,63.0,78.0,93.0,103.0,126.0,103.0,83.0,105.0,117.0,108.0,114.0,73.0,103.0,114.0
계양구 - 사고건수,Statistics,61.0,76.0,82.0,75.0,93.0,62.0,76.0,89.0,106.0,123.0,104.0,82.0,100.0,115.0,107.0,108.0,74.0,99.0,106.0
계양구 - 사망자수,Statistics,4.0,5.0,4.0,3.0,4.0,2.0,4.0,1.0,7.0,6.0,5.0,3.0,4.0,5.0,1.0,2.0,3.0,2.0,5.0
고령군 - 부상자수,Statistics,49.0,54.0,52.0,80.0,77.0,76.0,72.0,72.0,77.0,83.0,69.0,64.0,76.0,59.0,63.0,62.0,62.0,47.0,17.0
고령군 - 사고건수,Statistics,47.0,51.0,51.0,75.0,68.0,69.0,68.0,59.0,71.0,72.0,70.0,64.0,70.0,51.0,49.0,63.0,56.0,40.0,18.0
고령군 - 사망자수,Statistics,4.0,5.0,6.0,6.0,5.0,8.0,8.0,4.0,7.0,7.0,7.0,5.0,3.0,4.0,2.0,7.0,6.0,2.0,3.0
고성군 - 부상자수,Statistics,44.0,31.0,32.0,30.0,50.0,24.0,43.0,52.0,44.0,50.0,39.0,20.0,49.0,31.0,30.0,46.0,32.0,32.0,37.0
고성군 - 사고건수,Statistics,22.0,21.0,28.0,29.0,37.0,22.0,36.0,45.0,37.0,43.0,29.0,23.0,39.0,25.0,28.0,36.0,30.0,26.0,28.0
고성군 - 사망자수,Statistics,10.0,3.0,3.0,1.0,3.0,2.0,6.0,3.0,5.0,4.0,1.0,3.0,5.0,6.0,1.0,2.0,2.0,1.0,3.0
고양시 - 부상자수,Statistics,225.0,246.0,300.0,349.0,277.0,357.0,381.0,401.0,490.0,469.0,457.0,554.0,600.0,652.0,519.0,520.0,605.0,640.0,721.0
고양시 - 사고건수,Statistics,224.0,245.0,296.0,333.0,274.0,345.0,355.0,389.0,443.0,459.0,421.0,513.0,541.0,580.0,490.0,490.0,566.0,585.0,637.0
고양시 - 사망자수,Statistics,13.0,16.0,15.0,19.0,19.0,20.0,11.0,20.0,16.0,28.0,17.0,11.0,14.0,19.0,12.0,17.0,16.0,15.0,16.0
고창군 - 부상자수,Statistics,81.0,75.0,101.0,87.0,98.0,126.0,93.0,92.0,123.0,100.0,64.0,91.0,56.0,90.0,63.0,62.0,31.0,56.0,48.0
고창군 - 사고건수,Statistics,69.0,65.0,86.0,77.0,76.0,84.0,85.0,57.0,95.0,87.0,67.0,67.0,55.0,72.0,53.0,49.0,34.0,53.0,50.0
고창군 - 사망자수,Statistics,14.0,10.0,6.0,7.0,4.0,10.0,9.0,6.0,6.0,10.0,9.0,8.0,15.0,10.0,4.0,7.0,6.0,9.0,7.0
고흥군 - 부상자수,Statistics,83.0,97.0,99.0,114.0,92.0,92.0,115.0,111.0,130.0,151.0,136.0,149.0,140.0,210.0,178.0,159.0,144.0,109.0,70.0
고흥군 - 사고건수,Statistics,70.0,87.0,92.0,98.0,85.0,80.0,105.0,102.0,117.0,134.0,129.0,141.0,121.0,157.0,161.0,138.0,131.0,97.0,71.0
고흥군 - 사망자수,Statistics,11.0,5.0,12.0,10.0,5.0,2.0,9.0,13.0,15.0,8.0,14.0,9.0,7.0,10.0,12.0,9.0,5.0,8.0,8.0
곡성군 - 부상자수,Statistics,25.0,42.0,40.0,67.0,49.0,51.0,50.0,51.0,55.0,64.0,63.0,75.0,69.0,82.0,54.0,47.0,54.0,44.0,44.0
곡성군 - 사고건수,Statistics,26.0,40.0,36.0,58.0,43.0,37.0,49.0,54.0,51.0,54.0,52.0,71.0,60.0,62.0,52.0,36.0,44.0,40.0,42.0
곡성군 - 사망자수,Statistics,3.0,3.0,3.0,2.0,5.0,6.0,8.0,7.0,3.0,2.0,5.0,10.0,1.0,6.0,4.0,3.0,6.0,3.0,4.0
공주시 - 부상자수,Statistics,76.0,97.0,109.0,102.0,111.0,108.0,75.0,70.0,100.0,103.0,174.0,183.0,200.0,177.0,143.0,127.0,129.0,122.0,138.0
공주시 - 사고건수,Statistics,76.0,95.0,98.0,90.0,112.0,108.0,69.0,76.0,88.0,104.0,150.0,156.0,177.0,151.0,139.0,123.0,115.0,115.0,116.0
공주시 - 사망자수,Statistics,20.0,14.0,17.0,11.0,12.0,12.0,7.0,12.0,11.0,6.0,11.0,12.0,10.0,8.0,15.0,9.0,7.0,10.0,15.0
과천시 - 부상자수,Statistics,13.0,8.0,21.0,16.0,27.0,26.0,19.0,23.0,22.0,24.0,21.0,30.0,45.0,29.0,26.0,15.0,42.0,22.0,47.0
과천시 - 사고건수,Statistics,12.0,8.0,15.0,16.0,25.0,23.0,16.0,23.0,20.0,24.0,20.0,29.0,41.0,26.0,28.0,13.0,39.0,22.0,39.0
과천시 - 사망자수,Statistics,,1.0,,1.0,,,,1.0,,1.0,,,1.0,,3.0,,,,1.0
관악구 - 부상자수,Statistics,107.0,117.0,144.0,146.0,159.0,170.0,178.0,199.0,234.0,225.0,170.0,190.0,188.0,202.0,215.0,189.0,199.0,171.0,225.0
관악구 - 사고건수,Statistics,107.0,118.0,143.0,152.0,158.0,169.0,181.0,203.0,231.0,218.0,171.0,184.0,182.0,194.0,209.0,181.0,191.0,158.0,215.0
관악구 - 사망자수,Statistics,4.0,6.0,2.0,6.0,7.0,6.0,9.0,8.0,8.0,5.0,5.0,7.0,3.0,5.0,5.0,2.0,8.0,2.0,6.0
광명시 - 부상자수,Statistics,39.0,55.0,61.0,73.0,92.0,78.0,96.0,102.0,137.0,155.0,133.0,144.0,179.0,195.0,169.0,180.0,176.0,220.0,235.0
광명시 - 사고건수,Statistics,43.0,60.0,61.0,78.0,92.0,79.0,89.0,98.0,133.0,153.0,124.0,130.0,176.0,184.0,158.0,172.0,161.0,204.0,216.0
광명시 - 사망자수,Statistics,4.0,6.0,4.0,6.0,4.0,5.0,1.0,2.0,6.0,3.0,3.0,2.0,3.0,5.0,2.0,4.0,3.0,5.0,2.0
광산구 - 부상자수,Statistics,128.0,136.0,171.0,167.0,153.0,174.0,174.0,229.0,232.0,221.0,193.0,222.0,289.0,259.0,255.0,293.0,294.0,277.0,281.0
광산구 - 사고건수,Statistics,125.0,130.0,137.0,151.0,145.0,153.0,163.0,199.0,204.0,207.0,177.0,214.0,259.0,238.0,242.0,264.0,262.0,256.0,237.0
광산구 - 사망자수,Statistics,12.0,6.0,8.0,15.0,7.0,5.0,7.0,10.0,3.0,11.0,10.0,15.0,16.0,6.0,3.0,5.0,9.0,4.0,2.0
광양시 - 부상자수,Statistics,82.0,77.0,106.0,117.0,119.0,112.0,116.0,151.0,120.0,142.0,154.0,126.0,133.0,157.0,95.0,106.0,117.0,139.0,122.0
광양시 - 사고건수,Statistics,80.0,73.0,86.0,89.0,115.0,119.0,104.0,131.0,117.0,140.0,138.0,115.0,123.0,136.0,83.0,109.0,110.0,122.0,99.0
광양시 - 사망자수,Statistics,4.0,8.0,6.0,8.0,10.0,10.0,7.0,9.0,7.0,10.0,7.0,4.0,6.0,10.0,6.0,8.0,4.0,3.0,5.0
광주광역시 - 부상자수,Statistics,634.0,585.0,768.0,767.0,751.0,762.0,861.0,983.0,1065.0,1049.0,1002.0,1126.0,1245.0,1296.0,1126.0,1145.0,1220.0,1284.0,1355.0
광주광역시 - 사고건수,Statistics,627.0,579.0,719.0,744.0,739.0,721.0,818.0,917.0,987.0,981.0,941.0,1038.0,1137.0,1195.0,1044.0,1047.0,1122.0,1162.0,1195.0
광주광역시 - 사망자수,Statistics,46.0,42.0,40.0,51.0,42.0,36.0,34.0,44.0,35.0,38.0,36.0,48.0,44.0,25.0,19.0,23.0,34.0,18.0,15.0
광주시 - 부상자수,Statistics,63.0,88.0,76.0,108.0,71.0,108.0,109.0,131.0,142.0,154.0,210.0,214.0,264.0,318.0,292.0,369.0,366.0,413.0,403.0
광주시 - 사고건수,Statistics,60.0,90.0,81.0,99.0,72.0,87.0,101.0,129.0,140.0,138.0,203.0,199.0,241.0,284.0,259.0,313.0,339.0,350.0,362.0
광주시 - 사망자수,Statistics,5.0,13.0,10.0,6.0,12.0,8.0,3.0,12.0,7.0,5.0,11.0,9.0,8.0,7.0,10.0,7.0,1.0,7.0,9.0
광진구 - 부상자수,Statistics,67.0,100.0,113.0,111.0,119.0,106.0,143.0,136.0,172.0,171.0,113.0,150.0,131.0,133.0,106.0,113.0,101.0,81.0,119.0
광진구 - 사고건수,Statistics,65.0,102.0,112.0,117.0,117.0,109.0,140.0,130.0,166.0,167.0,113.0,146.0,133.0,128.0,102.0,104.0,97.0,77.0,113.0
광진구 - 사망자수,Statistics,1.0,4.0,5.0,6.0,4.0,7.0,7.0,2.0,3.0,5.0,3.0,3.0,4.0,1.0,2.0,,2.0,1.0,2.0
괴산군 - 부상자수,Statistics,26.0,42.0,43.0,45.0,57.0,78.0,52.0,52.0,50.0,48.0,71.0,81.0,116.0,69.0,82.0,76.0,94.0,65.0,59.0
괴산군 - 사고건수,Statistics,21.0,38.0,36.0,41.0,59.0,53.0,51.0,46.0,49.0,46.0,65.0,64.0,93.0,66.0,70.0,57.0,76.0,57.0,52.0
괴산군 - 사망자수,Statistics,1.0,9.0,3.0,3.0,7.0,5.0,11.0,6.0,3.0,8.0,6.0,6.0,5.0,7.0,5.0,1.0,6.0,5.0,3.0
구례군 - 부상자수,Statistics,55.0,34.0,41.0,58.0,64.0,41.0,51.0,50.0,60.0,58.0,80.0,78.0,54.0,83.0,52.0,51.0,54.0,71.0,49.0
구례군 - 사고건수,Statistics,37.0,35.0,41.0,52.0,65.0,38.0,50.0,45.0,54.0,57.0,68.0,57.0,48.0,67.0,43.0,46.0,50.0,53.0,43.0
구례군 - 사망자수,Statistics,2.0,3.0,5.0,4.0,5.0,4.0,3.0,3.0,4.0,5.0,5.0,2.0,3.0,7.0,5.0,1.0,2.0,3.0,3.0
구로구 - 부상자수,Statistics,81.0,94.0,115.0,145.0,127.0,149.0,169.0,141.0,219.0,222.0,207.0,207.0,249.0,235.0,213.0,216.0,233.0,305.0,294.0
구로구 - 사고건수,Statistics,84.0,92.0,118.0,144.0,127.0,147.0,168.0,145.0,213.0,220.0,207.0,203.0,242.0,230.0,201.0,204.0,224.0,266.0,260.0
구로구 - 사망자수,Statistics,5.0,4.0,7.0,8.0,2.0,6.0,6.0,9.0,6.0,9.0,5.0,6.0,6.0,5.0,1.0,5.0,6.0,1.0,4.0
구리시 - 부상자수,Statistics,30.0,52.0,60.0,46.0,54.0,91.0,84.0,89.0,93.0,93.0,88.0,112.0,100.0,128.0,125.0,118.0,129.0,131.0,173.0
구리시 - 사고건수,Statistics,34.0,48.0,55.0,43.0,54.0,88.0,79.0,87.0,86.0,90.0,81.0,101.0,99.0,115.0,116.0,102.0,112.0,127.0,152.0
구리시 - 사망자수,Statistics,4.0,2.0,2.0,3.0,4.0,5.0,1.0,5.0,1.0,5.0,1.0,4.0,2.0,1.0,4.0,1.0,1.0,4.0,4.0
구미시 - 부상자수,Statistics,157.0,159.0,175.0,198.0,198.0,202.0,192.0,203.0,177.0,229.0,204.0,241.0,257.0,269.0,204.0,245.0,287.0,230.0,258.0
구미시 - 사고건수,Statistics,161.0,148.0,180.0,199.0,189.0,189.0,192.0,181.0,177.0,226.0,196.0,228.0,234.0,249.0,194.0,233.0,256.0,225.0,248.0
구미시 - 사망자수,Statistics,13.0,10.0,17.0,14.0,11.0,10.0,11.0,14.0,19.0,16.0,14.0,9.0,15.0,10.0,9.0,12.0,10.0,9.0,8.0
군산시 - 부상자수,Statistics,158.0,165.0,206.0,221.0,246.0,248.0,292.0,309.0,350.0,373.0,315.0,345.0,271.0,298.0,310.0,333.0,333.0,347.0,323.0
군산시 - 사고건수,Statistics,158.0,150.0,191.0,205.0,234.0,236.0,265.0,286.0,339.0,352.0,284.0,322.0,260.0,282.0,269.0,299.0,318.0,305.0,298.0
군산시 - 사망자수,Statistics,10.0,13.0,14.0,15.0,24.0,16.0,13.0,17.0,22.0,15.0,10.0,16.0,14.0,14.0,14.0,11.0,14.0,10.0,16.0
군위군 - 부상자수,Statistics,45.0,65.0,40.0,60.0,46.0,42.0,37.0,34.0,69.0,61.0,49.0,37.0,47.0,52.0,45.0,58.0,49.0,61.0,61.0
군위군 - 사고건수,Statistics,42.0,55.0,36.0,45.0,45.0,39.0,37.0,36.0,55.0,52.0,51.0,38.0,44.0,52.0,40.0,50.0,38.0,59.0,44.0
군위군 - 사망자수,Statistics,6.0,6.0,3.0,4.0,4.0,4.0,5.0,7.0,5.0,3.0,11.0,5.0,3.0,6.0,1.0,5.0,1.0,7.0,7.0
군포시 - 부상자수,Statistics,48.0,27.0,27.0,40.0,61.0,76.0,59.0,51.0,89.0,101.0,101.0,102.0,109.0,112.0,95.0,102.0,101.0,90.0,107.0
군포시 - 사고건수,Statistics,41.0,35.0,28.0,44.0,57.0,78.0,55.0,53.0,84.0,96.0,102.0,101.0,104.0,101.0,92.0,96.0,94.0,83.0,98.0
군포시 - 사망자수,Statistics,4.0,9.0,2.0,4.0,,6.0,2.0,3.0,3.0,5.0,5.0,3.0,3.0,1.0,3.0,4.0,4.0,3.0,2.0
금산군 - 부상자수,Statistics,57.0,72.0,58.0,85.0,79.0,86.0,134.0,84.0,108.0,82.0,86.0,100.0,78.0,61.0,54.0,50.0,80.0,66.0,98.0
금산군 - 사고건수,Statistics,57.0,58.0,57.0,80.0,70.0,78.0,92.0,68.0,88.0,75.0,83.0,89.0,71.0,57.0,48.0,42.0,73.0,65.0,86.0
금산군 - 사망자수,Statistics,11.0,9.0,3.0,5.0,8.0,7.0,4.0,9.0,6.0,8.0,6.0,7.0,6.0,5.0,5.0,2.0,5.0,4.0,6.0
금정구 - 부상자수,Statistics,70.0,56.0,98.0,131.0,122.0,118.0,145.0,152.0,157.0,170.0,174.0,160.0,152.0,159.0,182.0,201.0,179.0,177.0,230.0
금정구 - 사고건수,Statistics,66.0,57.0,94.0,119.0,117.0,119.0,142.0,150.0,152.0,160.0,162.0,156.0,147.0,149.0,167.0,184.0,175.0,167.0,211.0
금정구 - 사망자수,Statistics,2.0,2.0,3.0,7.0,7.0,6.0,6.0,10.0,2.0,4.0,6.0,4.0,3.0,3.0,3.0,2.0,8.0,3.0,4.0
금천구 - 부상자수,Statistics,43.0,49.0,77.0,99.0,93.0,99.0,101.0,92.0,150.0,119.0,109.0,119.0,148.0,148.0,133.0,124.0,153.0,184.0,149.0
금천구 - 사고건수,Statistics,43.0,49.0,79.0,101.0,87.0,98.0,100.0,91.0,145.0,119.0,108.0,114.0,143.0,140.0,130.0,123.0,148.0,170.0,143.0
금천구 - 사망자수,Statistics,3.0,1.0,4.0,6.0,1.0,2.0,4.0,2.0,6.0,4.0,6.0,2.0,3.0,3.0,4.0,6.0,4.0,4.0,4.0
기장군 - 부상자수,Statistics,39.0,32.0,50.0,64.0,70.0,76.0,90.0,93.0,82.0,75.0,61.0,72.0,88.0,110.0,114.0,83.0,93.0,127.0,153.0
기장군 - 사고건수,Statistics,33.0,34.0,52.0,51.0,58.0,68.0,81.0,87.0,70.0,59.0,62.0,63.0,77.0,95.0,103.0,73.0,85.0,111.0,135.0
기장군 - 사망자수,Statistics,2.0,4.0,6.0,3.0,2.0,3.0,6.0,1.0,1.0,3.0,4.0,5.0,4.0,6.0,4.0,1.0,4.0,2.0,4.0
김제시 - 부상자수,Statistics,109.0,120.0,156.0,141.0,147.0,136.0,140.0,142.0,143.0,176.0,187.0,174.0,153.0,208.0,133.0,107.0,85.0,118.0,117.0
김제시 - 사고건수,Statistics,104.0,104.0,133.0,125.0,119.0,130.0,128.0,128.0,134.0,169.0,163.0,160.0,155.0,179.0,121.0,90.0,85.0,101.0,105.0
김제시 - 사망자수,Statistics,16.0,9.0,6.0,16.0,11.0,16.0,11.0,16.0,11.0,14.0,14.0,14.0,17.0,15.0,13.0,5.0,8.0,9.0,8.0
김천시 - 부상자수,Statistics,136.0,162.0,146.0,190.0,161.0,143.0,141.0,133.0,184.0,179.0,142.0,207.0,181.0,193.0,153.0,161.0,128.0,134.0,157.0
김천시 - 사고건수,Statistics,133.0,150.0,143.0,180.0,159.0,142.0,134.0,135.0,167.0,170.0,137.0,188.0,169.0,188.0,158.0,157.0,116.0,126.0,148.0
김천시 - 사망자수,Statistics,16.0,15.0,18.0,14.0,14.0,14.0,9.0,16.0,8.0,12.0,10.0,8.0,7.0,11.0,20.0,12.0,7.0,6.0,8.0
김포시 - 부상자수,Statistics,106.0,111.0,73.0,99.0,125.0,128.0,127.0,138.0,226.0,265.0,242.0,260.0,303.0,344.0,275.0,298.0,344.0,365.0,388.0
김포시 - 사고건수,Statistics,99.0,103.0,79.0,96.0,117.0,118.0,120.0,132.0,205.0,244.0,222.0,239.0,277.0,305.0,250.0,270.0,303.0,322.0,329.0
김포시 - 사망자수,Statistics,6.0,8.0,15.0,13.0,8.0,6.0,12.0,7.0,10.0,12.0,8.0,10.0,10.0,9.0,11.0,7.0,3.0,3.0,4.0
김해시 - 부상자수,Statistics,157.0,175.0,174.0,200.0,217.0,196.0,227.0,256.0,282.0,304.0,334.0,373.0,338.0,375.0,301.0,307.0,324.0,402.0,340.0
김해시 - 사고건수,Statistics,154.0,176.0,165.0,200.0,209.0,193.0,226.0,243.0,285.0,288.0,322.0,329.0,307.0,349.0,285.0,287.0,299.0,355.0,317.0
김해시 - 사망자수,Statistics,13.0,15.0,12.0,20.0,16.0,16.0,15.0,8.0,25.0,12.0,19.0,11.0,13.0,8.0,10.0,9.0,11.0,7.0,12.0
나주시 - 부상자수,Statistics,180.0,205.0,197.0,185.0,229.0,197.0,210.0,249.0,190.0,189.0,208.0,226.0,206.0,212.0,170.0,132.0,120.0,230.0,217.0
나주시 - 사고건수,Statistics,166.0,181.0,174.0,163.0,200.0,180.0,184.0,193.0,173.0,171.0,178.0,200.0,183.0,184.0,152.0,118.0,106.0,173.0,180.0
나주시 - 사망자수,Statistics,7.0,17.0,9.0,14.0,25.0,16.0,18.0,22.0,13.0,13.0,9.0,12.0,16.0,11.0,8.0,9.0,5.0,15.0,12.0
남구 - 부상자수,Statistics,62.0,52.0,73.0,70.0,111.0,100.0,112.0,104.0,132.0,145.0,155.0,170.0,143.0,177.0,132.0,117.0,167.0,173.0,176.0
남구 - 사고건수,Statistics,67.0,54.0,70.0,71.0,115.0,99.0,118.0,106.0,125.0,136.0,150.0,166.0,142.0,168.0,125.0,112.0,165.0,172.0,172.0
남구 - 사망자수,Statistics,7.0,5.0,4.0,1.0,7.0,3.0,8.0,3.0,5.0,3.0,6.0,2.0,3.0,4.0,4.0,2.0,5.0,4.0,4.0
남동구 - 부상자수,Statistics,134.0,132.0,141.0,172.0,142.0,155.0,192.0,193.0,204.0,219.0,218.0,208.0,193.0,235.0,225.0,184.0,211.0,238.0,277.0
남동구 - 사고건수,Statistics,138.0,134.0,143.0,170.0,141.0,149.0,176.0,193.0,198.0,215.0,204.0,208.0,179.0,224.0,212.0,175.0,188.0,226.0,256.0
남동구 - 사망자수,Statistics,9.0,7.0,9.0,9.0,7.0,5.0,3.0,10.0,7.0,4.0,7.0,10.0,2.0,5.0,4.0,5.0,2.0,5.0,8.0
남양주시 - 부상자수,Statistics,145.0,181.0,191.0,185.0,192.0,200.0,208.0,232.0,278.0,291.0,363.0,357.0,399.0,434.0,406.0,378.0,391.0,337.0,423.0
남양주시 - 사고건수,Statistics,139.0,163.0,162.0,176.0,184.0,188.0,201.0,220.0,259.0,275.0,331.0,344.0,374.0,378.0,363.0,342.0,361.0,304.0,377.0
남양주시 - 사망자수,Statistics,13.0,11.0,12.0,14.0,19.0,15.0,15.0,17.0,14.0,13.0,13.0,12.0,22.0,15.0,15.0,7.0,11.0,9.0,12.0
남원시 - 부상자수,Statistics,94.0,99.0,102.0,101.0,99.0,131.0,127.0,146.0,138.0,101.0,138.0,111.0,136.0,147.0,106.0,117.0,109.0,123.0,88.0
남원시 - 사고건수,Statistics,96.0,94.0,95.0,101.0,102.0,114.0,129.0,129.0,123.0,99.0,128.0,110.0,136.0,128.0,103.0,109.0,104.0,114.0,87.0
남원시 - 사망자수,Statistics,12.0,11.0,11.0,9.0,13.0,7.0,14.0,4.0,7.0,9.0,11.0,16.0,20.0,2.0,6.0,5.0,12.0,9.0,6.0
남해군 - 부상자수,Statistics,31.0,56.0,66.0,74.0,87.0,77.0,71.0,73.0,84.0,80.0,87.0,89.0,88.0,95.0,81.0,80.0,83.0,74.0,78.0
남해군 - 사고건수,Statistics,32.0,51.0,63.0,61.0,76.0,64.0,59.0,70.0,79.0,77.0,77.0,69.0,76.0,83.0,73.0,71.0,66.0,64.0,67.0
남해군 - 사망자수,Statistics,5.0,6.0,10.0,5.0,6.0,4.0,3.0,8.0,7.0,8.0,2.0,2.0,3.0,4.0,3.0,3.0,6.0,4.0,7.0
노원구 - 부상자수,Statistics,106.0,117.0,146.0,158.0,154.0,166.0,185.0,186.0,211.0,210.0,244.0,225.0,248.0,311.0,258.0,243.0,257.0,248.0,284.0
노원구 - 사고건수,Statistics,100.0,118.0,139.0,159.0,155.0,158.0,181.0,179.0,212.0,206.0,228.0,212.0,245.0,297.0,244.0,236.0,233.0,237.0,268.0
노원구 - 사망자수,Statistics,3.0,8.0,5.0,8.0,8.0,4.0,4.0,3.0,8.0,6.0,5.0,2.0,8.0,2.0,3.0,2.0,,7.0,2.0
논산시 - 부상자수,Statistics,84.0,153.0,163.0,155.0,168.0,168.0,161.0,173.0,158.0,167.0,186.0,202.0,146.0,140.0,117.0,126.0,115.0,103.0,126.0
논산시 - 사고건수,Statistics,77.0,139.0,150.0,149.0,164.0,160.0,149.0,145.0,156.0,169.0,164.0,188.0,145.0,135.0,104.0,119.0,107.0,90.0,115.0
논산시 - 사망자수,Statistics,11.0,8.0,15.0,17.0,19.0,16.0,8.0,18.0,20.0,19.0,14.0,17.0,18.0,18.0,11.0,12.0,11.0,6.0,6.0
단양군 - 부상자수,Statistics,25.0,36.0,37.0,42.0,35.0,39.0,39.0,40.0,48.0,47.0,33.0,45.0,37.0,49.0,35.0,42.0,58.0,44.0,56.0
단양군 - 사고건수,Statistics,23.0,34.0,34.0,30.0,37.0,34.0,32.0,39.0,36.0,41.0,30.0,33.0,36.0,44.0,32.0,39.0,49.0,32.0,48.0
단양군 - 사망자수,Statistics,,6.0,4.0,2.0,5.0,5.0,1.0,1.0,2.0,4.0,3.0,,3.0,3.0,2.0,4.0,3.0,4.0,1.0
달서구 - 부상자수,Statistics,157.0,213.0,216.0,244.0,291.0,281.0,269.0,357.0,363.0,398.0,419.0,418.0,455.0,547.0,407.0,419.0,430.0,386.0,440.0
달서구 - 사고건수,Statistics,155.0,213.0,220.0,247.0,275.0,283.0,254.0,355.0,359.0,384.0,400.0,403.0,423.0,517.0,390.0,397.0,403.0,365.0,405.0
달서구 - 사망자수,Statistics,6.0,14.0,15.0,10.0,6.0,10.0,7.0,15.0,7.0,10.0,9.0,6.0,4.0,4.0,10.0,8.0,5.0,4.0,6.0
달성군 - 부상자수,Statistics,88.0,85.0,91.0,94.0,112.0,116.0,118.0,140.0,178.0,130.0,163.0,144.0,149.0,168.0,187.0,157.0,166.0,182.0,177.0
달성군 - 사고건수,Statistics,88.0,85.0,94.0,101.0,101.0,101.0,110.0,121.0,169.0,134.0,145.0,142.0,132.0,148.0,168.0,141.0,145.0,168.0,167.0
달성군 - 사망자수,Statistics,8.0,8.0,11.0,13.0,10.0,6.0,6.0,3.0,14.0,14.0,6.0,11.0,4.0,4.0,5.0,4.0,3.0,7.0,7.0
담양군 - 부상자수,Statistics,78.0,91.0,80.0,59.0,75.0,99.0,65.0,101.0,99.0,148.0,112.0,114.0,118.0,140.0,127.0,116.0,111.0,100.0,113.0
담양군 - 사고건수,Statistics,66.0,68.0,69.0,57.0,68.0,82.0,69.0,87.0,88.0,112.0,95.0,108.0,110.0,122.0,103.0,101.0,96.0,88.0,91.0
담양군 - 사망자수,Statistics,10.0,7.0,11.0,9.0,6.0,8.0,11.0,7.0,6.0,7.0,11.0,9.0,10.0,11.0,4.0,3.0,4.0,4.0,7.0
당진시 - 부상자수,Statistics,,,,,,,92.0,133.0,144.0,177.0,150.0,226.0,228.0,188.0,189.0,150.0,113.0,119.0,175.0
당진시 - 사고건수,Statistics,,,,,,,91.0,124.0,145.0,173.0,142.0,160.0,203.0,168.0,177.0,145.0,111.0,111.0,161.0
당진시 - 사망자수,Statistics,,,,,,,17.0,12.0,12.0,9.0,12.0,10.0,17.0,9.0,15.0,16.0,10.0,10.0,13.0
대구광역시 - 부상자수,Statistics,1043.0,1200.0,1276.0,1452.0,1552.0,1609.0,1666.0,1814.0,2001.0,2131.0,2068.0,2232.0,2317.0,2532.0,2133.0,2209.0,2204.0,2377.0,2441.0
대구광역시 - 사고건수,Statistics,1048.0,1198.0,1272.0,1455.0,1497.0,1569.0,1616.0,1765.0,1958.0,2063.0,1978.0,2143.0,2181.0,2363.0,2006.0,2069.0,2034.0,2170.0,2261.0
대구광역시 - 사망자수,Statistics,61.0,66.0,68.0,66.0,68.0,63.0,65.0,64.0,69.0,67.0,67.0,63.0,56.0,44.0,54.0,37.0,28.0,42.0,48.0
대덕구 - 부상자수,Statistics,59.0,58.0,70.0,86.0,104.0,78.0,99.0,83.0,85.0,109.0,146.0,179.0,134.0,128.0,136.0,161.0,170.0,174.0,186.0
대덕구 - 사고건수,Statistics,64.0,65.0,66.0,89.0,93.0,73.0,96.0,77.0,85.0,107.0,137.0,163.0,134.0,122.0,125.0,152.0,148.0,159.0,171.0
대덕구 - 사망자수,Statistics,8.0,9.0,2.0,8.0,4.0,3.0,6.0,2.0,9.0,6.0,12.0,4.0,6.0,4.0,4.0,2.0,,6.0,6.0
대전광역시 - 부상자수,Statistics,451.0,465.0,494.0,555.0,614.0,682.0,638.0,680.0,815.0,978.0,1130.0,1172.0,1285.0,1394.0,1202.0,1159.0,1212.0,1360.0,1471.0
대전광역시 - 사고건수,Statistics,469.0,472.0,493.0,549.0,598.0,655.0,642.0,646.0,786.0,929.0,1064.0,1099.0,1176.0,1268.0,1096.0,1075.0,1105.0,1241.0,1310.0
대전광역시 - 사망자수,Statistics,41.0,43.0,36.0,38.0,43.0,36.0,58.0,34.0,41.0,36.0,38.0,27.0,34.0,34.0,27.0,27.0,20.0,33.0,18.0
도봉구 - 부상자수,Statistics,76.0,73.0,99.0,119.0,122.0,117.0,125.0,135.0,168.0,178.0,172.0,177.0,199.0,194.0,167.0,145.0,113.0,154.0,145.0
도봉구 - 사고건수,Statistics,70.0,74.0,104.0,117.0,119.0,111.0,122.0,135.0,171.0,170.0,171.0,170.0,190.0,189.0,160.0,133.0,108.0,144.0,135.0
도봉구 - 사망자수,Statistics,3.0,2.0,7.0,4.0,5.0,4.0,5.0,6.0,5.0,3.0,4.0,3.0,1.0,1.0,4.0,1.0,1.0,1.0,4.0
동구 - 부상자수,Statistics,39.0,43.0,48.0,72.0,67.0,76.0,78.0,97.0,98.0,89.0,95.0,120.0,121.0,120.0,123.0,105.0,144.0,138.0,134.0
동구 - 사고건수,Statistics,39.0,44.0,48.0,72.0,67.0,72.0,74.0,94.0,94.0,92.0,89.0,113.0,119.0,112.0,112.0,106.0,133.0,111.0,124.0
동구 - 사망자수,Statistics,2.0,1.0,1.0,4.0,1.0,1.0,2.0,1.0,1.0,6.0,2.0,1.0,1.0,1.0,2.0,3.0,3.0,3.0,3.0
동대문구 - 부상자수,Statistics,135.0,145.0,158.0,206.0,206.0,208.0,253.0,276.0,281.0,373.0,369.0,312.0,340.0,324.0,298.0,281.0,332.0,405.0,360.0
동대문구 - 사고건수,Statistics,142.0,150.0,164.0,205.0,211.0,204.0,248.0,271.0,287.0,361.0,357.0,313.0,327.0,315.0,289.0,282.0,322.0,390.0,341.0
동대문구 - 사망자수,Statistics,9.0,6.0,12.0,6.0,11.0,5.0,5.0,7.0,11.0,7.0,5.0,11.0,5.0,5.0,2.0,12.0,4.0,3.0,5.0
동두천시 - 부상자수,Statistics,67.0,59.0,47.0,49.0,60.0,74.0,89.0,72.0,92.0,88.0,82.0,100.0,105.0,94.0,75.0,94.0,77.0,87.0,111.0
동두천시 - 사고건수,Statistics,63.0,57.0,47.0,48.0,60.0,67.0,88.0,67.0,87.0,78.0,77.0,93.0,95.0,92.0,71.0,93.0,68.0,78.0,98.0
동두천시 - 사망자수,Statistics,1.0,1.0,2.0,3.0,3.0,,5.0,5.0,5.0,6.0,,4.0,4.0,3.0,3.0,1.0,2.0,1.0,
동래구 - 부상자수,Statistics,71.0,71.0,80.0,93.0,114.0,133.0,149.0,119.0,163.0,144.0,179.0,151.0,188.0,223.0,198.0,151.0,178.0,195.0,186.0
동래구 - 사고건수,Statistics,72.0,71.0,79.0,97.0,116.0,127.0,147.0,122.0,158.0,140.0,176.0,153.0,181.0,213.0,189.0,143.0,172.0,190.0,174.0
동래구 - 사망자수,Statistics,1.0,5.0,1.0,5.0,6.0,2.0,4.0,5.0,7.0,3.0,4.0,5.0,1.0,1.0,1.0,1.0,3.0,4.0,3.0
동작구 - 부상자수,Statistics,79.0,74.0,76.0,126.0,99.0,113.0,129.0,157.0,152.0,179.0,195.0,198.0,237.0,224.0,205.0,159.0,183.0,246.0,242.0
동작구 - 사고건수,Statistics,84.0,76.0,69.0,125.0,99.0,114.0,129.0,156.0,148.0,175.0,196.0,200.0,225.0,203.0,199.0,157.0,183.0,228.0,227.0
동작구 - 사망자수,Statistics,6.0,3.0,1.0,5.0,5.0,4.0,4.0,2.0,4.0,2.0,8.0,11.0,4.0,1.0,2.0,8.0,5.0,4.0,2.0
동해시 - 부상자수,Statistics,49.0,56.0,74.0,61.0,81.0,72.0,84.0,85.0,104.0,98.0,107.0,117.0,92.0,99.0,69.0,100.0,82.0,82.0,83.0
동해시 - 사고건수,Statistics,41.0,50.0,65.0,54.0,67.0,64.0,74.0,82.0,96.0,99.0,96.0,101.0,86.0,89.0,60.0,80.0,73.0,73.0,81.0
동해시 - 사망자수,Statistics,3.0,1.0,3.0,5.0,,,4.0,6.0,3.0,7.0,3.0,3.0,3.0,5.0,1.0,1.0,3.0,1.0,4.0
마포구 - 부상자수,Statistics,73.0,90.0,124.0,131.0,142.0,143.0,142.0,197.0,185.0,217.0,205.0,229.0,201.0,204.0,154.0,145.0,145.0,166.0,182.0
마포구 - 사고건수,Statistics,78.0,91.0,125.0,132.0,138.0,141.0,147.0,191.0,181.0,203.0,198.0,208.0,191.0,192.0,148.0,141.0,142.0,161.0,175.0
마포구 - 사망자수,Statistics,6.0,4.0,4.0,9.0,4.0,5.0,10.0,9.0,5.0,5.0,4.0,4.0,4.0,3.0,4.0,5.0,5.0,8.0,5.0
목포시 - 부상자수,Statistics,176.0,179.0,164.0,185.0,172.0,149.0,204.0,208.0,247.0,257.0,200.0,319.0,319.0,394.0,364.0,320.0,291.0,296.0,319.0
목포시 - 사고건수,Statistics,148.0,162.0,153.0,172.0,165.0,148.0,191.0,204.0,224.0,236.0,190.0,302.0,275.0,340.0,313.0,280.0,267.0,257.0,263.0
목포시 - 사망자수,Statistics,8.0,10.0,4.0,6.0,14.0,7.0,9.0,14.0,9.0,11.0,8.0,17.0,9.0,6.0,4.0,10.0,9.0,6.0,4.0
무안군 - 부상자수,Statistics,61.0,67.0,71.0,104.0,103.0,104.0,99.0,128.0,146.0,138.0,146.0,155.0,100.0,111.0,120.0,92.0,61.0,64.0,106.0
무안군 - 사고건수,Statistics,63.0,60.0,68.0,90.0,80.0,97.0,84.0,99.0,130.0,124.0,114.0,128.0,88.0,101.0,104.0,89.0,60.0,59.0,92.0
무안군 - 사망자수,Statistics,7.0,4.0,12.0,8.0,7.0,3.0,8.0,9.0,8.0,6.0,5.0,10.0,3.0,10.0,6.0,11.0,6.0,6.0,4.0
무주군 - 부상자수,Statistics,15.0,35.0,26.0,22.0,31.0,28.0,19.0,24.0,33.0,20.0,45.0,102.0,56.0,45.0,27.0,46.0,38.0,44.0,34.0
무주군 - 사고건수,Statistics,14.0,23.0,25.0,22.0,30.0,24.0,18.0,19.0,36.0,21.0,40.0,61.0,46.0,37.0,25.0,38.0,36.0,38.0,31.0
무주군 - 사망자수,Statistics,,2.0,3.0,3.0,2.0,3.0,1.0,3.0,8.0,5.0,3.0,6.0,8.0,5.0,4.0,2.0,6.0,3.0,2.0
문경시 - 부상자수,Statistics,75.0,115.0,85.0,117.0,96.0,110.0,138.0,169.0,145.0,145.0,172.0,190.0,185.0,139.0,136.0,125.0,109.0,139.0,104.0
문경시 - 사고건수,Statistics,73.0,113.0,87.0,113.0,97.0,105.0,124.0,134.0,130.0,129.0,154.0,158.0,158.0,131.0,123.0,110.0,97.0,129.0,94.0
문경시 - 사망자수,Statistics,7.0,8.0,8.0,13.0,10.0,10.0,8.0,14.0,7.0,6.0,8.0,4.0,7.0,3.0,7.0,5.0,2.0,3.0,5.0
미추홀구 - 부상자수,Statistics,,,,,,,,,,,,,178.0,173.0,145.0,168.0,182.0,209.0,230.0
미추홀구 - 사고건수,Statistics,,,,,,,,,,,,,177.0,173.0,140.0,157.0,173.0,204.0,216.0
미추홀구 - 사망자수,Statistics,,,,,,,,,,,,,9.0,7.0,5.0,4.0,4.0,5.0,11.0
밀양시 - 부상자수,Statistics,74.0,87.0,97.0,106.0,127.0,109.0,132.0,126.0,138.0,142.0,144.0,135.0,125.0,168.0,163.0,201.0,174.0,182.0,201.0
밀양시 - 사고건수,Statistics,75.0,73.0,96.0,96.0,97.0,96.0,118.0,121.0,129.0,131.0,134.0,130.0,118.0,159.0,147.0,178.0,149.0,167.0,184.0
밀양시 - 사망자수,Statistics,7.0,5.0,14.0,8.0,6.0,8.0,13.0,6.0,11.0,8.0,6.0,13.0,8.0,9.0,7.0,10.0,4.0,4.0,11.0
보령시 - 부상자수,Statistics,68.0,97.0,110.0,98.0,120.0,117.0,136.0,140.0,123.0,175.0,150.0,134.0,88.0,146.0,129.0,151.0,135.0,110.0,99.0
보령시 - 사고건수,Statistics,73.0,89.0,99.0,95.0,111.0,103.0,126.0,120.0,112.0,154.0,132.0,121.0,90.0,129.0,127.0,140.0,114.0,97.0,92.0
보령시 - 사망자수,Statistics,10.0,9.0,11.0,8.0,7.0,6.0,8.0,8.0,9.0,12.0,11.0,10.0,10.0,6.0,6.0,11.0,11.0,6.0,5.0
보성군 - 부상자수,Statistics,78.0,81.0,115.0,78.0,97.0,85.0,84.0,97.0,112.0,127.0,119.0,96.0,160.0,144.0,128.0,110.0,80.0,106.0,90.0
보성군 - 사고건수,Statistics,77.0,71.0,102.0,80.0,83.0,81.0,79.0,92.0,100.0,111.0,97.0,101.0,136.0,125.0,118.0,88.0,73.0,90.0,76.0
보성군 - 사망자수,Statistics,10.0,12.0,8.0,12.0,5.0,9.0,5.0,14.0,11.0,10.0,6.0,15.0,10.0,14.0,8.0,11.0,4.0,7.0,4.0
보은군 - 부상자수,Statistics,57.0,64.0,57.0,66.0,57.0,64.0,48.0,53.0,56.0,52.0,59.0,61.0,77.0,70.0,55.0,65.0,60.0,69.0,71.0
보은군 - 사고건수,Statistics,53.0,53.0,54.0,57.0,50.0,50.0,44.0,53.0,53.0,40.0,49.0,57.0,64.0,66.0,54.0,59.0,53.0,57.0,63.0
보은군 - 사망자수,Statistics,8.0,2.0,3.0,3.0,4.0,3.0,2.0,6.0,5.0,3.0,4.0,7.0,1.0,13.0,3.0,4.0,1.0,4.0,7.0
봉화군 - 부상자수,Statistics,43.0,58.0,51.0,82.0,57.0,62.0,61.0,48.0,58.0,67.0,70.0,69.0,67.0,81.0,55.0,35.0,44.0,57.0,45.0
봉화군 - 사고건수,Statistics,34.0,52.0,43.0,72.0,51.0,46.0,51.0,48.0,54.0,61.0,63.0,53.0,56.0,61.0,53.0,32.0,40.0,55.0,40.0
봉화군 - 사망자수,Statistics,1.0,2.0,4.0,4.0,6.0,3.0,2.0,7.0,9.0,2.0,3.0,3.0,,2.0,4.0,4.0,4.0,5.0,1.0
부산광역시 - 부상자수,Statistics,914.0,820.0,1119.0,1352.0,1448.0,1527.0,1729.0,1621.0,1956.0,1979.0,2045.0,2085.0,2242.0,2469.0,2256.0,2145.0,2298.0,2416.0,2660.0
부산광역시 - 사고건수,Statistics,910.0,841.0,1112.0,1328.0,1397.0,1513.0,1689.0,1625.0,1879.0,1879.0,1982.0,2038.0,2147.0,2325.0,2142.0,2025.0,2176.0,2259.0,2482.0
부산광역시 - 사망자수,Statistics,57.0,64.0,55.0,60.0,63.0,67.0,66.0,73.0,68.0,70.0,59.0,78.0,45.0,53.0,48.0,42.0,55.0,50.0,58.0
부산진구 - 부상자수,Statistics,92.0,107.0,148.0,173.0,189.0,174.0,195.0,212.0,223.0,213.0,246.0,270.0,298.0,323.0,291.0,285.0,302.0,305.0,314.0
부산진구 - 사고건수,Statistics,96.0,111.0,145.0,177.0,190.0,182.0,197.0,208.0,226.0,206.0,239.0,257.0,290.0,305.0,273.0,266.0,279.0,286.0,296.0
부산진구 - 사망자수,Statistics,6.0,8.0,4.0,8.0,8.0,9.0,9.0,6.0,7.0,7.0,3.0,10.0,7.0,5.0,4.0,5.0,2.0,2.0,6.0
부안군 - 부상자수,Statistics,91.0,86.0,94.0,105.0,121.0,134.0,147.0,156.0,144.0,190.0,176.0,182.0,144.0,138.0,111.0,78.0,63.0,81.0,96.0
부안군 - 사고건수,Statistics,83.0,90.0,84.0,85.0,107.0,126.0,128.0,133.0,130.0,153.0,135.0,146.0,126.0,129.0,89.0,73.0,62.0,77.0,76.0
부안군 - 사망자수,Statistics,6.0,16.0,13.0,6.0,5.0,12.0,12.0,6.0,15.0,10.0,10.0,7.0,5.0,11.0,3.0,8.0,7.0,4.0,7.0
부여군 - 부상자수,Statistics,90.0,85.0,67.0,79.0,118.0,107.0,69.0,102.0,108.0,131.0,94.0,99.0,92.0,99.0,98.0,82.0,87.0,108.0,112.0
부여군 - 사고건수,Statistics,80.0,97.0,75.0,77.0,113.0,103.0,74.0,89.0,108.0,124.0,95.0,91.0,92.0,92.0,91.0,76.0,73.0,99.0,108.0
부여군 - 사망자수,Statistics,13.0,19.0,16.0,6.0,12.0,9.0,15.0,10.0,7.0,7.0,16.0,5.0,11.0,9.0,5.0,8.0,7.0,7.0,9.0
부천시 - 부상자수,Statistics,159.0,197.0,188.0,219.0,243.0,262.0,303.0,332.0,340.0,417.0,379.0,454.0,434.0,542.0,422.0,509.0,567.0,676.0,640.0
부천시 - 사고건수,Statistics,162.0,203.0,190.0,224.0,246.0,262.0,295.0,324.0,328.0,417.0,385.0,453.0,413.0,515.0,414.0,482.0,543.0,647.0,604.0
부천시 - 사망자수,Statistics,11.0,13.0,14.0,14.0,14.0,9.0,8.0,9.0,9.0,16.0,15.0,16.0,10.0,11.0,8.0,7.0,7.0,8.0,4.0
부평구 - 부상자수,Statistics,145.0,126.0,150.0,162.0,145.0,159.0,171.0,169.0,167.0,195.0,182.0,170.0,126.0,157.0,183.0,164.0,170.0,198.0,213.0
부평구 - 사고건수,Statistics,142.0,132.0,154.0,158.0,148.0,162.0,171.0,167.0,171.0,190.0,178.0,163.0,125.0,159.0,180.0,155.0,167.0,189.0,201.0
부평구 - 사망자수,Statistics,6.0,13.0,6.0,8.0,6.0,11.0,8.0,7.0,7.0,6.0,3.0,,3.0,5.0,4.0,4.0,3.0,2.0,4.0
북구 - 부상자수,Statistics,53.0,51.0,69.0,64.0,55.0,63.0,95.0,83.0,99.0,91.0,107.0,102.0,136.0,119.0,133.0,81.0,87.0,114.0,134.0
북구 - 사고건수,Statistics,52.0,54.0,70.0,62.0,55.0,65.0,91.0,86.0,90.0,87.0,107.0,110.0,129.0,110.0,127.0,80.0,88.0,106.0,130.0
북구 - 사망자수,Statistics,2.0,4.0,4.0,4.0,4.0,6.0,2.0,5.0,3.0,3.0,5.0,10.0,3.0,4.0,6.0,1.0,3.0,5.0,7.0
사상구 - 부상자수,Statistics,64.0,60.0,78.0,98.0,104.0,104.0,112.0,116.0,119.0,133.0,143.0,138.0,178.0,192.0,146.0,152.0,104.0,134.0,146.0
사상구 - 사고건수,Statistics,61.0,65.0,83.0,100.0,94.0,106.0,119.0,120.0,118.0,125.0,135.0,139.0,165.0,184.0,148.0,154.0,107.0,128.0,137.0
사상구 - 사망자수,Statistics,6.0,11.0,6.0,5.0,3.0,8.0,7.0,8.0,6.0,2.0,5.0,7.0,4.0,6.0,6.0,7.0,6.0,6.0,6.0
사천시 - 부상자수,Statistics,101.0,94.0,122.0,122.0,112.0,132.0,129.0,172.0,209.0,174.0,171.0,207.0,205.0,204.0,195.0,180.0,155.0,174.0,176.0
사천시 - 사고건수,Statistics,99.0,93.0,109.0,117.0,103.0,122.0,124.0,151.0,182.0,177.0,152.0,182.0,186.0,184.0,184.0,163.0,135.0,171.0,152.0
사천시 - 사망자수,Statistics,7.0,13.0,9.0,3.0,6.0,10.0,7.0,8.0,10.0,24.0,7.0,6.0,8.0,6.0,6.0,10.0,4.0,10.0,5.0
사하구 - 부상자수,Statistics,67.0,67.0,80.0,114.0,79.0,96.0,138.0,106.0,165.0,179.0,183.0,182.0,182.0,201.0,182.0,153.0,182.0,151.0,217.0
사하구 - 사고건수,Statistics,69.0,72.0,84.0,113.0,80.0,94.0,135.0,108.0,161.0,162.0,176.0,182.0,169.0,192.0,169.0,141.0,174.0,145.0,210.0
사하구 - 사망자수,Statistics,4.0,7.0,6.0,3.0,2.0,3.0,4.0,4.0,7.0,5.0,4.0,9.0,,6.0,1.0,5.0,2.0,2.0,5.0
산청군 - 부상자수,Statistics,30.0,49.0,53.0,43.0,57.0,59.0,49.0,87.0,77.0,63.0,85.0,105.0,86.0,87.0,78.0,86.0,87.0,85.0,70.0
산청군 - 사고건수,Statistics,29.0,44.0,40.0,41.0,44.0,51.0,47.0,54.0,55.0,56.0,76.0,77.0,77.0,74.0,70.0,74.0,68.0,76.0,60.0
산청군 - 사망자수,Statistics,6.0,5.0,2.0,1.0,9.0,8.0,4.0,5.0,4.0,6.0,5.0,4.0,6.0,2.0,6.0,5.0,3.0,5.0,7.0
삼척시 - 부상자수,Statistics,58.0,60.0,81.0,68.0,55.0,55.0,92.0,90.0,105.0,95.0,145.0,116.0,131.0,129.0,107.0,69.0,79.0,56.0,85.0
삼척시 - 사고건수,Statistics,47.0,51.0,66.0,63.0,54.0,53.0,73.0,74.0,92.0,83.0,117.0,96.0,106.0,110.0,95.0,63.0,67.0,58.0,67.0
삼척시 - 사망자수,Statistics,1.0,6.0,7.0,5.0,8.0,5.0,3.0,2.0,4.0,3.0,3.0,6.0,4.0,7.0,1.0,3.0,5.0,3.0,3.0
상주시 - 부상자수,Statistics,155.0,150.0,144.0,156.0,162.0,130.0,146.0,197.0,174.0,200.0,191.0,200.0,240.0,243.0,205.0,193.0,173.0,183.0,162.0
상주시 - 사고건수,Statistics,157.0,150.0,142.0,157.0,147.0,121.0,144.0,183.0,168.0,197.0,184.0,193.0,228.0,225.0,193.0,186.0,157.0,166.0,154.0
상주시 - 사망자수,Statistics,24.0,19.0,18.0,18.0,15.0,8.0,17.0,14.0,16.0,10.0,14.0,21.0,18.0,14.0,19.0,16.0,12.0,10.0,16.0
서구 - 부상자수,Statistics,63.0,50.0,60.0,67.0,76.0,62.0,61.0,56.0,92.0,123.0,96.0,109.0,110.0,129.0,126.0,125.0,123.0,116.0,137.0
서구 - 사고건수,Statistics,58.0,51.0,59.0,65.0,77.0,61.0,59.0,60.0,88.0,110.0,95.0,109.0,105.0,122.0,122.0,121.0,117.0,105.0,119.0
서구 - 사망자수,Statistics,1.0,2.0,5.0,2.0,5.0,1.0,1.0,4.0,3.0,5.0,3.0,4.0,4.0,1.0,3.0,2.0,3.0,1.0,5.0
서귀포시 - 부상자수,Statistics,,158.0,161.0,219.0,171.0,190.0,207.0,244.0,247.0,304.0,282.0,319.0,327.0,309.0,246.0,289.0,309.0,326.0,293.0
서귀포시 - 사고건수,Statistics,,152.0,147.0,185.0,149.0,168.0,192.0,230.0,236.0,283.0,262.0,287.0,287.0,280.0,227.0,258.0,284.0,285.0,267.0
서귀포시 - 사망자수,Statistics,,13.0,11.0,9.0,11.0,16.0,13.0,15.0,18.0,13.0,18.0,9.0,17.0,15.0,11.0,8.0,7.0,13.0,10.0
서대문구 - 부상자수,Statistics,63.0,89.0,101.0,136.0,119.0,139.0,134.0,183.0,164.0,191.0,177.0,175.0,209.0,217.0,141.0,179.0,166.0,159.0,190.0
서대문구 - 사고건수,Statistics,62.0,93.0,106.0,138.0,121.0,136.0,131.0,179.0,156.0,180.0,173.0,166.0,203.0,211.0,137.0,167.0,156.0,152.0,177.0
서대문구 - 사망자수,Statistics,5.0,8.0,8.0,11.0,6.0,4.0,2.0,6.0,5.0,4.0,7.0,4.0,3.0,11.0,2.0,1.0,2.0,3.0,2.0
서산시 - 부상자수,Statistics,79.0,89.0,92.0,117.0,124.0,106.0,132.0,143.0,157.0,142.0,173.0,215.0,204.0,173.0,176.0,151.0,162.0,195.0,224.0
서산시 - 사고건수,Statistics,87.0,80.0,85.0,111.0,117.0,115.0,114.0,131.0,144.0,132.0,164.0,193.0,191.0,166.0,154.0,144.0,149.0,170.0,186.0
서산시 - 사망자수,Statistics,15.0,1.0,13.0,16.0,11.0,14.0,13.0,6.0,8.0,15.0,10.0,17.0,17.0,13.0,14.0,7.0,10.0,12.0,4.0
서울특별시 - 부상자수,Statistics,2257.0,2640.0,3114.0,3634.0,3584.0,3791.0,4268.0,4597.0,5112.0,5575.0,5376.0,5570.0,5989.0,6200.0,5279.0,5027.0,5543.0,6117.0,6309.0
서울특별시 - 사고건수,Statistics,2274.0,2642.0,3100.0,3609.0,3528.0,3733.0,4197.0,4492.0,5009.0,5388.0,5219.0,5357.0,5761.0,5912.0,5056.0,4829.0,5251.0,5731.0,5926.0
서울특별시 - 사망자수,Statistics,106.0,117.0,121.0,145.0,125.0,123.0,144.0,128.0,136.0,139.0,128.0,139.0,121.0,103.0,86.0,103.0,87.0,71.0,107.0
서천군 - 부상자수,Statistics,80.0,79.0,126.0,130.0,140.0,136.0,152.0,123.0,179.0,152.0,199.0,178.0,173.0,172.0,117.0,136.0,165.0,127.0,134.0
서천군 - 사고건수,Statistics,81.0,74.0,114.0,118.0,109.0,122.0,141.0,113.0,148.0,132.0,169.0,153.0,149.0,159.0,113.0,111.0,138.0,109.0,105.0
서천군 - 사망자수,Statistics,7.0,9.0,9.0,11.0,8.0,7.0,7.0,8.0,10.0,9.0,9.0,8.0,8.0,11.0,6.0,7.0,7.0,9.0,8.0
서초구 - 부상자수,Statistics,74.0,101.0,132.0,129.0,153.0,173.0,172.0,203.0,213.0,216.0,269.0,258.0,311.0,308.0,266.0,272.0,302.0,352.0,308.0
서초구 - 사고건수,Statistics,71.0,98.0,122.0,121.0,148.0,165.0,163.0,190.0,200.0,202.0,248.0,237.0,290.0,284.0,247.0,241.0,265.0,312.0,285.0
서초구 - 사망자수,Statistics,4.0,5.0,4.0,8.0,5.0,4.0,9.0,5.0,3.0,5.0,4.0,9.0,4.0,5.0,3.0,3.0,4.0,2.0,8.0
성남시 - 부상자수,Statistics,180.0,164.0,235.0,220.0,238.0,244.0,281.0,300.0,398.0,492.0,512.0,562.0,568.0,629.0,504.0,482.0,562.0,742.0,677.0
성남시 - 사고건수,Statistics,172.0,159.0,229.0,212.0,225.0,238.0,283.0,293.0,382.0,450.0,472.0,514.0,522.0,564.0,488.0,444.0,526.0,619.0,595.0
성남시 - 사망자수,Statistics,11.0,8.0,12.0,13.0,10.0,18.0,12.0,14.0,15.0,7.0,12.0,11.0,8.0,14.0,16.0,5.0,6.0,4.0,11.0
성동구 - 부상자수,Statistics,68.0,71.0,84.0,106.0,97.0,109.0,111.0,126.0,157.0,181.0,143.0,168.0,161.0,160.0,159.0,143.0,139.0,140.0,142.0
성동구 - 사고건수,Statistics,68.0,76.0,89.0,102.0,98.0,112.0,106.0,128.0,153.0,177.0,139.0,161.0,158.0,162.0,158.0,144.0,137.0,135.0,134.0
성동구 - 사망자수,Statistics,3.0,6.0,5.0,2.0,3.0,5.0,,4.0,4.0,4.0,5.0,4.0,3.0,8.0,6.0,4.0,1.0,3.0,2.0
성북구 - 부상자수,Statistics,95.0,122.0,185.0,175.0,175.0,183.0,185.0,208.0,244.0,285.0,254.0,287.0,227.0,278.0,218.0,200.0,191.0,252.0,290.0
성북구 - 사고건수,Statistics,100.0,116.0,186.0,177.0,175.0,184.0,182.0,203.0,235.0,275.0,248.0,285.0,228.0,262.0,214.0,194.0,185.0,240.0,271.0
성북구 - 사망자수,Statistics,8.0,2.0,4.0,7.0,7.0,8.0,6.0,6.0,4.0,8.0,5.0,11.0,9.0,5.0,3.0,3.0,5.0,4.0,3.0
성주군 - 부상자수,Statistics,64.0,91.0,80.0,93.0,81.0,85.0,114.0,114.0,100.0,93.0,95.0,89.0,102.0,101.0,91.0,96.0,123.0,97.0,92.0
성주군 - 사고건수,Statistics,68.0,82.0,78.0,89.0,86.0,90.0,94.0,104.0,88.0,82.0,87.0,87.0,93.0,93.0,83.0,77.0,109.0,79.0,83.0
성주군 - 사망자수,Statistics,10.0,9.0,5.0,11.0,10.0,12.0,4.0,7.0,6.0,10.0,12.0,10.0,6.0,6.0,7.0,5.0,9.0,4.0,6.0
세종특별자치시 - 부상자수,Statistics,,,,,,,37.0,105.0,93.0,102.0,75.0,127.0,136.0,153.0,120.0,97.0,135.0,211.0,170.0
세종특별자치시 - 사고건수,Statistics,,,,,,,38.0,92.0,87.0,100.0,71.0,112.0,128.0,134.0,111.0,95.0,137.0,191.0,159.0
세종특별자치시 - 사망자수,Statistics,,,,,,,4.0,6.0,6.0,11.0,9.0,4.0,8.0,8.0,2.0,4.0,9.0,7.0,3.0
속초시 - 부상자수,Statistics,49.0,81.0,70.0,74.0,82.0,66.0,57.0,97.0,62.0,106.0,71.0,75.0,94.0,79.0,86.0,67.0,85.0,103.0,81.0
속초시 - 사고건수,Statistics,47.0,69.0,68.0,69.0,72.0,61.0,55.0,81.0,65.0,85.0,69.0,70.0,88.0,73.0,73.0,61.0,75.0,86.0,69.0
속초시 - 사망자수,Statistics,3.0,2.0,3.0,2.0,1.0,3.0,2.0,3.0,4.0,,5.0,4.0,3.0,3.0,,1.0,2.0,3.0,1.0
송파구 - 부상자수,Statistics,149.0,172.0,195.0,182.0,179.0,183.0,275.0,256.0,298.0,315.0,291.0,331.0,396.0,422.0,349.0,350.0,399.0,437.0,427.0
송파구 - 사고건수,Statistics,145.0,167.0,189.0,181.0,172.0,188.0,268.0,241.0,292.0,299.0,274.0,321.0,373.0,395.0,336.0,334.0,366.0,405.0,408.0
송파구 - 사망자수,Statistics,2.0,4.0,5.0,2.0,5.0,12.0,4.0,6.0,7.0,4.0,3.0,8.0,7.0,2.0,5.0,6.0,4.0,4.0,12.0
수성구 - 부상자수,Statistics,154.0,181.0,182.0,206.0,211.0,236.0,250.0,240.0,283.0,291.0,252.0,341.0,352.0,392.0,320.0,404.0,364.0,390.0,389.0
수성구 - 사고건수,Statistics,157.0,178.0,180.0,207.0,212.0,225.0,250.0,235.0,284.0,286.0,246.0,331.0,338.0,366.0,295.0,367.0,331.0,341.0,361.0
수성구 - 사망자수,Statistics,13.0,8.0,7.0,9.0,11.0,8.0,17.0,11.0,11.0,12.0,11.0,13.0,10.0,6.0,4.0,2.0,2.0,6.0,9.0
수영구 - 부상자수,Statistics,37.0,33.0,51.0,65.0,71.0,83.0,84.0,83.0,108.0,114.0,109.0,115.0,116.0,145.0,97.0,111.0,131.0,153.0,194.0
수영구 - 사고건수,Statistics,36.0,33.0,51.0,65.0,70.0,80.0,82.0,86.0,107.0,116.0,106.0,113.0,111.0,131.0,96.0,113.0,126.0,146.0,181.0
수영구 - 사망자수,Statistics,1.0,,1.0,4.0,2.0,1.0,1.0,5.0,4.0,6.0,2.0,4.0,1.0,,3.0,2.0,3.0,3.0,2.0
수원시 - 부상자수,Statistics,240.0,250.0,267.0,300.0,305.0,332.0,328.0,447.0,506.0,546.0,671.0,618.0,697.0,690.0,588.0,641.0,693.0,791.0,795.0
수원시 - 사고건수,Statistics,237.0,251.0,270.0,281.0,299.0,315.0,336.0,431.0,495.0,529.0,617.0,583.0,666.0,639.0,550.0,592.0,647.0,722.0,736.0
수원시 - 사망자수,Statistics,15.0,17.0,18.0,13.0,15.0,11.0,23.0,15.0,17.0,12.0,13.0,17.0,20.0,8.0,8.0,8.0,11.0,13.0,12.0
순창군 - 부상자수,Statistics,21.0,26.0,29.0,44.0,39.0,57.0,60.0,62.0,57.0,63.0,69.0,90.0,49.0,60.0,59.0,54.0,48.0,54.0,74.0
순창군 - 사고건수,Statistics,20.0,26.0,33.0,40.0,33.0,53.0,49.0,58.0,57.0,63.0,72.0,77.0,45.0,61.0,54.0,50.0,47.0,48.0,65.0
순창군 - 사망자수,Statistics,2.0,4.0,6.0,4.0,2.0,5.0,4.0,6.0,10.0,7.0,9.0,9.0,3.0,6.0,2.0,5.0,7.0,2.0,4.0
순천시 - 부상자수,Statistics,177.0,200.0,276.0,235.0,248.0,230.0,244.0,267.0,255.0,266.0,260.0,311.0,295.0,360.0,281.0,255.0,236.0,294.0,296.0
순천시 - 사고건수,Statistics,178.0,193.0,243.0,218.0,234.0,219.0,223.0,262.0,251.0,237.0,246.0,274.0,261.0,310.0,250.0,227.0,212.0,253.0,260.0
순천시 - 사망자수,Statistics,22.0,16.0,8.0,17.0,16.0,10.0,15.0,17.0,20.0,16.0,12.0,16.0,13.0,13.0,10.0,9.0,9.0,5.0,16.0
시흥시 - 부상자수,Statistics,100.0,110.0,126.0,169.0,137.0,145.0,145.0,144.0,186.0,241.0,193.0,241.0,259.0,248.0,222.0,273.0,299.0,344.0,386.0
시흥시 - 사고건수,Statistics,103.0,113.0,123.0,153.0,131.0,132.0,140.0,148.0,167.0,207.0,189.0,224.0,235.0,231.0,217.0,258.0,270.0,316.0,348.0
시흥시 - 사망자수,Statistics,10.0,10.0,10.0,3.0,6.0,8.0,9.0,14.0,10.0,2.0,7.0,7.0,4.0,6.0,11.0,13.0,5.0,9.0,10.0
신안군 - 부상자수,Statistics,23.0,38.0,40.0,48.0,30.0,33.0,38.0,54.0,36.0,43.0,49.0,47.0,35.0,95.0,58.0,52.0,61.0,64.0,65.0
신안군 - 사고건수,Statistics,24.0,34.0,37.0,49.0,28.0,30.0,32.0,48.0,33.0,41.0,44.0,37.0,36.0,70.0,41.0,47.0,47.0,53.0,49.0
신안군 - 사망자수,Statistics,3.0,5.0,7.0,6.0,1.0,4.0,6.0,8.0,5.0,4.0,8.0,4.0,7.0,1.0,3.0,3.0,5.0,5.0,6.0
아산시 - 부상자수,Statistics,85.0,92.0,85.0,80.0,57.0,55.0,46.0,45.0,101.0,176.0,190.0,147.0,121.0,143.0,167.0,176.0,203.0,222.0,231.0
아산시 - 사고건수,Statistics,86.0,91.0,86.0,80.0,66.0,57.0,53.0,55.0,99.0,180.0,184.0,146.0,131.0,146.0,152.0,164.0,176.0,200.0,215.0
아산시 - 사망자수,Statistics,16.0,8.0,18.0,16.0,20.0,15.0,15.0,15.0,14.0,18.0,12.0,13.0,17.0,14.0,7.0,12.0,6.0,8.0,14.0
안동시 - 부상자수,Statistics,154.0,198.0,207.0,224.0,230.0,191.0,270.0,289.0,277.0,270.0,336.0,276.0,279.0,301.0,259.0,213.0,266.0,299.0,300.0
안동시 - 사고건수,Statistics,156.0,187.0,189.0,202.0,207.0,183.0,226.0,252.0,251.0,251.0,283.0,256.0,252.0,275.0,226.0,194.0,230.0,257.0,260.0
안동시 - 사망자수,Statistics,21.0,14.0,9.0,9.0,20.0,19.0,12.0,10.0,16.0,21.0,19.0,20.0,14.0,12.0,14.0,12.0,15.0,11.0,9.0
안산시 - 부상자수,Statistics,121.0,143.0,128.0,155.0,168.0,183.0,195.0,212.0,313.0,358.0,351.0,354.0,417.0,443.0,398.0,426.0,470.0,486.0,510.0
안산시 - 사고건수,Statistics,119.0,141.0,131.0,148.0,164.0,181.0,195.0,214.0,296.0,346.0,338.0,346.0,390.0,415.0,380.0,406.0,437.0,443.0,460.0
안산시 - 사망자수,Statistics,15.0,14.0,9.0,9.0,11.0,7.0,13.0,16.0,12.0,19.0,10.0,14.0,10.0,7.0,8.0,8.0,10.0,6.0,7.0
안성시 - 부상자수,Statistics,109.0,102.0,80.0,109.0,137.0,125.0,122.0,198.0,179.0,231.0,184.0,218.0,210.0,205.0,242.0,232.0,209.0,266.0,275.0
안성시 - 사고건수,Statistics,93.0,100.0,84.0,107.0,125.0,124.0,117.0,170.0,161.0,207.0,173.0,201.0,187.0,178.0,211.0,207.0,184.0,231.0,233.0
안성시 - 사망자수,Statistics,7.0,17.0,15.0,16.0,12.0,10.0,12.0,11.0,6.0,11.0,9.0,8.0,4.0,8.0,5.0,4.0,6.0,7.0,14.0
안양시 - 부상자수,Statistics,80.0,80.0,90.0,132.0,125.0,171.0,190.0,250.0,265.0,278.0,252.0,258.0,280.0,263.0,220.0,190.0,234.0,267.0,241.0
안양시 - 사고건수,Statistics,86.0,82.0,102.0,141.0,126.0,174.0,190.0,246.0,263.0,266.0,243.0,256.0,268.0,246.0,219.0,186.0,213.0,256.0,224.0
안양시 - 사망자수,Statistics,14.0,6.0,13.0,13.0,7.0,11.0,8.0,8.0,9.0,5.0,10.0,5.0,9.0,4.0,4.0,4.0,5.0,11.0,6.0
양구군 - 부상자수,Statistics,28.0,19.0,17.0,17.0,30.0,21.0,21.0,29.0,35.0,30.0,24.0,29.0,19.0,33.0,27.0,27.0,31.0,43.0,18.0
양구군 - 사고건수,Statistics,25.0,11.0,16.0,16.0,22.0,22.0,19.0,19.0,27.0,31.0,22.0,25.0,21.0,29.0,28.0,23.0,23.0,35.0,18.0
양구군 - 사망자수,Statistics,3.0,1.0,4.0,2.0,1.0,2.0,4.0,,3.0,3.0,1.0,2.0,4.0,1.0,2.0,2.0,2.0,1.0,1.0
양산시 - 부상자수,Statistics,87.0,70.0,75.0,110.0,112.0,118.0,114.0,103.0,152.0,169.0,187.0,186.0,171.0,219.0,214.0,226.0,216.0,226.0,222.0
양산시 - 사고건수,Statistics,86.0,74.0,72.0,114.0,108.0,115.0,109.0,102.0,143.0,163.0,180.0,173.0,162.0,207.0,194.0,204.0,203.0,201.0,215.0
양산시 - 사망자수,Statistics,8.0,9.0,3.0,12.0,6.0,9.0,5.0,5.0,7.0,8.0,9.0,4.0,12.0,8.0,4.0,6.0,5.0,6.0,11.0
양양군 - 부상자수,Statistics,35.0,43.0,31.0,49.0,43.0,38.0,35.0,34.0,55.0,62.0,38.0,39.0,57.0,70.0,45.0,38.0,44.0,54.0,47.0
양양군 - 사고건수,Statistics,34.0,40.0,28.0,37.0,33.0,29.0,31.0,29.0,36.0,53.0,33.0,32.0,39.0,43.0,40.0,33.0,39.0,45.0,40.0
양양군 - 사망자수,Statistics,,3.0,2.0,4.0,3.0,2.0,2.0,3.0,1.0,3.0,2.0,2.0,6.0,4.0,2.0,,5.0,3.0,3.0
양주시 - 부상자수,Statistics,81.0,74.0,93.0,97.0,67.0,81.0,127.0,132.0,130.0,172.0,164.0,169.0,178.0,179.0,149.0,152.0,207.0,277.0,261.0
양주시 - 사고건수,Statistics,67.0,71.0,81.0,92.0,65.0,84.0,119.0,130.0,130.0,157.0,153.0,155.0,166.0,172.0,136.0,135.0,181.0,246.0,227.0
양주시 - 사망자수,Statistics,4.0,8.0,2.0,7.0,3.0,8.0,5.0,6.0,9.0,7.0,5.0,2.0,6.0,9.0,7.0,,6.0,5.0,3.0
양천구 - 부상자수,Statistics,73.0,82.0,107.0,125.0,113.0,121.0,129.0,147.0,171.0,233.0,189.0,177.0,221.0,247.0,205.0,211.0,193.0,222.0,237.0
양천구 - 사고건수,Statistics,71.0,78.0,109.0,125.0,112.0,124.0,136.0,144.0,171.0,227.0,191.0,177.0,209.0,237.0,198.0,207.0,189.0,207.0,222.0
양천구 - 사망자수,Statistics,3.0,2.0,7.0,4.0,3.0,4.0,8.0,4.0,6.0,5.0,6.0,5.0,3.0,3.0,4.0,11.0,5.0,2.0,5.0
양평군 - 부상자수,Statistics,71.0,113.0,86.0,82.0,87.0,89.0,97.0,80.0,104.0,144.0,125.0,145.0,149.0,153.0,156.0,142.0,140.0,178.0,259.0
양평군 - 사고건수,Statistics,69.0,89.0,82.0,76.0,67.0,75.0,80.0,77.0,104.0,124.0,105.0,130.0,128.0,139.0,133.0,118.0,126.0,142.0,205.0
양평군 - 사망자수,Statistics,8.0,8.0,10.0,7.0,4.0,4.0,6.0,9.0,18.0,11.0,8.0,6.0,10.0,5.0,2.0,7.0,8.0,4.0,6.0
여수시 - 부상자수,Statistics,125.0,132.0,114.0,156.0,162.0,150.0,208.0,209.0,205.0,249.0,221.0,270.0,307.0,345.0,317.0,261.0,270.0,287.0,323.0
여수시 - 사고건수,Statistics,130.0,125.0,117.0,139.0,163.0,147.0,207.0,206.0,206.0,239.0,209.0,263.0,277.0,312.0,278.0,238.0,238.0,263.0,283.0
여수시 - 사망자수,Statistics,13.0,13.0,12.0,10.0,10.0,17.0,25.0,22.0,18.0,19.0,14.0,26.0,14.0,11.0,12.0,13.0,7.0,14.0,10.0
여주시 - 부상자수,Statistics,,,,,,,,108.0,123.0,137.0,120.0,119.0,132.0,160.0,157.0,135.0,159.0,158.0,156.0
여주시 - 사고건수,Statistics,,,,,,,,104.0,111.0,121.0,115.0,110.0,112.0,148.0,132.0,114.0,139.0,143.0,140.0
여주시 - 사망자수,Statistics,,,,,,,,8.0,5.0,3.0,9.0,7.0,6.0,10.0,8.0,6.0,10.0,7.0,7.0
연수구 - 부상자수,Statistics,57.0,54.0,61.0,64.0,60.0,56.0,73.0,59.0,67.0,80.0,84.0,68.0,69.0,63.0,72.0,51.0,60.0,74.0,74.0
연수구 - 사고건수,Statistics,54.0,53.0,61.0,61.0,62.0,58.0,71.0,57.0,67.0,78.0,82.0,67.0,72.0,64.0,66.0,49.0,55.0,75.0,69.0
연수구 - 사망자수,Statistics,1.0,4.0,4.0,1.0,3.0,4.0,4.0,4.0,5.0,3.0,2.0,1.0,6.0,4.0,2.0,1.0,2.0,4.0,3.0
연제구 - 부상자수,Statistics,51.0,31.0,70.0,71.0,76.0,77.0,81.0,98.0,100.0,94.0,96.0,97.0,121.0,151.0,139.0,150.0,133.0,154.0,163.0
연제구 - 사고건수,Statistics,56.0,34.0,69.0,70.0,82.0,82.0,79.0,99.0,98.0,95.0,95.0,95.0,121.0,138.0,139.0,133.0,123.0,145.0,154.0
연제구 - 사망자수,Statistics,7.0,4.0,2.0,3.0,9.0,6.0,3.0,3.0,1.0,3.0,2.0,2.0,4.0,1.0,5.0,1.0,3.0,2.0,2.0
연천군 - 부상자수,Statistics,46.0,31.0,51.0,48.0,44.0,34.0,38.0,41.0,53.0,70.0,71.0,82.0,70.0,66.0,55.0,66.0,66.0,67.0,84.0
연천군 - 사고건수,Statistics,41.0,32.0,44.0,40.0,35.0,32.0,33.0,38.0,51.0,70.0,61.0,64.0,60.0,60.0,51.0,61.0,51.0,60.0,66.0
연천군 - 사망자수,Statistics,8.0,5.0,5.0,3.0,1.0,2.0,6.0,4.0,3.0,9.0,2.0,2.0,3.0,3.0,3.0,5.0,5.0,5.0,2.0
영광군 - 부상자수,Statistics,65.0,74.0,82.0,98.0,84.0,79.0,91.0,94.0,97.0,111.0,124.0,107.0,105.0,118.0,90.0,68.0,57.0,81.0,77.0
영광군 - 사고건수,Statistics,58.0,63.0,71.0,88.0,81.0,65.0,90.0,89.0,90.0,100.0,111.0,105.0,92.0,100.0,77.0,64.0,55.0,68.0,66.0
영광군 - 사망자수,Statistics,4.0,6.0,5.0,10.0,11.0,3.0,9.0,15.0,10.0,15.0,10.0,8.0,8.0,9.0,8.0,4.0,4.0,3.0,3.0
영덕군 - 부상자수,Statistics,61.0,78.0,61.0,84.0,73.0,61.0,76.0,78.0,81.0,120.0,132.0,117.0,91.0,91.0,105.0,84.0,101.0,117.0,105.0
영덕군 - 사고건수,Statistics,53.0,60.0,64.0,75.0,64.0,54.0,75.0,67.0,70.0,95.0,89.0,94.0,83.0,82.0,83.0,77.0,89.0,96.0,90.0
영덕군 - 사망자수,Statistics,7.0,5.0,6.0,12.0,5.0,2.0,9.0,4.0,8.0,6.0,7.0,6.0,6.0,6.0,5.0,3.0,7.0,3.0,2.0
영도구 - 부상자수,Statistics,33.0,30.0,48.0,35.0,44.0,67.0,82.0,62.0,63.0,85.0,86.0,83.0,82.0,96.0,84.0,102.0,85.0,69.0,90.0
영도구 - 사고건수,Statistics,32.0,30.0,47.0,36.0,47.0,65.0,77.0,65.0,64.0,81.0,79.0,84.0,81.0,92.0,79.0,92.0,81.0,71.0,87.0
영도구 - 사망자수,Statistics,,,2.0,2.0,3.0,1.0,4.0,6.0,3.0,4.0,1.0,2.0,2.0,2.0,1.0,1.0,1.0,3.0,4.0
영동군 - 부상자수,Statistics,43.0,40.0,64.0,64.0,61.0,47.0,68.0,59.0,59.0,76.0,72.0,81.0,56.0,92.0,63.0,60.0,49.0,56.0,70.0
영동군 - 사고건수,Statistics,39.0,37.0,68.0,63.0,61.0,48.0,61.0,58.0,58.0,65.0,67.0,72.0,54.0,73.0,62.0,54.0,47.0,57.0,66.0
영동군 - 사망자수,Statistics,3.0,2.0,12.0,5.0,7.0,5.0,6.0,11.0,8.0,6.0,5.0,2.0,3.0,3.0,7.0,5.0,4.0,4.0,4.0
영등포구 - 부상자수,Statistics,130.0,137.0,165.0,186.0,179.0,211.0,220.0,287.0,268.0,323.0,325.0,340.0,358.0,375.0,320.0,291.0,318.0,320.0,356.0
영등포구 - 사고건수,Statistics,133.0,141.0,164.0,182.0,179.0,210.0,224.0,269.0,266.0,315.0,312.0,328.0,350.0,341.0,296.0,286.0,300.0,305.0,334.0
영등포구 - 사망자수,Statistics,6.0,9.0,9.0,4.0,9.0,4.0,14.0,9.0,8.0,12.0,5.0,8.0,6.0,2.0,1.0,6.0,5.0,2.0,4.0
영암군 - 부상자수,Statistics,80.0,93.0,103.0,122.0,126.0,156.0,106.0,130.0,136.0,148.0,128.0,115.0,179.0,158.0,122.0,104.0,119.0,139.0,149.0
영암군 - 사고건수,Statistics,88.0,95.0,89.0,102.0,113.0,128.0,91.0,116.0,125.0,116.0,124.0,100.0,138.0,130.0,106.0,84.0,113.0,114.0,125.0
영암군 - 사망자수,Statistics,16.0,16.0,14.0,7.0,7.0,14.0,11.0,9.0,12.0,6.0,13.0,7.0,13.0,4.0,5.0,8.0,9.0,9.0,7.0
영양군 - 부상자수,Statistics,26.0,26.0,23.0,28.0,30.0,24.0,46.0,23.0,38.0,36.0,44.0,48.0,37.0,36.0,30.0,36.0,30.0,22.0,29.0
영양군 - 사고건수,Statistics,23.0,31.0,21.0,23.0,26.0,23.0,39.0,22.0,34.0,32.0,36.0,35.0,33.0,31.0,28.0,24.0,25.0,26.0,28.0
영양군 - 사망자수,Statistics,3.0,8.0,2.0,1.0,1.0,1.0,2.0,2.0,4.0,2.0,1.0,1.0,1.0,2.0,,3.0,2.0,5.0,
영월군 - 부상자수,Statistics,63.0,36.0,37.0,41.0,29.0,39.0,36.0,33.0,35.0,64.0,70.0,58.0,81.0,51.0,49.0,58.0,59.0,70.0,79.0
영월군 - 사고건수,Statistics,35.0,35.0,37.0,35.0,29.0,32.0,31.0,32.0,32.0,49.0,61.0,51.0,69.0,45.0,44.0,42.0,47.0,57.0,69.0
영월군 - 사망자수,Statistics,4.0,4.0,3.0,1.0,3.0,2.0,2.0,4.0,4.0,4.0,7.0,3.0,8.0,3.0,2.0,1.0,5.0,5.0,2.0
영주시 - 부상자수,Statistics,113.0,151.0,179.0,167.0,158.0,170.0,161.0,195.0,192.0,207.0,194.0,231.0,180.0,196.0,139.0,174.0,142.0,100.0,92.0
영주시 - 사고건수,Statistics,107.0,144.0,163.0,144.0,152.0,154.0,152.0,175.0,173.0,203.0,180.0,197.0,166.0,193.0,134.0,160.0,136.0,100.0,91.0
영주시 - 사망자수,Statistics,8.0,6.0,9.0,6.0,7.0,9.0,6.0,8.0,7.0,8.0,4.0,6.0,5.0,7.0,9.0,9.0,9.0,9.0,8.0
영천시 - 부상자수,Statistics,151.0,159.0,181.0,196.0,196.0,171.0,150.0,179.0,178.0,220.0,219.0,226.0,281.0,277.0,239.0,245.0,152.0,182.0,190.0
영천시 - 사고건수,Statistics,133.0,149.0,165.0,188.0,174.0,156.0,141.0,155.0,164.0,205.0,190.0,186.0,228.0,237.0,207.0,214.0,143.0,163.0,170.0
영천시 - 사망자수,Statistics,12.0,11.0,9.0,13.0,13.0,13.0,10.0,8.0,8.0,20.0,16.0,13.0,7.0,18.0,7.0,7.0,13.0,10.0,8.0
예산군 - 부상자수,Statistics,119.0,137.0,139.0,186.0,180.0,197.0,129.0,150.0,161.0,162.0,113.0,162.0,159.0,155.0,153.0,109.0,149.0,126.0,147.0
예산군 - 사고건수,Statistics,101.0,132.0,123.0,167.0,157.0,169.0,123.0,130.0,137.0,139.0,106.0,139.0,146.0,147.0,136.0,104.0,126.0,118.0,129.0
예산군 - 사망자수,Statistics,11.0,14.0,9.0,12.0,11.0,9.0,10.0,10.0,10.0,12.0,12.0,10.0,12.0,9.0,11.0,10.0,10.0,6.0,8.0
예천군 - 부상자수,Statistics,59.0,62.0,66.0,93.0,86.0,49.0,92.0,67.0,72.0,111.0,74.0,67.0,79.0,109.0,101.0,86.0,62.0,47.0,86.0
예천군 - 사고건수,Statistics,61.0,63.0,65.0,92.0,72.0,50.0,80.0,60.0,66.0,103.0,76.0,69.0,77.0,99.0,90.0,79.0,53.0,48.0,79.0
예천군 - 사망자수,Statistics,6.0,6.0,9.0,11.0,8.0,8.0,11.0,7.0,4.0,7.0,7.0,7.0,4.0,5.0,10.0,2.0,5.0,3.0,6.0
오산시 - 부상자수,Statistics,24.0,36.0,47.0,44.0,50.0,61.0,61.0,86.0,72.0,97.0,90.0,106.0,141.0,146.0,116.0,146.0,150.0,155.0,145.0
오산시 - 사고건수,Statistics,24.0,39.0,42.0,47.0,52.0,61.0,55.0,81.0,72.0,90.0,87.0,101.0,124.0,134.0,110.0,131.0,134.0,140.0,137.0
오산시 - 사망자수,Statistics,2.0,4.0,2.0,7.0,2.0,4.0,4.0,,5.0,,3.0,4.0,,3.0,4.0,2.0,2.0,1.0,5.0
옥천군 - 부상자수,Statistics,41.0,61.0,52.0,78.0,47.0,80.0,73.0,81.0,96.0,71.0,78.0,91.0,84.0,99.0,49.0,59.0,38.0,71.0,71.0
옥천군 - 사고건수,Statistics,40.0,58.0,60.0,75.0,48.0,77.0,59.0,73.0,78.0,70.0,68.0,84.0,82.0,87.0,51.0,54.0,36.0,59.0,71.0
옥천군 - 사망자수,Statistics,10.0,6.0,11.0,10.0,5.0,8.0,3.0,6.0,3.0,6.0,4.0,4.0,6.0,5.0,3.0,3.0,2.0,6.0,7.0
옹진군 - 부상자수,Statistics,6.0,3.0,3.0,6.0,2.0,9.0,4.0,10.0,4.0,7.0,6.0,3.0,4.0,12.0,10.0,10.0,7.0,9.0,11.0
옹진군 - 사고건수,Statistics,4.0,3.0,3.0,6.0,2.0,8.0,5.0,8.0,4.0,10.0,9.0,4.0,5.0,8.0,9.0,8.0,8.0,8.0,10.0
옹진군 - 사망자수,Statistics,,1.0,,,,1.0,1.0,1.0,,3.0,3.0,1.0,1.0,1.0,1.0,1.0,1.0,,2.0
완도군 - 부상자수,Statistics,38.0,35.0,48.0,51.0,56.0,42.0,46.0,70.0,48.0,69.0,61.0,79.0,76.0,90.0,62.0,68.0,53.0,56.0,60.0
완도군 - 사고건수,Statistics,32.0,31.0,49.0,50.0,41.0,35.0,50.0,50.0,42.0,64.0,64.0,72.0,63.0,70.0,60.0,66.0,50.0,54.0,50.0
완도군 - 사망자수,Statistics,5.0,4.0,6.0,7.0,4.0,3.0,5.0,5.0,4.0,8.0,10.0,4.0,6.0,3.0,10.0,7.0,7.0,4.0,2.0
완주군 - 부상자수,Statistics,91.0,65.0,98.0,105.0,92.0,94.0,103.0,66.0,90.0,121.0,101.0,62.0,83.0,81.0,61.0,34.0,65.0,61.0,91.0
완주군 - 사고건수,Statistics,94.0,65.0,83.0,92.0,85.0,78.0,98.0,68.0,93.0,102.0,96.0,66.0,71.0,78.0,61.0,40.0,64.0,60.0,81.0
완주군 - 사망자수,Statistics,13.0,15.0,7.0,8.0,10.0,5.0,16.0,13.0,16.0,12.0,9.0,12.0,8.0,9.0,12.0,8.0,11.0,11.0,11.0
용산구 - 부상자수,Statistics,79.0,92.0,84.0,118.0,115.0,97.0,121.0,137.0,164.0,167.0,171.0,170.0,177.0,151.0,97.0,132.0,141.0,145.0,130.0
용산구 - 사고건수,Statistics,76.0,88.0,84.0,115.0,114.0,87.0,119.0,137.0,158.0,169.0,167.0,163.0,170.0,144.0,95.0,126.0,135.0,134.0,127.0
용산구 - 사망자수,Statistics,2.0,2.0,4.0,4.0,3.0,1.0,2.0,3.0,1.0,7.0,4.0,2.0,7.0,2.0,4.0,2.0,2.0,4.0,4.0
용인시 - 부상자수,Statistics,196.0,215.0,206.0,213.0,228.0,256.0,253.0,264.0,374.0,430.0,497.0,508.0,501.0,550.0,450.0,511.0,532.0,645.0,618.0
용인시 - 사고건수,Statistics,175.0,186.0,197.0,185.0,199.0,236.0,243.0,245.0,325.0,391.0,428.0,431.0,459.0,479.0,405.0,471.0,470.0,532.0,548.0
용인시 - 사망자수,Statistics,12.0,21.0,14.0,12.0,14.0,10.0,19.0,16.0,9.0,16.0,13.0,16.0,14.0,8.0,15.0,9.0,12.0,10.0,10.0
울릉군 - 부상자수,Statistics,2.0,2.0,4.0,5.0,,3.0,4.0,4.0,9.0,4.0,3.0,10.0,8.0,13.0,1.0,5.0,8.0,8.0,2.0
울릉군 - 사고건수,Statistics,3.0,2.0,3.0,4.0,,4.0,5.0,5.0,7.0,3.0,4.0,8.0,8.0,8.0,2.0,7.0,6.0,8.0,2.0
울릉군 - 사망자수,Statistics,1.0,,,,,1.0,1.0,2.0,2.0,,1.0,1.0,1.0,,1.0,2.0,,,
울산광역시 - 부상자수,Statistics,323.0,355.0,389.0,449.0,469.0,450.0,423.0,468.0,561.0,687.0,660.0,653.0,639.0,659.0,585.0,633.0,648.0,795.0,803.0
울산광역시 - 사고건수,Statistics,334.0,349.0,380.0,435.0,435.0,425.0,423.0,467.0,527.0,656.0,598.0,604.0,589.0,623.0,550.0,605.0,606.0,727.0,742.0
울산광역시 - 사망자수,Statistics,24.0,20.0,21.0,30.0,23.0,21.0,30.0,28.0,23.0,29.0,26.0,13.0,27.0,17.0,16.0,17.0,11.0,15.0,25.0
울주군 - 부상자수,Statistics,93.0,120.0,116.0,147.0,135.0,124.0,129.0,104.0,124.0,163.0,170.0,172.0,159.0,163.0,129.0,145.0,137.0,188.0,209.0
울주군 - 사고건수,Statistics,98.0,105.0,109.0,137.0,107.0,114.0,116.0,101.0,114.0,147.0,147.0,156.0,132.0,143.0,119.0,138.0,129.0,164.0,180.0
울주군 - 사망자수,Statistics,9.0,7.0,9.0,11.0,8.0,9.0,6.0,7.0,10.0,11.0,14.0,4.0,7.0,9.0,4.0,4.0,5.0,9.0,9.0
울진군 - 부상자수,Statistics,57.0,67.0,56.0,79.0,70.0,63.0,72.0,78.0,62.0,67.0,59.0,47.0,67.0,60.0,46.0,37.0,60.0,69.0,59.0
울진군 - 사고건수,Statistics,51.0,58.0,46.0,72.0,57.0,58.0,64.0,68.0,57.0,60.0,57.0,50.0,54.0,55.0,39.0,35.0,56.0,58.0,55.0
울진군 - 사망자수,Statistics,3.0,2.0,3.0,8.0,5.0,3.0,5.0,4.0,4.0,4.0,3.0,6.0,,4.0,3.0,3.0,5.0,2.0,4.0
원주시 - 부상자수,Statistics,205.0,218.0,261.0,284.0,281.0,273.0,299.0,285.0,359.0,331.0,377.0,399.0,364.0,372.0,325.0,355.0,333.0,312.0,298.0
원주시 - 사고건수,Statistics,202.0,205.0,234.0,242.0,251.0,258.0,286.0,262.0,286.0,294.0,332.0,344.0,312.0,336.0,292.0,319.0,285.0,275.0,263.0
원주시 - 사망자수,Statistics,16.0,12.0,13.0,11.0,13.0,22.0,22.0,10.0,9.0,11.0,12.0,14.0,4.0,12.0,8.0,10.0,10.0,14.0,6.0
유성구 - 부상자수,Statistics,51.0,45.0,43.0,60.0,56.0,81.0,61.0,89.0,137.0,162.0,179.0,231.0,275.0,255.0,242.0,248.0,244.0,261.0,274.0
유성구 - 사고건수,Statistics,51.0,47.0,50.0,59.0,55.0,80.0,64.0,81.0,125.0,150.0,171.0,213.0,239.0,237.0,213.0,224.0,204.0,230.0,246.0
유성구 - 사망자수,Statistics,5.0,5.0,8.0,5.0,8.0,7.0,8.0,9.0,8.0,6.0,5.0,3.0,5.0,8.0,1.0,6.0,2.0,4.0,2.0
은평구 - 부상자수,Statistics,96.0,107.0,162.0,207.0,173.0,186.0,228.0,180.0,201.0,206.0,221.0,209.0,247.0,250.0,199.0,183.0,196.0,248.0,286.0
은평구 - 사고건수,Statistics,100.0,106.0,164.0,197.0,166.0,194.0,221.0,177.0,195.0,208.0,217.0,195.0,244.0,246.0,195.0,171.0,183.0,238.0,264.0
은평구 - 사망자수,Statistics,6.0,3.0,4.0,8.0,8.0,14.0,10.0,4.0,2.0,11.0,9.0,6.0,7.0,5.0,8.0,5.0,1.0,4.0,2.0
음성군 - 부상자수,Statistics,72.0,93.0,84.0,104.0,89.0,84.0,108.0,106.0,113.0,155.0,129.0,122.0,168.0,161.0,135.0,121.0,123.0,121.0,121.0
음성군 - 사고건수,Statistics,68.0,85.0,80.0,98.0,90.0,90.0,100.0,92.0,98.0,127.0,119.0,112.0,148.0,139.0,130.0,99.0,113.0,105.0,109.0
음성군 - 사망자수,Statistics,7.0,7.0,9.0,4.0,9.0,11.0,7.0,12.0,10.0,16.0,13.0,10.0,7.0,7.0,9.0,4.0,6.0,9.0,5.0
의령군 - 부상자수,Statistics,41.0,57.0,45.0,38.0,42.0,75.0,53.0,62.0,58.0,75.0,56.0,59.0,62.0,78.0,51.0,74.0,52.0,68.0,57.0
의령군 - 사고건수,Statistics,33.0,52.0,41.0,36.0,29.0,62.0,50.0,62.0,57.0,64.0,49.0,53.0,61.0,67.0,51.0,63.0,51.0,51.0,51.0
의령군 - 사망자수,Statistics,3.0,1.0,5.0,2.0,2.0,6.0,5.0,9.0,5.0,5.0,4.0,4.0,7.0,3.0,4.0,4.0,5.0,1.0,3.0
의성군 - 부상자수,Statistics,75.0,89.0,87.0,97.0,101.0,81.0,80.0,83.0,111.0,138.0,120.0,110.0,120.0,127.0,111.0,99.0,118.0,144.0,120.0
의성군 - 사고건수,Statistics,77.0,95.0,74.0,92.0,88.0,80.0,73.0,80.0,99.0,117.0,117.0,103.0,108.0,123.0,110.0,89.0,107.0,120.0,109.0
의성군 - 사망자수,Statistics,10.0,15.0,7.0,7.0,11.0,11.0,10.0,8.0,6.0,6.0,14.0,11.0,7.0,13.0,9.0,7.0,7.0,,14.0
의왕시 - 부상자수,Statistics,13.0,21.0,21.0,19.0,33.0,36.0,45.0,48.0,42.0,85.0,62.0,49.0,65.0,98.0,60.0,68.0,44.0,55.0,80.0
의왕시 - 사고건수,Statistics,15.0,20.0,22.0,19.0,34.0,32.0,36.0,46.0,42.0,82.0,59.0,52.0,56.0,86.0,54.0,64.0,41.0,52.0,77.0
의왕시 - 사망자수,Statistics,3.0,,2.0,1.0,4.0,1.0,1.0,,2.0,1.0,,3.0,1.0,2.0,1.0,1.0,4.0,3.0,
의정부시 - 부상자수,Statistics,128.0,136.0,168.0,196.0,171.0,148.0,183.0,178.0,210.0,243.0,254.0,244.0,286.0,276.0,239.0,244.0,291.0,285.0,283.0
의정부시 - 사고건수,Statistics,132.0,125.0,164.0,196.0,163.0,148.0,185.0,166.0,201.0,229.0,245.0,224.0,264.0,261.0,217.0,228.0,262.0,261.0,253.0
의정부시 - 사망자수,Statistics,7.0,5.0,12.0,12.0,13.0,6.0,15.0,4.0,3.0,9.0,5.0,8.0,9.0,7.0,4.0,8.0,4.0,6.0,4.0
이천시 - 부상자수,Statistics,103.0,113.0,100.0,128.0,137.0,134.0,149.0,141.0,146.0,139.0,154.0,156.0,183.0,187.0,160.0,216.0,195.0,213.0,281.0
이천시 - 사고건수,Statistics,80.0,102.0,97.0,121.0,112.0,126.0,136.0,131.0,130.0,115.0,145.0,151.0,159.0,166.0,143.0,180.0,175.0,189.0,238.0
이천시 - 사망자수,Statistics,9.0,15.0,9.0,9.0,4.0,8.0,14.0,8.0,9.0,10.0,10.0,14.0,9.0,8.0,8.0,5.0,5.0,12.0,6.0
익산시 - 부상자수,Statistics,112.0,179.0,232.0,281.0,297.0,304.0,313.0,315.0,333.0,356.0,327.0,340.0,228.0,352.0,266.0,235.0,246.0,252.0,228.0
익산시 - 사고건수,Statistics,121.0,176.0,216.0,252.0,277.0,278.0,297.0,301.0,315.0,327.0,307.0,310.0,224.0,328.0,234.0,219.0,222.0,225.0,210.0
익산시 - 사망자수,Statistics,23.0,21.0,20.0,12.0,24.0,20.0,18.0,26.0,24.0,13.0,14.0,22.0,17.0,19.0,12.0,13.0,14.0,11.0,13.0
인제군 - 부상자수,Statistics,32.0,31.0,26.0,17.0,20.0,27.0,16.0,32.0,31.0,34.0,51.0,34.0,31.0,40.0,22.0,27.0,23.0,40.0,16.0
인제군 - 사고건수,Statistics,29.0,33.0,24.0,17.0,20.0,14.0,18.0,21.0,23.0,19.0,43.0,31.0,22.0,30.0,17.0,20.0,18.0,32.0,17.0
인제군 - 사망자수,Statistics,3.0,9.0,3.0,3.0,6.0,4.0,4.0,5.0,2.0,2.0,2.0,3.0,3.0,2.0,,1.0,2.0,1.0,2.0
인천광역시 - 부상자수,Statistics,745.0,719.0,826.0,974.0,831.0,888.0,928.0,955.0,990.0,1141.0,1044.0,997.0,1015.0,1145.0,1066.0,1014.0,1034.0,1234.0,1374.0
인천광역시 - 사고건수,Statistics,729.0,718.0,814.0,941.0,845.0,852.0,911.0,933.0,978.0,1106.0,1023.0,964.0,975.0,1119.0,1032.0,967.0,987.0,1182.0,1288.0
인천광역시 - 사망자수,Statistics,38.0,48.0,47.0,45.0,54.0,47.0,57.0,42.0,52.0,47.0,47.0,37.0,42.0,50.0,30.0,41.0,33.0,31.0,49.0
임실군 - 부상자수,Statistics,55.0,50.0,42.0,35.0,40.0,31.0,42.0,50.0,41.0,53.0,70.0,48.0,46.0,46.0,48.0,50.0,36.0,37.0,58.0
임실군 - 사고건수,Statistics,50.0,48.0,43.0,37.0,37.0,31.0,36.0,41.0,34.0,47.0,45.0,43.0,38.0,39.0,42.0,50.0,34.0,34.0,39.0
임실군 - 사망자수,Statistics,5.0,6.0,9.0,10.0,2.0,9.0,1.0,1.0,3.0,5.0,7.0,3.0,1.0,3.0,4.0,6.0,3.0,3.0,2.0
장성군 - 부상자수,Statistics,37.0,78.0,57.0,63.0,90.0,75.0,81.0,86.0,87.0,80.0,80.0,94.0,86.0,107.0,73.0,64.0,79.0,71.0,86.0
장성군 - 사고건수,Statistics,39.0,70.0,52.0,59.0,79.0,62.0,74.0,77.0,65.0,68.0,75.0,87.0,74.0,85.0,69.0,58.0,64.0,61.0,76.0
장성군 - 사망자수,Statistics,4.0,6.0,7.0,8.0,4.0,6.0,8.0,4.0,2.0,2.0,8.0,6.0,4.0,6.0,5.0,5.0,2.0,6.0,10.0
장수군 - 부상자수,Statistics,24.0,30.0,45.0,34.0,28.0,26.0,18.0,26.0,34.0,31.0,33.0,26.0,38.0,26.0,35.0,15.0,20.0,20.0,26.0
장수군 - 사고건수,Statistics,25.0,27.0,36.0,34.0,28.0,28.0,18.0,27.0,28.0,26.0,31.0,27.0,25.0,32.0,31.0,15.0,20.0,20.0,22.0
장수군 - 사망자수,Statistics,2.0,2.0,1.0,2.0,5.0,3.0,1.0,6.0,2.0,1.0,4.0,6.0,,6.0,1.0,2.0,1.0,5.0,2.0
장흥군 - 부상자수,Statistics,70.0,92.0,80.0,101.0,127.0,97.0,88.0,102.0,99.0,122.0,108.0,123.0,139.0,146.0,136.0,110.0,141.0,108.0,120.0
장흥군 - 사고건수,Statistics,67.0,78.0,74.0,85.0,113.0,82.0,82.0,84.0,89.0,102.0,100.0,112.0,116.0,126.0,106.0,105.0,105.0,92.0,99.0
장흥군 - 사망자수,Statistics,7.0,7.0,7.0,10.0,8.0,9.0,6.0,5.0,7.0,4.0,8.0,7.0,6.0,8.0,6.0,9.0,3.0,2.0,5.0
전국 - 부상자수,Statistics,20218.0,22013.0,24168.0,27409.0,27394.0,27999.0,29699.0,32178.0,35352.0,38582.0,38413.0,40579.0,41833.0,44390.0,38147.0,37894.0,39192.0,43005.0,44564.0
전국 - 사고건수,Statistics,19557.0,21134.0,23012.0,25983.0,25810.0,26483.0,28185.0,30283.0,33170.0,36053.0,35761.0,37555.0,38647.0,40645.0,35312.0,34907.0,35914.0,38960.0,40208.0
전국 - 사망자수,Statistics,1731.0,1786.0,1735.0,1826.0,1752.0,1724.0,1864.0,1833.0,1815.0,1814.0,1732.0,1767.0,1682.0,1523.0,1342.0,1295.0,1258.0,1240.0,1299.0
전라남도 - 부상자수,Statistics,1756.0,1970.0,2105.0,2319.0,2401.0,2213.0,2322.0,2654.0,2567.0,2843.0,2777.0,3056.0,3099.0,3618.0,2978.0,2703.0,2502.0,2802.0,2823.0
전라남도 - 사고건수,Statistics,1639.0,1784.0,1883.0,2069.0,2151.0,2002.0,2137.0,2369.0,2320.0,2536.0,2478.0,2760.0,2685.0,3056.0,2574.0,2347.0,2212.0,2376.0,2386.0
전라남도 - 사망자수,Statistics,163.0,181.0,168.0,186.0,175.0,171.0,206.0,221.0,191.0,181.0,193.0,201.0,165.0,177.0,139.0,151.0,111.0,128.0,131.0
전북특별자치도 - 부상자수,Statistics,1363.0,1502.0,1673.0,1822.0,1844.0,1967.0,1951.0,2066.0,2199.0,2253.0,2219.0,2316.0,1994.0,2243.0,1792.0,1681.0,1681.0,1802.0,1871.0
전북특별자치도 - 사고건수,Statistics,1320.0,1385.0,1541.0,1671.0,1714.0,1789.0,1807.0,1885.0,2040.0,2068.0,1976.0,2079.0,1856.0,2049.0,1624.0,1543.0,1577.0,1645.0,1672.0
전북특별자치도 - 사망자수,Statistics,146.0,152.0,132.0,138.0,152.0,135.0,142.0,147.0,156.0,149.0,130.0,167.0,134.0,135.0,110.0,103.0,121.0,102.0,100.0
전주시 - 부상자수,Statistics,323.0,377.0,367.0,431.0,410.0,404.0,397.0,432.0,439.0,426.0,417.0,465.0,452.0,451.0,353.0,397.0,403.0,428.0,473.0
전주시 - 사고건수,Statistics,321.0,351.0,357.0,412.0,398.0,387.0,371.0,416.0,411.0,404.0,378.0,435.0,419.0,428.0,338.0,369.0,370.0,401.0,426.0
전주시 - 사망자수,Statistics,27.0,24.0,23.0,23.0,32.0,15.0,22.0,22.0,12.0,31.0,18.0,27.0,18.0,16.0,21.0,17.0,15.0,17.0,9.0
정선군 - 부상자수,Statistics,32.0,32.0,15.0,45.0,28.0,33.0,42.0,20.0,33.0,55.0,36.0,51.0,37.0,25.0,32.0,41.0,59.0,42.0,78.0
정선군 - 사고건수,Statistics,27.0,31.0,19.0,29.0,25.0,26.0,27.0,20.0,29.0,45.0,32.0,43.0,35.0,22.0,27.0,42.0,48.0,34.0,59.0
정선군 - 사망자수,Statistics,7.0,8.0,4.0,2.0,4.0,1.0,1.0,4.0,3.0,2.0,4.0,3.0,7.0,3.0,1.0,4.0,,4.0,3.0
정읍시 - 부상자수,Statistics,160.0,156.0,132.0,175.0,162.0,207.0,164.0,201.0,205.0,191.0,234.0,261.0,264.0,239.0,193.0,123.0,168.0,138.0,171.0
정읍시 - 사고건수,Statistics,138.0,141.0,128.0,154.0,155.0,188.0,153.0,187.0,190.0,173.0,195.0,233.0,237.0,214.0,173.0,113.0,150.0,130.0,148.0
정읍시 - 사망자수,Statistics,12.0,16.0,11.0,21.0,13.0,10.0,17.0,18.0,14.0,13.0,11.0,16.0,5.0,14.0,8.0,9.0,13.0,5.0,10.0
제주시 - 부상자수,Statistics,,277.0,307.0,341.0,311.0,344.0,389.0,457.0,481.0,536.0,489.0,469.0,471.0,502.0,414.0,473.0,466.0,535.0,544.0
제주시 - 사고건수,Statistics,,260.0,284.0,314.0,299.0,324.0,369.0,438.0,456.0,482.0,462.0,451.0,446.0,473.0,397.0,430.0,434.0,497.0,508.0
제주시 - 사망자수,Statistics,,17.0,21.0,16.0,21.0,26.0,19.0,29.0,21.0,22.0,19.0,20.0,18.0,16.0,16.0,10.0,15.0,13.0,16.0
제주특별자치도 - 부상자수,Statistics,446.0,435.0,468.0,560.0,482.0,534.0,596.0,701.0,728.0,840.0,771.0,788.0,798.0,811.0,660.0,762.0,775.0,861.0,837.0
제주특별자치도 - 사고건수,Statistics,420.0,412.0,431.0,499.0,448.0,492.0,561.0,668.0,692.0,765.0,724.0,738.0,733.0,753.0,624.0,688.0,718.0,782.0,775.0
제주특별자치도 - 사망자수,Statistics,35.0,30.0,32.0,25.0,32.0,42.0,32.0,44.0,39.0,35.0,37.0,29.0,35.0,31.0,27.0,18.0,22.0,26.0,26.0
제천시 - 부상자수,Statistics,116.0,99.0,134.0,170.0,177.0,148.0,162.0,179.0,213.0,184.0,246.0,252.0,266.0,233.0,215.0,234.0,212.0,247.0,291.0
제천시 - 사고건수,Statistics,112.0,98.0,121.0,157.0,148.0,141.0,146.0,163.0,188.0,159.0,214.0,209.0,234.0,214.0,189.0,198.0,175.0,206.0,225.0
제천시 - 사망자수,Statistics,10.0,6.0,4.0,4.0,13.0,14.0,10.0,6.0,8.0,5.0,11.0,6.0,8.0,7.0,8.0,7.0,5.0,5.0,5.0
종로구 - 부상자수,Statistics,88.0,112.0,98.0,121.0,140.0,152.0,149.0,144.0,142.0,173.0,177.0,200.0,208.0,201.0,153.0,125.0,164.0,203.0,180.0
종로구 - 사고건수,Statistics,91.0,108.0,101.0,122.0,139.0,148.0,144.0,143.0,140.0,168.0,173.0,192.0,191.0,184.0,147.0,122.0,152.0,189.0,172.0
종로구 - 사망자수,Statistics,3.0,4.0,6.0,3.0,7.0,5.0,4.0,4.0,3.0,3.0,5.0,7.0,1.0,2.0,2.0,3.0,2.0,1.0,2.0
중구 - 부상자수,Statistics,90.0,79.0,99.0,140.0,132.0,141.0,143.0,149.0,166.0,170.0,143.0,168.0,166.0,153.0,163.0,130.0,157.0,156.0,188.0
중구 - 사고건수,Statistics,91.0,82.0,95.0,140.0,124.0,134.0,143.0,145.0,162.0,165.0,139.0,156.0,164.0,151.0,161.0,126.0,153.0,155.0,180.0
중구 - 사망자수,Statistics,3.0,6.0,2.0,8.0,2.0,2.0,5.0,4.0,1.0,3.0,6.0,1.0,3.0,3.0,2.0,1.0,1.0,1.0,2.0
중랑구 - 부상자수,Statistics,106.0,169.0,153.0,158.0,202.0,165.0,223.0,245.0,215.0,250.0,216.0,268.0,264.0,295.0,260.0,198.0,295.0,303.0,305.0
중랑구 - 사고건수,Statistics,108.0,173.0,152.0,161.0,193.0,163.0,217.0,230.0,204.0,240.0,213.0,250.0,254.0,276.0,242.0,191.0,276.0,290.0,273.0
중랑구 - 사망자수,Statistics,3.0,10.0,5.0,5.0,5.0,3.0,5.0,2.0,3.0,2.0,5.0,2.0,6.0,7.0,3.0,2.0,4.0,3.0,6.0
증평군 - 부상자수,Statistics,17.0,19.0,23.0,29.0,44.0,46.0,33.0,47.0,42.0,49.0,59.0,61.0,58.0,56.0,40.0,54.0,48.0,69.0,52.0
증평군 - 사고건수,Statistics,16.0,21.0,24.0,30.0,36.0,39.0,33.0,35.0,33.0,49.0,54.0,54.0,48.0,55.0,36.0,56.0,46.0,62.0,45.0
증평군 - 사망자수,Statistics,1.0,3.0,3.0,6.0,,2.0,3.0,3.0,,4.0,,,1.0,3.0,1.0,3.0,2.0,1.0,4.0
진도군 - 부상자수,Statistics,24.0,39.0,54.0,73.0,75.0,55.0,46.0,49.0,39.0,60.0,39.0,47.0,63.0,70.0,53.0,45.0,32.0,51.0,53.0
진도군 - 사고건수,Statistics,24.0,37.0,48.0,59.0,62.0,48.0,45.0,45.0,39.0,57.0,37.0,45.0,56.0,62.0,49.0,41.0,31.0,50.0,49.0
진도군 - 사망자수,Statistics,5.0,3.0,2.0,5.0,7.0,6.0,8.0,4.0,5.0,7.0,4.0,9.0,4.0,6.0,4.0,4.0,5.0,6.0,6.0
진안군 - 부상자수,Statistics,29.0,39.0,43.0,40.0,34.0,41.0,36.0,45.0,69.0,52.0,43.0,19.0,18.0,62.0,27.0,30.0,36.0,43.0,44.0
진안군 - 사고건수,Statistics,27.0,25.0,31.0,35.0,33.0,32.0,32.0,35.0,55.0,45.0,35.0,22.0,19.0,42.0,31.0,29.0,31.0,39.0,34.0
진안군 - 사망자수,Statistics,4.0,3.0,2.0,2.0,5.0,4.0,3.0,3.0,6.0,4.0,1.0,5.0,3.0,5.0,6.0,5.0,4.0,4.0,3.0
진주시 - 부상자수,Statistics,146.0,145.0,178.0,190.0,174.0,170.0,183.0,259.0,209.0,213.0,200.0,164.0,196.0,190.0,156.0,177.0,148.0,157.0,171.0
진주시 - 사고건수,Statistics,149.0,152.0,174.0,199.0,176.0,170.0,184.0,241.0,204.0,217.0,202.0,171.0,187.0,191.0,152.0,173.0,155.0,158.0,170.0
진주시 - 사망자수,Statistics,18.0,12.0,12.0,22.0,13.0,13.0,22.0,23.0,23.0,21.0,13.0,14.0,8.0,12.0,9.0,15.0,20.0,10.0,14.0
진천군 - 부상자수,Statistics,47.0,42.0,40.0,47.0,65.0,73.0,47.0,63.0,62.0,80.0,97.0,122.0,98.0,111.0,91.0,81.0,70.0,100.0,104.0
진천군 - 사고건수,Statistics,51.0,42.0,36.0,51.0,63.0,68.0,45.0,61.0,57.0,74.0,90.0,113.0,97.0,95.0,87.0,81.0,55.0,94.0,97.0
진천군 - 사망자수,Statistics,9.0,5.0,3.0,9.0,3.0,7.0,3.0,6.0,2.0,2.0,6.0,4.0,9.0,3.0,7.0,8.0,2.0,5.0,2.0
창녕군 - 부상자수,Statistics,79.0,101.0,94.0,110.0,86.0,105.0,137.0,125.0,138.0,132.0,160.0,146.0,161.0,130.0,122.0,90.0,98.0,95.0,126.0
창녕군 - 사고건수,Statistics,72.0,89.0,90.0,102.0,85.0,92.0,121.0,110.0,118.0,113.0,136.0,139.0,138.0,118.0,109.0,82.0,93.0,91.0,114.0
창녕군 - 사망자수,Statistics,10.0,10.0,10.0,9.0,10.0,6.0,10.0,10.0,4.0,8.0,8.0,9.0,5.0,3.0,3.0,1.0,6.0,7.0,5.0
창원시 - 부상자수,Statistics,,,,,386.0,391.0,428.0,492.0,482.0,556.0,534.0,495.0,538.0,616.0,534.0,491.0,544.0,688.0,629.0
창원시 - 사고건수,Statistics,,,,,382.0,390.0,415.0,465.0,452.0,521.0,506.0,479.0,527.0,586.0,503.0,469.0,527.0,631.0,596.0
창원시 - 사망자수,Statistics,,,,,24.0,29.0,29.0,40.0,23.0,21.0,24.0,27.0,31.0,31.0,17.0,28.0,27.0,20.0,20.0
천안시 - 부상자수,Statistics,132.0,198.0,208.0,205.0,216.0,224.0,242.0,205.0,267.0,297.0,291.0,379.0,424.0,384.0,361.0,363.0,381.0,489.0,561.0
천안시 - 사고건수,Statistics,138.0,177.0,194.0,211.0,213.0,217.0,224.0,202.0,269.0,285.0,276.0,356.0,407.0,362.0,346.0,331.0,354.0,449.0,478.0
천안시 - 사망자수,Statistics,19.0,18.0,18.0,22.0,19.0,24.0,16.0,16.0,25.0,23.0,14.0,17.0,23.0,12.0,15.0,10.0,13.0,23.0,16.0
철원군 - 부상자수,Statistics,36.0,32.0,44.0,37.0,39.0,42.0,55.0,42.0,46.0,59.0,62.0,54.0,46.0,44.0,37.0,38.0,39.0,44.0,36.0
철원군 - 사고건수,Statistics,41.0,37.0,35.0,40.0,37.0,35.0,45.0,39.0,42.0,55.0,55.0,48.0,43.0,41.0,34.0,33.0,30.0,38.0,30.0
철원군 - 사망자수,Statistics,9.0,7.0,4.0,5.0,2.0,4.0,7.0,2.0,5.0,6.0,3.0,8.0,3.0,4.0,1.0,3.0,,1.0,5.0
청도군 - 부상자수,Statistics,80.0,57.0,54.0,86.0,89.0,80.0,65.0,71.0,91.0,107.0,72.0,117.0,101.0,88.0,74.0,66.0,69.0,73.0,81.0
청도군 - 사고건수,Statistics,72.0,57.0,50.0,68.0,81.0,67.0,64.0,73.0,81.0,88.0,65.0,104.0,87.0,82.0,66.0,57.0,67.0,69.0,72.0
청도군 - 사망자수,Statistics,10.0,8.0,6.0,5.0,10.0,7.0,8.0,10.0,11.0,5.0,5.0,10.0,10.0,8.0,11.0,6.0,4.0,6.0,4.0
청송군 - 부상자수,Statistics,26.0,37.0,40.0,53.0,17.0,32.0,34.0,52.0,51.0,36.0,42.0,53.0,43.0,40.0,20.0,29.0,46.0,69.0,81.0
청송군 - 사고건수,Statistics,24.0,38.0,37.0,39.0,19.0,32.0,36.0,47.0,50.0,34.0,39.0,39.0,41.0,37.0,19.0,28.0,38.0,60.0,71.0
청송군 - 사망자수,Statistics,2.0,3.0,6.0,1.0,3.0,6.0,7.0,5.0,6.0,2.0,3.0,2.0,6.0,6.0,4.0,4.0,2.0,5.0,5.0
청양군 - 부상자수,Statistics,69.0,53.0,49.0,67.0,49.0,62.0,77.0,67.0,85.0,98.0,68.0,101.0,68.0,80.0,79.0,70.0,97.0,72.0,70.0
청양군 - 사고건수,Statistics,55.0,47.0,41.0,63.0,46.0,49.0,68.0,66.0,70.0,84.0,73.0,86.0,73.0,83.0,71.0,60.0,81.0,71.0,65.0
청양군 - 사망자수,Statistics,4.0,9.0,8.0,5.0,8.0,6.0,7.0,9.0,6.0,5.0,12.0,2.0,10.0,9.0,5.0,4.0,4.0,4.0,4.0
청주시 - 부상자수,Statistics,,,,,,,,,644.0,710.0,764.0,801.0,863.0,844.0,781.0,622.0,671.0,793.0,803.0
청주시 - 사고건수,Statistics,,,,,,,,,603.0,672.0,693.0,741.0,785.0,757.0,707.0,573.0,620.0,745.0,719.0
청주시 - 사망자수,Statistics,,,,,,,,,41.0,29.0,24.0,29.0,30.0,22.0,26.0,25.0,23.0,20.0,16.0
춘천시 - 부상자수,Statistics,173.0,172.0,209.0,240.0,244.0,297.0,295.0,286.0,282.0,323.0,321.0,348.0,313.0,331.0,255.0,295.0,326.0,311.0,413.0
춘천시 - 사고건수,Statistics,161.0,151.0,177.0,215.0,209.0,272.0,260.0,261.0,242.0,300.0,282.0,309.0,268.0,288.0,222.0,270.0,277.0,275.0,362.0
춘천시 - 사망자수,Statistics,8.0,13.0,7.0,14.0,6.0,14.0,9.0,14.0,12.0,14.0,9.0,16.0,8.0,9.0,8.0,8.0,6.0,7.0,11.0
충남 당진군 - 부상자수,Statistics,94.0,89.0,136.0,119.0,125.0,119.0,,,,,,,,,,,,,
충남 당진군 - 사고건수,Statistics,91.0,95.0,123.0,102.0,103.0,109.0,,,,,,,,,,,,,
충남 당진군 - 사망자수,Statistics,12.0,10.0,25.0,12.0,13.0,21.0,,,,,,,,,,,,,
충남 연기군 - 부상자수,Statistics,77.0,50.0,70.0,67.0,71.0,75.0,36.0,,,,,,,,,,,,
충남 연기군 - 사고건수,Statistics,70.0,58.0,62.0,62.0,69.0,69.0,29.0,,,,,,,,,,,,
충남 연기군 - 사망자수,Statistics,6.0,9.0,8.0,5.0,4.0,9.0,3.0,,,,,,,,,,,,
충북 청원군 - 부상자수,Statistics,125.0,132.0,122.0,143.0,141.0,127.0,148.0,169.0,,,,,,,,,,,
충북 청원군 - 사고건수,Statistics,118.0,129.0,107.0,143.0,127.0,121.0,139.0,154.0,,,,,,,,,,,
충북 청원군 - 사망자수,Statistics,16.0,15.0,10.0,16.0,10.0,12.0,18.0,9.0,,,,,,,,,,,
충북 청주시 - 부상자수,Statistics,261.0,308.0,329.0,353.0,350.0,355.0,367.0,434.0,,,,,,,,,,,
충북 청주시 - 사고건수,Statistics,264.0,299.0,325.0,346.0,340.0,345.0,353.0,411.0,,,,,,,,,,,
충북 청주시 - 사망자수,Statistics,24.0,15.0,16.0,15.0,21.0,19.0,21.0,14.0,,,,,,,,,,,
충주시 - 부상자수,Statistics,154.0,185.0,174.0,224.0,210.0,231.0,233.0,258.0,242.0,310.0,279.0,312.0,315.0,322.0,248.0,288.0,243.0,310.0,328.0
충주시 - 사고건수,Statistics,148.0,186.0,156.0,189.0,186.0,206.0,219.0,229.0,224.0,270.0,258.0,278.0,295.0,282.0,229.0,267.0,220.0,266.0,278.0
충주시 - 사망자수,Statistics,14.0,17.0,11.0,15.0,7.0,8.0,20.0,17.0,14.0,18.0,21.0,21.0,12.0,13.0,9.0,10.0,13.0,7.0,7.0
충청남도 - 부상자수,Statistics,1272.0,1491.0,1613.0,1684.0,1748.0,1762.0,1641.0,1678.0,1940.0,2111.0,2129.0,2423.0,2232.0,2183.0,2002.0,1882.0,1976.0,2013.0,2334.0
충청남도 - 사고건수,Statistics,1216.0,1413.0,1490.0,1586.0,1635.0,1647.0,1517.0,1538.0,1796.0,1990.0,1983.0,2137.0,2109.0,2044.0,1869.0,1730.0,1772.0,1834.0,2059.0
충청남도 - 사망자수,Statistics,170.0,156.0,193.0,164.0,172.0,180.0,155.0,149.0,165.0,164.0,161.0,145.0,186.0,149.0,133.0,116.0,121.0,114.0,120.0
충청북도 - 부상자수,Statistics,984.0,1121.0,1159.0,1365.0,1333.0,1372.0,1378.0,1541.0,1625.0,1782.0,1887.0,2029.0,2138.0,2106.0,1794.0,1702.0,1666.0,1945.0,2026.0
충청북도 - 사고건수,Statistics,953.0,1080.0,1101.0,1280.0,1245.0,1272.0,1282.0,1414.0,1477.0,1613.0,1707.0,1817.0,1936.0,1878.0,1647.0,1537.0,1490.0,1740.0,1773.0
충청북도 - 사망자수,Statistics,103.0,93.0,89.0,92.0,91.0,99.0,105.0,97.0,96.0,101.0,97.0,89.0,85.0,86.0,80.0,74.0,67.0,70.0,61.0
칠곡군 - 부상자수,Statistics,104.0,71.0,72.0,110.0,113.0,131.0,101.0,86.0,111.0,134.0,133.0,135.0,170.0,162.0,143.0,169.0,155.0,108.0,144.0
칠곡군 - 사고건수,Statistics,94.0,73.0,67.0,102.0,107.0,109.0,96.0,84.0,103.0,124.0,111.0,126.0,152.0,136.0,127.0,144.0,133.0,97.0,123.0
칠곡군 - 사망자수,Statistics,16.0,11.0,4.0,9.0,6.0,11.0,9.0,4.0,7.0,10.0,11.0,7.0,7.0,4.0,4.0,10.0,,4.0,2.0
태백시 - 부상자수,Statistics,25.0,47.0,47.0,44.0,34.0,31.0,31.0,47.0,39.0,76.0,61.0,54.0,60.0,57.0,56.0,53.0,87.0,52.0,93.0
태백시 - 사고건수,Statistics,21.0,42.0,45.0,43.0,26.0,27.0,29.0,42.0,39.0,56.0,55.0,43.0,58.0,51.0,50.0,51.0,68.0,49.0,77.0
태백시 - 사망자수,Statistics,,1.0,6.0,1.0,1.0,3.0,1.0,1.0,2.0,4.0,1.0,,5.0,1.0,1.0,4.0,1.0,,3.0
태안군 - 부상자수,Statistics,49.0,59.0,81.0,75.0,75.0,62.0,77.0,100.0,99.0,95.0,105.0,156.0,133.0,139.0,109.0,99.0,97.0,74.0,111.0
태안군 - 사고건수,Statistics,44.0,55.0,68.0,70.0,74.0,61.0,75.0,88.0,99.0,89.0,106.0,131.0,116.0,129.0,100.0,86.0,85.0,63.0,99.0
태안군 - 사망자수,Statistics,8.0,13.0,9.0,6.0,11.0,9.0,11.0,8.0,11.0,5.0,11.0,6.0,9.0,14.0,8.0,4.0,6.0,3.0,4.0
통영시 - 부상자수,Statistics,61.0,82.0,71.0,103.0,94.0,92.0,99.0,121.0,112.0,129.0,136.0,154.0,166.0,178.0,179.0,149.0,144.0,181.0,169.0
통영시 - 사고건수,Statistics,56.0,67.0,67.0,99.0,92.0,86.0,96.0,121.0,113.0,127.0,118.0,145.0,153.0,154.0,156.0,135.0,135.0,160.0,154.0
통영시 - 사망자수,Statistics,5.0,2.0,3.0,5.0,8.0,5.0,3.0,9.0,8.0,6.0,8.0,7.0,5.0,1.0,5.0,4.0,6.0,1.0,4.0
파주시 - 부상자수,Statistics,151.0,129.0,176.0,164.0,175.0,178.0,189.0,247.0,243.0,261.0,263.0,294.0,314.0,236.0,241.0,298.0,299.0,336.0,335.0
파주시 - 사고건수,Statistics,130.0,128.0,152.0,157.0,158.0,159.0,170.0,192.0,227.0,246.0,236.0,271.0,277.0,226.0,239.0,273.0,260.0,296.0,301.0
파주시 - 사망자수,Statistics,9.0,14.0,12.0,15.0,13.0,10.0,7.0,11.0,10.0,13.0,10.0,13.0,8.0,6.0,18.0,11.0,7.0,8.0,6.0
평창군 - 부상자수,Statistics,48.0,60.0,87.0,47.0,37.0,38.0,41.0,66.0,73.0,51.0,94.0,93.0,74.0,55.0,59.0,81.0,68.0,68.0,93.0
평창군 - 사고건수,Statistics,39.0,48.0,49.0,43.0,31.0,35.0,37.0,46.0,55.0,48.0,74.0,71.0,57.0,52.0,46.0,62.0,51.0,47.0,70.0
평창군 - 사망자수,Statistics,3.0,4.0,2.0,9.0,2.0,2.0,5.0,4.0,7.0,5.0,2.0,12.0,5.0,4.0,2.0,,6.0,3.0,3.0
평택시 - 부상자수,Statistics,186.0,203.0,183.0,270.0,232.0,242.0,230.0,253.0,300.0,397.0,439.0,431.0,500.0,491.0,435.0,410.0,435.0,475.0,473.0
평택시 - 사고건수,Statistics,174.0,180.0,196.0,262.0,224.0,226.0,225.0,250.0,277.0,372.0,407.0,417.0,460.0,458.0,392.0,379.0,402.0,420.0,427.0
평택시 - 사망자수,Statistics,17.0,23.0,25.0,20.0,20.0,12.0,16.0,23.0,12.0,21.0,16.0,23.0,19.0,16.0,17.0,9.0,13.0,13.0,10.0
포천시 - 부상자수,Statistics,107.0,90.0,102.0,148.0,145.0,110.0,125.0,147.0,178.0,187.0,157.0,199.0,205.0,206.0,182.0,206.0,222.0,181.0,157.0
포천시 - 사고건수,Statistics,86.0,85.0,92.0,117.0,95.0,110.0,107.0,131.0,158.0,157.0,142.0,160.0,165.0,179.0,158.0,186.0,172.0,151.0,126.0
포천시 - 사망자수,Statistics,7.0,8.0,9.0,9.0,8.0,9.0,7.0,8.0,17.0,5.0,12.0,7.0,7.0,9.0,5.0,7.0,3.0,4.0,2.0
포항시 - 부상자수,Statistics,238.0,252.0,260.0,249.0,301.0,265.0,311.0,366.0,464.0,452.0,518.0,530.0,588.0,619.0,548.0,578.0,551.0,655.0,661.0
포항시 - 사고건수,Statistics,237.0,255.0,250.0,246.0,300.0,257.0,305.0,354.0,412.0,426.0,476.0,471.0,536.0,557.0,494.0,534.0,506.0,567.0,584.0
포항시 - 사망자수,Statistics,20.0,23.0,10.0,22.0,19.0,18.0,19.0,12.0,15.0,16.0,21.0,16.0,32.0,21.0,12.0,17.0,9.0,10.0,12.0
하남시 - 부상자수,Statistics,34.0,46.0,51.0,69.0,77.0,107.0,78.0,84.0,117.0,122.0,108.0,140.0,158.0,156.0,190.0,208.0,190.0,247.0,228.0
하남시 - 사고건수,Statistics,34.0,39.0,50.0,63.0,76.0,95.0,70.0,79.0,110.0,115.0,95.0,119.0,157.0,146.0,179.0,187.0,172.0,212.0,208.0
하남시 - 사망자수,Statistics,1.0,1.0,1.0,6.0,5.0,2.0,3.0,2.0,3.0,5.0,1.0,4.0,6.0,8.0,3.0,2.0,2.0,3.0,4.0
하동군 - 부상자수,Statistics,54.0,49.0,52.0,53.0,58.0,71.0,88.0,56.0,56.0,76.0,74.0,78.0,69.0,69.0,46.0,45.0,54.0,57.0,80.0
하동군 - 사고건수,Statistics,49.0,47.0,51.0,53.0,49.0,65.0,70.0,47.0,56.0,68.0,67.0,73.0,62.0,64.0,51.0,43.0,45.0,58.0,73.0
하동군 - 사망자수,Statistics,7.0,6.0,6.0,6.0,3.0,3.0,9.0,3.0,5.0,5.0,8.0,7.0,5.0,7.0,7.0,5.0,2.0,8.0,3.0
함안군 - 부상자수,Statistics,79.0,84.0,100.0,85.0,93.0,98.0,100.0,75.0,88.0,93.0,61.0,82.0,77.0,111.0,104.0,102.0,75.0,115.0,127.0
함안군 - 사고건수,Statistics,77.0,68.0,78.0,79.0,91.0,97.0,89.0,80.0,79.0,100.0,66.0,83.0,81.0,100.0,100.0,92.0,74.0,103.0,113.0
함안군 - 사망자수,Statistics,7.0,5.0,9.0,10.0,12.0,11.0,8.0,12.0,5.0,15.0,10.0,9.0,13.0,7.0,3.0,4.0,5.0,8.0,8.0
함양군 - 부상자수,Statistics,38.0,45.0,49.0,66.0,60.0,64.0,57.0,79.0,58.0,51.0,89.0,88.0,78.0,107.0,62.0,82.0,103.0,102.0,79.0
함양군 - 사고건수,Statistics,31.0,44.0,51.0,57.0,53.0,64.0,54.0,76.0,62.0,46.0,79.0,77.0,70.0,88.0,49.0,74.0,92.0,88.0,80.0
함양군 - 사망자수,Statistics,7.0,4.0,8.0,5.0,8.0,7.0,6.0,6.0,7.0,2.0,3.0,5.0,7.0,3.0,3.0,3.0,9.0,10.0,7.0
함평군 - 부상자수,Statistics,61.0,57.0,54.0,74.0,70.0,80.0,62.0,90.0,89.0,76.0,96.0,101.0,102.0,93.0,101.0,100.0,74.0,108.0,86.0
함평군 - 사고건수,Statistics,54.0,59.0,47.0,59.0,68.0,69.0,58.0,71.0,65.0,72.0,72.0,77.0,82.0,80.0,77.0,88.0,70.0,90.0,62.0
함평군 - 사망자수,Statistics,3.0,12.0,9.0,3.0,10.0,7.0,7.0,5.0,6.0,5.0,9.0,3.0,4.0,5.0,2.0,8.0,4.0,5.0,1.0
합천군 - 부상자수,Statistics,68.0,80.0,77.0,74.0,54.0,71.0,97.0,76.0,71.0,89.0,81.0,87.0,74.0,80.0,97.0,82.0,105.0,87.0,81.0
합천군 - 사고건수,Statistics,47.0,63.0,60.0,53.0,52.0,64.0,93.0,73.0,71.0,74.0,78.0,88.0,74.0,76.0,89.0,74.0,89.0,81.0,71.0
합천군 - 사망자수,Statistics,3.0,8.0,9.0,3.0,9.0,11.0,12.0,9.0,4.0,8.0,6.0,8.0,6.0,7.0,7.0,4.0,5.0,6.0,2.0
해남군 - 부상자수,Statistics,104.0,132.0,131.0,165.0,136.0,121.0,141.0,155.0,138.0,135.0,161.0,156.0,150.0,194.0,124.0,126.0,120.0,110.0,130.0
해남군 - 사고건수,Statistics,83.0,103.0,108.0,139.0,110.0,100.0,120.0,129.0,123.0,118.0,138.0,144.0,136.0,165.0,109.0,97.0,105.0,99.0,104.0
해남군 - 사망자수,Statistics,6.0,13.0,13.0,15.0,6.0,10.0,14.0,9.0,17.0,9.0,14.0,11.0,11.0,14.0,9.0,7.0,6.0,5.0,4.0
해운대구 - 부상자수,Statistics,83.0,55.0,70.0,114.0,120.0,125.0,165.0,133.0,209.0,176.0,197.0,157.0,181.0,184.0,141.0,144.0,163.0,176.0,152.0
해운대구 - 사고건수,Statistics,84.0,51.0,73.0,113.0,107.0,131.0,158.0,129.0,195.0,173.0,187.0,146.0,171.0,176.0,134.0,135.0,146.0,164.0,141.0
해운대구 - 사망자수,Statistics,9.0,5.0,5.0,4.0,2.0,10.0,3.0,5.0,8.0,7.0,3.0,4.0,5.0,8.0,1.0,2.0,3.0,4.0,2.0
홍성군 - 부상자수,Statistics,105.0,128.0,111.0,111.0,103.0,125.0,77.0,135.0,133.0,140.0,130.0,126.0,94.0,108.0,95.0,81.0,50.0,62.0,92.0
홍성군 - 사고건수,Statistics,92.0,116.0,107.0,103.0,99.0,111.0,84.0,123.0,116.0,136.0,119.0,116.0,94.0,104.0,96.0,74.0,60.0,62.0,93.0
홍성군 - 사망자수,Statistics,7.0,5.0,14.0,10.0,9.0,13.0,14.0,8.0,14.0,14.0,11.0,11.0,17.0,11.0,8.0,2.0,14.0,6.0,8.0
홍천군 - 부상자수,Statistics,83.0,62.0,90.0,77.0,85.0,56.0,77.0,79.0,81.0,91.0,89.0,92.0,111.0,105.0,110.0,125.0,96.0,96.0,84.0
홍천군 - 사고건수,Statistics,70.0,65.0,69.0,76.0,66.0,55.0,65.0,75.0,69.0,80.0,79.0,78.0,90.0,92.0,92.0,103.0,80.0,78.0,68.0
홍천군 - 사망자수,Statistics,8.0,11.0,4.0,10.0,2.0,5.0,13.0,4.0,5.0,5.0,4.0,5.0,5.0,8.0,3.0,8.0,3.0,6.0,5.0
화성시 - 부상자수,Statistics,122.0,127.0,143.0,221.0,180.0,148.0,189.0,203.0,251.0,269.0,271.0,332.0,354.0,359.0,343.0,382.0,433.0,503.0,554.0
화성시 - 사고건수,Statistics,119.0,123.0,145.0,192.0,166.0,139.0,181.0,195.0,242.0,234.0,253.0,316.0,308.0,323.0,317.0,330.0,396.0,446.0,498.0
화성시 - 사망자수,Statistics,13.0,15.0,18.0,19.0,11.0,8.0,24.0,12.0,20.0,9.0,14.0,21.0,11.0,6.0,13.0,7.0,12.0,10.0,12.0
화순군 - 부상자수,Statistics,68.0,55.0,77.0,72.0,108.0,85.0,90.0,121.0,72.0,111.0,97.0,100.0,110.0,132.0,115.0,121.0,98.0,109.0,108.0
화순군 - 사고건수,Statistics,65.0,52.0,65.0,73.0,76.0,75.0,83.0,108.0,63.0,97.0,82.0,91.0,90.0,111.0,89.0,99.0,80.0,82.0,97.0
화순군 - 사망자수,Statistics,5.0,5.0,3.0,8.0,2.0,3.0,9.0,8.0,5.0,9.0,6.0,6.0,4.0,9.0,5.0,3.0,1.0,4.0,4.0
화천군 - 부상자수,Statistics,14.0,19.0,10.0,22.0,21.0,25.0,19.0,28.0,29.0,14.0,26.0,22.0,24.0,33.0,27.0,20.0,24.0,26.0,44.0
화천군 - 사고건수,Statistics,16.0,17.0,12.0,26.0,17.0,22.0,17.0,22.0,28.0,15.0,24.0,21.0,18.0,29.0,26.0,20.0,24.0,25.0,34.0
화천군 - 사망자수,Statistics,3.0,2.0,3.0,6.0,3.0,1.0,1.0,,3.0,1.0,3.0,,1.0,3.0,3.0,1.0,1.0,,2.0
횡성군 - 부상자수,Statistics,38.0,48.0,47.0,43.0,37.0,71.0,61.0,51.0,52.0,65.0,73.0,48.0,53.0,70.0,83.0,66.0,57.0,58.0,64.0
횡성군 - 사고건수,Statistics,44.0,42.0,44.0,46.0,38.0,52.0,47.0,49.0,50.0,54.0,60.0,47.0,49.0,59.0,69.0,60.0,45.0,55.0,53.0
횡성군 - 사망자수,Statistics,10.0,5.0,9.0,6.0,8.0,6.0,5.0,5.0,6.0,5.0,5.0,7.0,6.0,3.0,1.0,4.0,3.0,10.0,6.0
