item,category,1997,2000,2001,2002,2003,2004,2005,2006,2007,2008,2009,2010,2011,2012,2013,2014,2015,2016,2017,2018,2019,2020,2021,2022
가평군 - 행정구역(시도시군구)별 사업장수 폐수 발생량 폐수 방류량 유기물질 부하량,Statistics,54.0,89.0,96.0,87.0,88.0,101.0,106.0,114.0,90.0,98.0,92.0,104.0,101.0,101.0,93.0,95.0,95.0,82.0,106.0,90.0,91.0,91.0,97.0,100.0
강남구 - 행정구역(시도시군구)별 사업장수 폐수 발생량 폐수 방류량 유기물질 부하량,Statistics,389.0,568.0,686.0,689.0,690.0,303.0,329.0,339.0,312.0,297.0,310.0,267.0,255.0,235.0,232.0,225.0,225.0,199.0,210.0,193.0,196.0,195.0,193.0,197.0
강동구 - 행정구역(시도시군구)별 사업장수 폐수 발생량 폐수 방류량 유기물질 부하량,Statistics,170.0,330.0,293.0,293.0,293.0,113.0,140.0,131.0,131.0,139.0,149.0,145.0,143.0,148.0,154.0,145.0,145.0,131.0,127.0,116.0,109.0,99.0,97.0,91.0
강릉시 - 행정구역(시도시군구)별 사업장수 폐수 발생량 폐수 방류량 유기물질 부하량,Statistics,234.0,7.0,312.0,347.0,347.0,359.0,355.0,270.0,281.0,302.0,305.0,274.0,287.0,274.0,270.0,248.0,248.0,243.0,264.0,89.0,253.0,244.0,239.0,240.0
강북구 - 행정구역(시도시군구)별 사업장수 폐수 발생량 폐수 방류량 유기물질 부하량,Statistics,79.0,158.0,170.0,195.0,195.0,54.0,56.0,55.0,59.0,56.0,57.0,57.0,58.0,54.0,56.0,57.0,57.0,59.0,68.0,55.0,56.0,56.0,57.0,56.0
강서구 - 행정구역(시도시군구)별 사업장수 폐수 발생량 폐수 방류량 유기물질 부하량,Statistics,204.0,314.0,351.0,375.0,376.0,151.0,165.0,165.0,185.0,184.0,183.0,190.0,183.0,185.0,184.0,180.0,180.0,187.0,200.0,192.0,186.0,196.0,197.0,196.0
강진군 - 행정구역(시도시군구)별 사업장수 폐수 발생량 폐수 방류량 유기물질 부하량,Statistics,47.0,44.0,38.0,38.0,46.0,40.0,40.0,35.0,36.0,36.0,32.0,32.0,41.0,34.0,34.0,48.0,48.0,47.0,56.0,45.0,48.0,59.0,52.0,52.0
강화군 - 행정구역(시도시군구)별 사업장수 폐수 발생량 폐수 방류량 유기물질 부하량,Statistics,42.0,62.0,60.0,60.0,74.0,41.0,42.0,43.0,43.0,44.0,48.0,47.0,244.0,40.0,38.0,36.0,36.0,38.0,39.0,37.0,45.0,51.0,53.0,13.0
거제시 - 행정구역(시도시군구)별 사업장수 폐수 발생량 폐수 방류량 유기물질 부하량,Statistics,122.0,170.0,183.0,195.0,203.0,131.0,118.0,106.0,107.0,116.0,114.0,124.0,136.0,93.0,100.0,104.0,104.0,121.0,128.0,85.0,135.0,137.0,161.0,126.0
거창군 - 행정구역(시도시군구)별 사업장수 폐수 발생량 폐수 방류량 유기물질 부하량,Statistics,50.0,77.0,74.0,76.0,81.0,64.0,67.0,66.0,63.0,64.0,67.0,72.0,68.0,73.0,74.0,70.0,70.0,63.0,76.0,71.0,74.0,69.0,70.0,92.0
경산시 - 행정구역(시도시군구)별 사업장수 폐수 발생량 폐수 방류량 유기물질 부하량,Statistics,257.0,386.0,432.0,452.0,466.0,341.0,384.0,453.0,454.0,445.0,419.0,461.0,418.0,491.0,477.0,474.0,474.0,491.0,535.0,408.0,507.0,529.0,515.0,513.0
경주시 - 행정구역(시도시군구)별 사업장수 폐수 발생량 폐수 방류량 유기물질 부하량,Statistics,284.0,417.0,357.0,391.0,467.0,320.0,339.0,346.0,362.0,362.0,365.0,390.0,399.0,430.0,436.0,485.0,485.0,492.0,540.0,550.0,248.0,425.0,421.0,310.0
계 - 행정구역(시도시군구)별 사업장수 폐수 발생량 폐수 방류량 유기물질 부하량,Statistics,4792.0,7756.0,8601.0,9355.0,9369.0,4366.0,4564.0,4318.0,4458.0,4305.0,4110.0,4068.0,3884.0,3695.0,3571.0,3438.0,3438.0,3289.0,3391.0,2963.0,2902.0,2839.0,2831.0,2705.0
계룡시 - 행정구역(시도시군구)별 사업장수 폐수 발생량 폐수 방류량 유기물질 부하량,Statistics,,,,,,21.0,22.0,21.0,21.0,23.0,23.0,25.0,24.0,23.0,24.0,24.0,24.0,24.0,25.0,21.0,28.0,30.0,32.0,32.0
계룡출장소 - 행정구역(시도시군구)별 사업장수 폐수 발생량 폐수 방류량 유기물질 부하량,Statistics,10.0,15.0,,,,,,,,,,,,,,,,,,,,,,
계양구 - 행정구역(시도시군구)별 사업장수 폐수 발생량 폐수 방류량 유기물질 부하량,Statistics,119.0,194.0,228.0,215.0,237.0,113.0,118.0,113.0,122.0,113.0,111.0,120.0,50.0,127.0,122.0,118.0,118.0,118.0,127.0,86.0,124.0,124.0,124.0,126.0
고령군 - 행정구역(시도시군구)별 사업장수 폐수 발생량 폐수 방류량 유기물질 부하량,Statistics,76.0,117.0,135.0,139.0,141.0,138.0,146.0,139.0,147.0,154.0,155.0,152.0,156.0,161.0,167.0,174.0,174.0,193.0,217.0,71.0,227.0,224.0,221.0,146.0
고성군 - 행정구역(시도시군구)별 사업장수 폐수 발생량 폐수 방류량 유기물질 부하량,Statistics,48.0,65.0,64.0,64.0,72.0,49.0,50.0,50.0,49.0,63.0,62.0,69.0,73.0,76.0,77.0,71.0,71.0,80.0,85.0,97.0,91.0,90.0,83.0,89.0
고양시 - 행정구역(시도시군구)별 사업장수 폐수 발생량 폐수 방류량 유기물질 부하량,Statistics,303.0,,,,,,,,,,,,,,,,,,,,,,,
고양시덕양구 - 행정구역(시도시군구)별 사업장수 폐수 발생량 폐수 방류량 유기물질 부하량,Statistics,,252.0,253.0,276.0,281.0,193.0,198.0,196.0,204.0,165.0,172.0,161.0,175.0,177.0,158.0,155.0,155.0,172.0,183.0,180.0,180.0,177.0,180.0,195.0
고양시일산구 - 행정구역(시도시군구)별 사업장수 폐수 발생량 폐수 방류량 유기물질 부하량,Statistics,,311.0,310.0,347.0,359.0,311.0,,,,,,,,,,,,,,,,,,
고양시일산동구 - 행정구역(시도시군구)별 사업장수 폐수 발생량 폐수 방류량 유기물질 부하량,Statistics,,,,,,,216.0,217.0,250.0,257.0,265.0,240.0,282.0,288.0,275.0,270.0,270.0,289.0,299.0,280.0,252.0,254.0,245.0,268.0
고양시일산서구 - 행정구역(시도시군구)별 사업장수 폐수 발생량 폐수 방류량 유기물질 부하량,Statistics,,,,,,,108.0,112.0,123.0,112.0,124.0,105.0,121.0,124.0,120.0,115.0,115.0,118.0,124.0,120.0,110.0,112.0,105.0,120.0
고창군 - 행정구역(시도시군구)별 사업장수 폐수 발생량 폐수 방류량 유기물질 부하량,Statistics,40.0,25.0,25.0,29.0,29.0,28.0,30.0,32.0,33.0,44.0,49.0,51.0,53.0,61.0,64.0,68.0,68.0,69.0,77.0,78.0,76.0,78.0,80.0,82.0
고흥군 - 행정구역(시도시군구)별 사업장수 폐수 발생량 폐수 방류량 유기물질 부하량,Statistics,78.0,113.0,76.0,76.0,76.0,99.0,96.0,96.0,98.0,97.0,98.0,99.0,132.0,112.0,113.0,118.0,118.0,86.0,88.0,86.0,119.0,129.0,130.0,131.0
곡성군 - 행정구역(시도시군구)별 사업장수 폐수 발생량 폐수 방류량 유기물질 부하량,Statistics,37.0,44.0,42.0,41.0,45.0,24.0,28.0,28.0,33.0,25.0,40.0,53.0,53.0,42.0,47.0,50.0,50.0,48.0,38.0,39.0,39.0,42.0,44.0,42.0
공주시 - 행정구역(시도시군구)별 사업장수 폐수 발생량 폐수 방류량 유기물질 부하량,Statistics,124.0,172.0,162.0,194.0,202.0,144.0,144.0,119.0,135.0,170.0,184.0,178.0,191.0,155.0,177.0,174.0,174.0,201.0,151.0,162.0,166.0,180.0,154.0,173.0
과천시 - 행정구역(시도시군구)별 사업장수 폐수 발생량 폐수 방류량 유기물질 부하량,Statistics,17.0,30.0,30.0,41.0,41.0,13.0,14.0,18.0,18.0,16.0,20.0,18.0,19.0,20.0,20.0,20.0,20.0,20.0,21.0,19.0,21.0,23.0,22.0,19.0
관악구 - 행정구역(시도시군구)별 사업장수 폐수 발생량 폐수 방류량 유기물질 부하량,Statistics,105.0,223.0,251.0,251.0,251.0,58.0,61.0,55.0,58.0,59.0,63.0,66.0,66.0,64.0,61.0,57.0,57.0,57.0,57.0,62.0,62.0,53.0,48.0,48.0
광명시 - 행정구역(시도시군구)별 사업장수 폐수 발생량 폐수 방류량 유기물질 부하량,Statistics,73.0,116.0,137.0,144.0,144.0,58.0,60.0,62.0,61.0,62.0,61.0,66.0,70.0,72.0,72.0,77.0,77.0,73.0,74.0,70.0,70.0,64.0,64.0,62.0
광산구 - 행정구역(시도시군구)별 사업장수 폐수 발생량 폐수 방류량 유기물질 부하량,Statistics,239.0,332.0,330.0,384.0,388.0,405.0,393.0,408.0,428.0,447.0,463.0,482.0,499.0,516.0,491.0,506.0,506.0,509.0,581.0,610.0,564.0,565.0,577.0,576.0
광양시 - 행정구역(시도시군구)별 사업장수 폐수 발생량 폐수 방류량 유기물질 부하량,Statistics,135.0,178.0,173.0,155.0,155.0,113.0,178.0,200.0,209.0,222.0,243.0,253.0,273.0,261.0,279.0,252.0,252.0,234.0,232.0,265.0,245.0,258.0,255.0,258.0
광주군 - 행정구역(시도시군구)별 사업장수 폐수 발생량 폐수 방류량 유기물질 부하량,Statistics,132.0,,0.0,,,,,,,,,,,,,,,,,,,,,
광주시 - 행정구역(시도시군구)별 사업장수 폐수 발생량 폐수 방류량 유기물질 부하량,Statistics,,282.0,283.0,283.0,283.0,331.0,289.0,295.0,329.0,361.0,373.0,415.0,369.0,351.0,366.0,355.0,355.0,338.0,345.0,307.0,310.0,330.0,316.0,313.0
광진구 - 행정구역(시도시군구)별 사업장수 폐수 발생량 폐수 방류량 유기물질 부하량,Statistics,108.0,216.0,211.0,233.0,233.0,64.0,65.0,69.0,68.0,65.0,61.0,64.0,61.0,61.0,60.0,56.0,56.0,54.0,55.0,48.0,47.0,44.0,45.0,46.0
괴산군 - 행정구역(시도시군구)별 사업장수 폐수 발생량 폐수 방류량 유기물질 부하량,Statistics,62.0,60.0,97.0,106.0,79.0,42.0,41.0,40.0,41.0,64.0,79.0,78.0,107.0,119.0,127.0,131.0,131.0,134.0,151.0,184.0,178.0,206.0,175.0,185.0
구례군 - 행정구역(시도시군구)별 사업장수 폐수 발생량 폐수 방류량 유기물질 부하량,Statistics,22.0,31.0,29.0,30.0,30.0,22.0,23.0,25.0,26.0,25.0,23.0,22.0,24.0,25.0,36.0,43.0,43.0,43.0,44.0,45.0,46.0,44.0,46.0,40.0
구로구 - 행정구역(시도시군구)별 사업장수 폐수 발생량 폐수 방류량 유기물질 부하량,Statistics,166.0,215.0,198.0,198.0,199.0,98.0,139.0,118.0,124.0,137.0,144.0,129.0,124.0,119.0,121.0,125.0,125.0,135.0,132.0,122.0,123.0,131.0,121.0,125.0
구리시 - 행정구역(시도시군구)별 사업장수 폐수 발생량 폐수 방류량 유기물질 부하량,Statistics,82.0,131.0,130.0,142.0,144.0,63.0,62.0,66.0,69.0,72.0,76.0,77.0,76.0,79.0,72.0,75.0,75.0,72.0,79.0,69.0,74.0,71.0,69.0,67.0
구미시 - 행정구역(시도시군구)별 사업장수 폐수 발생량 폐수 방류량 유기물질 부하량,Statistics,336.0,456.0,450.0,450.0,450.0,282.0,393.0,445.0,477.0,556.0,583.0,644.0,504.0,551.0,615.0,607.0,607.0,583.0,662.0,653.0,643.0,676.0,708.0,672.0
군산시 - 행정구역(시도시군구)별 사업장수 폐수 발생량 폐수 방류량 유기물질 부하량,Statistics,238.0,282.0,386.0,309.0,360.0,253.0,260.0,271.0,311.0,369.0,348.0,340.0,314.0,325.0,332.0,315.0,315.0,347.0,426.0,388.0,388.0,374.0,355.0,368.0
군위군 - 행정구역(시도시군구)별 사업장수 폐수 발생량 폐수 방류량 유기물질 부하량,Statistics,28.0,44.0,48.0,52.0,52.0,42.0,50.0,51.0,52.0,55.0,54.0,55.0,57.0,54.0,54.0,57.0,57.0,61.0,57.0,31.0,60.0,59.0,61.0,16.0
군포시 - 행정구역(시도시군구)별 사업장수 폐수 발생량 폐수 방류량 유기물질 부하량,Statistics,149.0,230.0,191.0,212.0,214.0,175.0,200.0,157.0,136.0,116.0,128.0,135.0,138.0,155.0,166.0,140.0,140.0,142.0,161.0,146.0,103.0,75.0,130.0,153.0
금산군 - 행정구역(시도시군구)별 사업장수 폐수 발생량 폐수 방류량 유기물질 부하량,Statistics,78.0,90.0,110.0,110.0,110.0,208.0,245.0,217.0,188.0,207.0,224.0,232.0,244.0,250.0,252.0,255.0,255.0,225.0,299.0,280.0,294.0,295.0,283.0,287.0
금정구 - 행정구역(시도시군구)별 사업장수 폐수 발생량 폐수 방류량 유기물질 부하량,Statistics,139.0,216.0,220.0,223.0,229.0,113.0,107.0,113.0,111.0,111.0,115.0,111.0,49.0,107.0,106.0,104.0,104.0,92.0,96.0,84.0,88.0,89.0,79.0,74.0
금천구 - 행정구역(시도시군구)별 사업장수 폐수 발생량 폐수 방류량 유기물질 부하량,Statistics,156.0,217.0,319.0,319.0,319.0,225.0,229.0,238.0,247.0,237.0,228.0,228.0,238.0,232.0,229.0,222.0,222.0,212.0,195.0,141.0,145.0,149.0,145.0,154.0
기장군 - 행정구역(시도시군구)별 사업장수 폐수 발생량 폐수 방류량 유기물질 부하량,Statistics,89.0,103.0,104.0,111.0,111.0,95.0,98.0,89.0,99.0,106.0,120.0,139.0,7.0,159.0,163.0,173.0,173.0,168.0,191.0,26.0,191.0,188.0,192.0,193.0
김제시 - 행정구역(시도시군구)별 사업장수 폐수 발생량 폐수 방류량 유기물질 부하량,Statistics,130.0,136.0,136.0,159.0,159.0,228.0,151.0,181.0,180.0,160.0,142.0,152.0,262.0,232.0,223.0,223.0,,257.0,187.0,167.0,196.0,174.0,153.0,180.0
김천시 - 행정구역(시도시군구)별 사업장수 폐수 발생량 폐수 방류량 유기물질 부하량,Statistics,130.0,170.0,152.0,152.0,170.0,146.0,147.0,146.0,131.0,158.0,172.0,161.0,110.0,120.0,127.0,127.0,127.0,189.0,215.0,220.0,124.0,28.0,219.0,224.0
김포군 - 행정구역(시도시군구)별 사업장수 폐수 발생량 폐수 방류량 유기물질 부하량,Statistics,146.0,,,,,,,,,,,,,,,,,,,,,,,
김포시 - 행정구역(시도시군구)별 사업장수 폐수 발생량 폐수 방류량 유기물질 부하량,Statistics,,285.0,288.0,288.0,288.0,492.0,490.0,490.0,657.0,725.0,786.0,666.0,713.0,748.0,839.0,851.0,851.0,899.0,1100.0,1088.0,875.0,987.0,1047.0,825.0
김해시 - 행정구역(시도시군구)별 사업장수 폐수 발생량 폐수 방류량 유기물질 부하량,Statistics,375.0,560.0,593.0,708.0,708.0,702.0,798.0,820.0,868.0,928.0,947.0,857.0,913.0,952.0,1013.0,1064.0,1064.0,1097.0,1205.0,1131.0,1118.0,1186.0,1244.0,1264.0
나주시 - 행정구역(시도시군구)별 사업장수 폐수 발생량 폐수 방류량 유기물질 부하량,Statistics,147.0,82.0,88.0,88.0,88.0,129.0,139.0,138.0,143.0,148.0,150.0,163.0,186.0,178.0,163.0,167.0,167.0,138.0,173.0,248.0,231.0,231.0,226.0,263.0
남구 - 행정구역(시도시군구)별 사업장수 폐수 발생량 폐수 방류량 유기물질 부하량,Statistics,143.0,198.0,191.0,201.0,209.0,108.0,103.0,96.0,114.0,104.0,104.0,98.0,89.0,90.0,90.0,95.0,95.0,93.0,96.0,87.0,82.0,86.0,83.0,81.0
남동구 - 행정구역(시도시군구)별 사업장수 폐수 발생량 폐수 방류량 유기물질 부하량,Statistics,714.0,911.0,914.0,943.0,980.0,632.0,264.0,1090.0,1134.0,1069.0,1000.0,1035.0,126.0,1114.0,1068.0,1076.0,1076.0,986.0,901.0,671.0,681.0,710.0,717.0,696.0
남양주시 - 행정구역(시도시군구)별 사업장수 폐수 발생량 폐수 방류량 유기물질 부하량,Statistics,156.0,221.0,221.0,221.0,221.0,152.0,232.0,360.0,365.0,398.0,411.0,416.0,422.0,420.0,428.0,394.0,394.0,406.0,473.0,402.0,442.0,421.0,417.0,435.0
남원시 - 행정구역(시도시군구)별 사업장수 폐수 발생량 폐수 방류량 유기물질 부하량,Statistics,114.0,133.0,156.0,156.0,156.0,93.0,94.0,99.0,99.0,107.0,113.0,121.0,117.0,123.0,120.0,117.0,223.0,121.0,110.0,114.0,112.0,106.0,111.0,104.0
남제주군 - 행정구역(시도시군구)별 사업장수 폐수 발생량 폐수 방류량 유기물질 부하량,Statistics,59.0,86.0,85.0,102.0,102.0,79.0,79.0,,,,,,,,,,,,,,,,,
남해군 - 행정구역(시도시군구)별 사업장수 폐수 발생량 폐수 방류량 유기물질 부하량,Statistics,45.0,80.0,82.0,82.0,88.0,54.0,56.0,74.0,71.0,46.0,77.0,82.0,73.0,75.0,59.0,61.0,61.0,57.0,56.0,13.0,53.0,45.0,39.0,39.0
노원구 - 행정구역(시도시군구)별 사업장수 폐수 발생량 폐수 방류량 유기물질 부하량,Statistics,113.0,252.0,263.0,286.0,291.0,109.0,105.0,107.0,111.0,109.0,106.0,109.0,109.0,111.0,107.0,105.0,105.0,106.0,98.0,88.0,91.0,88.0,86.0,21.0
논산군 - 행정구역(시도시군구)별 사업장수 폐수 발생량 폐수 방류량 유기물질 부하량,Statistics,192.0,,,,,,,,,,,,,,,,,,,,,,,
논산시 - 행정구역(시도시군구)별 사업장수 폐수 발생량 폐수 방류량 유기물질 부하량,Statistics,,222.0,211.0,220.0,207.0,204.0,201.0,206.0,187.0,205.0,221.0,203.0,210.0,215.0,220.0,220.0,220.0,214.0,231.0,211.0,214.0,207.0,207.0,204.0
단양군 - 행정구역(시도시군구)별 사업장수 폐수 발생량 폐수 방류량 유기물질 부하량,Statistics,45.0,41.0,48.0,50.0,51.0,48.0,49.0,47.0,74.0,72.0,63.0,60.0,63.0,71.0,70.0,70.0,70.0,68.0,79.0,88.0,77.0,90.0,78.0,77.0
달서구 - 행정구역(시도시군구)별 사업장수 폐수 발생량 폐수 방류량 유기물질 부하량,Statistics,627.0,806.0,870.0,902.0,943.0,601.0,597.0,610.0,617.0,633.0,270.0,623.0,626.0,633.0,660.0,671.0,671.0,646.0,637.0,592.0,654.0,666.0,693.0,654.0
달성군 - 행정구역(시도시군구)별 사업장수 폐수 발생량 폐수 방류량 유기물질 부하량,Statistics,170.0,265.0,262.0,301.0,304.0,245.0,243.0,255.0,256.0,258.0,522.0,266.0,258.0,284.0,354.0,365.0,365.0,405.0,427.0,432.0,519.0,514.0,606.0,593.0
담양군 - 행정구역(시도시군구)별 사업장수 폐수 발생량 폐수 방류량 유기물질 부하량,Statistics,80.0,98.0,105.0,105.0,114.0,116.0,77.0,85.0,96.0,99.0,103.0,101.0,81.0,84.0,91.0,122.0,122.0,110.0,125.0,114.0,112.0,109.0,114.0,108.0
당진군 - 행정구역(시도시군구)별 사업장수 폐수 발생량 폐수 방류량 유기물질 부하량,Statistics,108.0,123.0,124.0,129.0,152.0,84.0,98.0,146.0,169.0,170.0,184.0,204.0,194.0,,,,,,,,,,,
당진시 - 행정구역(시도시군구)별 사업장수 폐수 발생량 폐수 방류량 유기물질 부하량,Statistics,,,,,,,,,,,,,,216.0,224.0,214.0,214.0,205.0,250.0,301.0,323.0,315.0,353.0,248.0
대덕구 - 행정구역(시도시군구)별 사업장수 폐수 발생량 폐수 방류량 유기물질 부하량,Statistics,333.0,419.0,406.0,420.0,425.0,353.0,360.0,370.0,364.0,363.0,366.0,370.0,362.0,359.0,353.0,339.0,339.0,390.0,381.0,387.0,424.0,364.0,356.0,360.0
도봉구 - 행정구역(시도시군구)별 사업장수 폐수 발생량 폐수 방류량 유기물질 부하량,Statistics,122.0,167.0,203.0,210.0,211.0,103.0,93.0,99.0,101.0,95.0,94.0,96.0,94.0,90.0,87.0,87.0,87.0,82.0,80.0,80.0,81.0,82.0,83.0,81.0
동구 - 행정구역(시도시군구)별 사업장수 폐수 발생량 폐수 방류량 유기물질 부하량,Statistics,53.0,80.0,78.0,86.0,89.0,25.0,26.0,27.0,26.0,26.0,24.0,26.0,25.0,24.0,25.0,26.0,26.0,21.0,23.0,23.0,24.0,25.0,24.0,23.0
동대문구 - 행정구역(시도시군구)별 사업장수 폐수 발생량 폐수 방류량 유기물질 부하량,Statistics,110.0,213.0,256.0,265.0,265.0,77.0,79.0,80.0,76.0,82.0,81.0,76.0,75.0,71.0,68.0,66.0,66.0,71.0,69.0,64.0,58.0,60.0,60.0,59.0
동두천시 - 행정구역(시도시군구)별 사업장수 폐수 발생량 폐수 방류량 유기물질 부하량,Statistics,127.0,139.0,141.0,151.0,152.0,94.0,132.0,174.0,125.0,105.0,108.0,144.0,127.0,130.0,137.0,134.0,134.0,129.0,134.0,80.0,115.0,117.0,114.0,111.0
동래구 - 행정구역(시도시군구)별 사업장수 폐수 발생량 폐수 방류량 유기물질 부하량,Statistics,126.0,176.0,181.0,186.0,188.0,61.0,64.0,66.0,59.0,59.0,60.0,60.0,62.0,63.0,62.0,56.0,56.0,56.0,57.0,34.0,46.0,47.0,46.0,38.0
동작구 - 행정구역(시도시군구)별 사업장수 폐수 발생량 폐수 방류량 유기물질 부하량,Statistics,63.0,158.0,168.0,185.0,185.0,52.0,52.0,51.0,50.0,46.0,47.0,45.0,43.0,42.0,38.0,35.0,35.0,35.0,39.0,27.0,37.0,35.0,37.0,39.0
동해시 - 행정구역(시도시군구)별 사업장수 폐수 발생량 폐수 방류량 유기물질 부하량,Statistics,116.0,140.0,161.0,179.0,179.0,128.0,188.0,138.0,137.0,150.0,80.0,107.0,107.0,112.0,119.0,105.0,105.0,117.0,136.0,120.0,143.0,124.0,121.0,123.0
마산시 - 행정구역(시도시군구)별 사업장수 폐수 발생량 폐수 방류량 유기물질 부하량,Statistics,,536.0,536.0,537.0,580.0,350.0,369.0,365.0,347.0,346.0,337.0,,,,,,,,,,,,,
마산시합포구 - 행정구역(시도시군구)별 사업장수 폐수 발생량 폐수 방류량 유기물질 부하량,Statistics,158.0,,,,,,,,,,,,,,,,,,,,,,,
마산시회원구 - 행정구역(시도시군구)별 사업장수 폐수 발생량 폐수 방류량 유기물질 부하량,Statistics,244.0,,,,,,,,,,,,,,,,,,,,,,,
마포구 - 행정구역(시도시군구)별 사업장수 폐수 발생량 폐수 방류량 유기물질 부하량,Statistics,187.0,288.0,260.0,260.0,260.0,76.0,89.0,84.0,93.0,92.0,94.0,87.0,89.0,82.0,75.0,74.0,74.0,62.0,69.0,54.0,56.0,52.0,52.0,48.0
목포시 - 행정구역(시도시군구)별 사업장수 폐수 발생량 폐수 방류량 유기물질 부하량,Statistics,213.0,253.0,265.0,285.0,322.0,169.0,160.0,190.0,177.0,182.0,176.0,174.0,166.0,166.0,164.0,169.0,169.0,176.0,194.0,197.0,176.0,182.0,195.0,197.0
무안군 - 행정구역(시도시군구)별 사업장수 폐수 발생량 폐수 방류량 유기물질 부하량,Statistics,82.0,82.0,61.0,85.0,85.0,89.0,89.0,92.0,90.0,86.0,78.0,84.0,98.0,85.0,93.0,95.0,95.0,83.0,104.0,101.0,107.0,107.0,111.0,124.0
무주군 - 행정구역(시도시군구)별 사업장수 폐수 발생량 폐수 방류량 유기물질 부하량,Statistics,45.0,50.0,43.0,46.0,50.0,36.0,27.0,30.0,28.0,30.0,31.0,28.0,37.0,37.0,37.0,23.0,23.0,33.0,29.0,30.0,29.0,28.0,28.0,28.0
문경시 - 행정구역(시도시군구)별 사업장수 폐수 발생량 폐수 방류량 유기물질 부하량,Statistics,87.0,116.0,104.0,108.0,125.0,71.0,79.0,72.0,71.0,76.0,59.0,77.0,76.0,81.0,77.0,76.0,76.0,80.0,82.0,83.0,93.0,97.0,96.0,83.0
미추홀구 - 행정구역(시도시군구)별 사업장수 폐수 발생량 폐수 방류량 유기물질 부하량,Statistics,330.0,417.0,431.0,431.0,431.0,214.0,218.0,271.0,230.0,230.0,231.0,250.0,1189.0,229.0,224.0,216.0,216.0,240.0,213.0,166.0,184.0,175.0,180.0,184.0
밀양시 - 행정구역(시도시군구)별 사업장수 폐수 발생량 폐수 방류량 유기물질 부하량,Statistics,104.0,109.0,109.0,145.0,157.0,151.0,119.0,128.0,119.0,132.0,123.0,127.0,139.0,154.0,142.0,144.0,144.0,157.0,157.0,161.0,162.0,153.0,155.0,158.0
보령시 - 행정구역(시도시군구)별 사업장수 폐수 발생량 폐수 방류량 유기물질 부하량,Statistics,176.0,195.0,197.0,215.0,215.0,168.0,165.0,173.0,172.0,170.0,174.0,175.0,168.0,162.0,153.0,156.0,156.0,161.0,147.0,151.0,145.0,147.0,152.0,151.0
보성군 - 행정구역(시도시군구)별 사업장수 폐수 발생량 폐수 방류량 유기물질 부하량,Statistics,59.0,79.0,62.0,62.0,82.0,72.0,72.0,43.0,44.0,43.0,47.0,49.0,48.0,48.0,37.0,37.0,37.0,48.0,45.0,50.0,57.0,67.0,65.0,68.0
보은군 - 행정구역(시도시군구)별 사업장수 폐수 발생량 폐수 방류량 유기물질 부하량,Statistics,57.0,84.0,68.0,49.0,59.0,49.0,49.0,52.0,50.0,65.0,66.0,67.0,69.0,62.0,60.0,61.0,61.0,56.0,64.0,55.0,64.0,67.0,71.0,65.0
봉화군 - 행정구역(시도시군구)별 사업장수 폐수 발생량 폐수 방류량 유기물질 부하량,Statistics,24.0,30.0,30.0,30.0,37.0,29.0,29.0,25.0,24.0,23.0,39.0,39.0,31.0,36.0,39.0,27.0,27.0,27.0,26.0,23.0,25.0,29.0,28.0,33.0
부산진구 - 행정구역(시도시군구)별 사업장수 폐수 발생량 폐수 방류량 유기물질 부하량,Statistics,131.0,231.0,371.0,425.0,426.0,82.0,89.0,93.0,92.0,92.0,92.0,90.0,86.0,83.0,82.0,78.0,78.0,76.0,79.0,75.0,77.0,74.0,76.0,70.0
부안군 - 행정구역(시도시군구)별 사업장수 폐수 발생량 폐수 방류량 유기물질 부하량,Statistics,76.0,63.0,66.0,65.0,73.0,52.0,54.0,59.0,58.0,50.0,50.0,59.0,68.0,52.0,64.0,61.0,61.0,63.0,63.0,60.0,58.0,61.0,66.0,68.0
부여군 - 행정구역(시도시군구)별 사업장수 폐수 발생량 폐수 방류량 유기물질 부하량,Statistics,108.0,129.0,134.0,134.0,138.0,125.0,86.0,63.0,79.0,62.0,72.0,78.0,72.0,144.0,72.0,74.0,74.0,77.0,79.0,88.0,89.0,83.0,91.0,92.0
부천시 - 행정구역(시도시군구)별 사업장수 폐수 발생량 폐수 방류량 유기물질 부하량,Statistics,,,,,,,,,,,,,,,,,,760.0,802.0,162.0,772.0,767.0,738.0,722.0
부천시소사구 - 행정구역(시도시군구)별 사업장수 폐수 발생량 폐수 방류량 유기물질 부하량,Statistics,77.0,137.0,144.0,150.0,150.0,61.0,50.0,52.0,49.0,52.0,59.0,61.0,60.0,56.0,57.0,53.0,53.0,,,,,,,
부천시오정구 - 행정구역(시도시군구)별 사업장수 폐수 발생량 폐수 방류량 유기물질 부하량,Statistics,209.0,338.0,346.0,367.0,371.0,350.0,303.0,312.0,288.0,316.0,337.0,351.0,386.0,387.0,390.0,396.0,396.0,,,,,,,
부천시원미구 - 행정구역(시도시군구)별 사업장수 폐수 발생량 폐수 방류량 유기물질 부하량,Statistics,245.0,408.0,412.0,433.0,440.0,288.0,251.0,261.0,242.0,279.0,288.0,302.0,317.0,306.0,303.0,300.0,300.0,,,,,,,
부평구 - 행정구역(시도시군구)별 사업장수 폐수 발생량 폐수 방류량 유기물질 부하량,Statistics,348.0,553.0,416.0,434.0,436.0,233.0,248.0,289.0,279.0,324.0,325.0,329.0,917.0,337.0,331.0,308.0,308.0,267.0,297.0,317.0,482.0,244.0,229.0,212.0
북구 - 행정구역(시도시군구)별 사업장수 폐수 발생량 폐수 방류량 유기물질 부하량,Statistics,102.0,108.0,119.0,125.0,125.0,45.0,47.0,51.0,51.0,53.0,55.0,55.0,57.0,58.0,60.0,57.0,57.0,60.0,63.0,57.0,57.0,51.0,48.0,44.0
북제주군 - 행정구역(시도시군구)별 사업장수 폐수 발생량 폐수 방류량 유기물질 부하량,Statistics,80.0,43.0,43.0,78.0,101.0,114.0,109.0,,,,,,,,,,,,,,,,,
사상구 - 행정구역(시도시군구)별 사업장수 폐수 발생량 폐수 방류량 유기물질 부하량,Statistics,621.0,569.0,543.0,659.0,661.0,501.0,478.0,529.0,556.0,537.0,552.0,523.0,156.0,526.0,540.0,543.0,543.0,538.0,535.0,523.0,528.0,521.0,504.0,499.0
사천시 - 행정구역(시도시군구)별 사업장수 폐수 발생량 폐수 방류량 유기물질 부하량,Statistics,232.0,243.0,219.0,250.0,250.0,237.0,235.0,221.0,237.0,205.0,216.0,228.0,212.0,215.0,217.0,216.0,216.0,211.0,238.0,235.0,234.0,236.0,261.0,300.0
사하구 - 행정구역(시도시군구)별 사업장수 폐수 발생량 폐수 방류량 유기물질 부하량,Statistics,578.0,638.0,613.0,669.0,693.0,482.0,666.0,433.0,454.0,464.0,490.0,477.0,105.0,444.0,489.0,475.0,475.0,437.0,496.0,492.0,476.0,462.0,447.0,437.0
산청군 - 행정구역(시도시군구)별 사업장수 폐수 발생량 폐수 방류량 유기물질 부하량,Statistics,42.0,51.0,39.0,39.0,49.0,23.0,20.0,19.0,22.0,27.0,35.0,36.0,43.0,38.0,41.0,38.0,38.0,39.0,46.0,14.0,52.0,41.0,43.0,5.0
삼척시 - 행정구역(시도시군구)별 사업장수 폐수 발생량 폐수 방류량 유기물질 부하량,Statistics,91.0,110.0,104.0,104.0,112.0,77.0,75.0,78.0,86.0,88.0,85.0,102.0,112.0,112.0,123.0,115.0,115.0,135.0,120.0,121.0,125.0,95.0,119.0,113.0
상주시 - 행정구역(시도시군구)별 사업장수 폐수 발생량 폐수 방류량 유기물질 부하량,Statistics,82.0,98.0,98.0,109.0,120.0,76.0,75.0,96.0,72.0,89.0,90.0,95.0,101.0,119.0,112.0,112.0,112.0,96.0,105.0,108.0,109.0,110.0,98.0,118.0
서구 - 행정구역(시도시군구)별 사업장수 폐수 발생량 폐수 방류량 유기물질 부하량,Statistics,56.0,95.0,94.0,114.0,115.0,64.0,66.0,65.0,54.0,61.0,59.0,53.0,454.0,58.0,60.0,77.0,77.0,83.0,96.0,35.0,100.0,99.0,98.0,98.0
서귀포시 - 행정구역(시도시군구)별 사업장수 폐수 발생량 폐수 방류량 유기물질 부하량,Statistics,85.0,101.0,92.0,92.0,92.0,58.0,58.0,127.0,142.0,135.0,126.0,127.0,140.0,427.0,131.0,132.0,132.0,134.0,137.0,130.0,143.0,140.0,150.0,154.0
서대문구 - 행정구역(시도시군구)별 사업장수 폐수 발생량 폐수 방류량 유기물질 부하량,Statistics,104.0,162.0,165.0,194.0,194.0,60.0,61.0,61.0,58.0,56.0,56.0,56.0,54.0,53.0,52.0,51.0,51.0,50.0,51.0,45.0,42.0,12.0,46.0,45.0
서산시 - 행정구역(시도시군구)별 사업장수 폐수 발생량 폐수 방류량 유기물질 부하량,Statistics,112.0,136.0,87.0,85.0,74.0,90.0,99.0,129.0,142.0,125.0,130.0,147.0,148.0,149.0,217.0,217.0,217.0,240.0,271.0,267.0,279.0,296.0,305.0,248.0
서천군 - 행정구역(시도시군구)별 사업장수 폐수 발생량 폐수 방류량 유기물질 부하량,Statistics,81.0,60.0,63.0,63.0,67.0,78.0,70.0,79.0,74.0,73.0,63.0,62.0,62.0,58.0,64.0,67.0,67.0,63.0,53.0,51.0,93.0,61.0,97.0,73.0
서초구 - 행정구역(시도시군구)별 사업장수 폐수 발생량 폐수 방류량 유기물질 부하량,Statistics,324.0,374.0,351.0,351.0,351.0,199.0,185.0,175.0,185.0,185.0,179.0,174.0,166.0,172.0,163.0,165.0,165.0,167.0,172.0,167.0,160.0,157.0,150.0,157.0
성남시분당구 - 행정구역(시도시군구)별 사업장수 폐수 발생량 폐수 방류량 유기물질 부하량,Statistics,81.0,141.0,171.0,208.0,208.0,88.0,86.0,75.0,83.0,88.0,80.0,90.0,109.0,121.0,129.0,131.0,131.0,119.0,149.0,81.0,145.0,155.0,174.0,157.0
성남시수성구 - 행정구역(시도시군구)별 사업장수 폐수 발생량 폐수 방류량 유기물질 부하량,Statistics,,118.0,119.0,133.0,133.0,,,,,,,,,,,,,,,,,,,
성남시수정구 - 행정구역(시도시군구)별 사업장수 폐수 발생량 폐수 방류량 유기물질 부하량,Statistics,67.0,,,,,64.0,62.0,61.0,61.0,63.0,53.0,53.0,48.0,51.0,49.0,48.0,48.0,45.0,48.0,31.0,43.0,44.0,47.0,50.0
성남시중원구 - 행정구역(시도시군구)별 사업장수 폐수 발생량 폐수 방류량 유기물질 부하량,Statistics,139.0,171.0,198.0,215.0,215.0,59.0,59.0,123.0,220.0,161.0,191.0,196.0,188.0,206.0,219.0,226.0,226.0,217.0,129.0,120.0,134.0,120.0,132.0,116.0
성동구 - 행정구역(시도시군구)별 사업장수 폐수 발생량 폐수 방류량 유기물질 부하량,Statistics,226.0,415.0,461.0,557.0,557.0,400.0,475.0,428.0,419.0,376.0,384.0,395.0,376.0,360.0,363.0,332.0,332.0,324.0,327.0,287.0,270.0,257.0,248.0,234.0
성북구 - 행정구역(시도시군구)별 사업장수 폐수 발생량 폐수 방류량 유기물질 부하량,Statistics,93.0,227.0,222.0,279.0,279.0,75.0,79.0,79.0,79.0,76.0,79.0,81.0,86.0,82.0,74.0,70.0,70.0,72.0,76.0,68.0,64.0,61.0,63.0,63.0
성주군 - 행정구역(시도시군구)별 사업장수 폐수 발생량 폐수 방류량 유기물질 부하량,Statistics,77.0,91.0,92.0,92.0,98.0,105.0,104.0,94.0,142.0,115.0,124.0,134.0,135.0,129.0,171.0,187.0,187.0,214.0,234.0,213.0,216.0,14.0,249.0,279.0
속초시 - 행정구역(시도시군구)별 사업장수 폐수 발생량 폐수 방류량 유기물질 부하량,Statistics,93.0,111.0,102.0,102.0,107.0,86.0,86.0,78.0,79.0,72.0,72.0,69.0,65.0,65.0,63.0,62.0,62.0,88.0,86.0,84.0,92.0,100.0,101.0,106.0
송파구 - 행정구역(시도시군구)별 사업장수 폐수 발생량 폐수 방류량 유기물질 부하량,Statistics,296.0,523.0,507.0,490.0,490.0,211.0,209.0,210.0,199.0,196.0,188.0,191.0,184.0,176.0,184.0,182.0,182.0,187.0,194.0,138.0,148.0,130.0,123.0,138.0
수성구 - 행정구역(시도시군구)별 사업장수 폐수 발생량 폐수 방류량 유기물질 부하량,Statistics,198.0,317.0,333.0,340.0,340.0,160.0,150.0,149.0,153.0,145.0,630.0,147.0,152.0,146.0,147.0,140.0,140.0,124.0,127.0,113.0,124.0,126.0,119.0,116.0
수영구 - 행정구역(시도시군구)별 사업장수 폐수 발생량 폐수 방류량 유기물질 부하량,Statistics,102.0,125.0,113.0,138.0,138.0,50.0,52.0,55.0,54.0,50.0,47.0,49.0,502.0,48.0,46.0,44.0,44.0,40.0,44.0,38.0,39.0,38.0,40.0,37.0
수원시권선구 - 행정구역(시도시군구)별 사업장수 폐수 발생량 폐수 방류량 유기물질 부하량,Statistics,158.0,234.0,245.0,271.0,221.0,173.0,173.0,178.0,197.0,190.0,190.0,195.0,166.0,187.0,194.0,194.0,194.0,189.0,210.0,210.0,222.0,223.0,234.0,243.0
수원시영통구 - 행정구역(시도시군구)별 사업장수 폐수 발생량 폐수 방류량 유기물질 부하량,Statistics,,,,,,96.0,92.0,89.0,86.0,127.0,132.0,126.0,120.0,135.0,122.0,102.0,102.0,108.0,164.0,140.0,165.0,171.0,157.0,178.0
수원시장안구 - 행정구역(시도시군구)별 사업장수 폐수 발생량 폐수 방류량 유기물질 부하량,Statistics,146.0,238.0,242.0,255.0,219.0,110.0,110.0,104.0,101.0,106.0,101.0,101.0,98.0,98.0,99.0,99.0,99.0,92.0,97.0,73.0,83.0,81.0,82.0,78.0
수원시팔달구 - 행정구역(시도시군구)별 사업장수 폐수 발생량 폐수 방류량 유기물질 부하량,Statistics,179.0,297.0,306.0,276.0,214.0,99.0,99.0,99.0,85.0,72.0,70.0,64.0,65.0,51.0,52.0,55.0,55.0,46.0,59.0,33.0,39.0,40.0,34.0,9.0
순창군 - 행정구역(시도시군구)별 사업장수 폐수 발생량 폐수 방류량 유기물질 부하량,Statistics,35.0,89.0,108.0,94.0,94.0,68.0,74.0,76.0,73.0,80.0,73.0,74.0,82.0,81.0,82.0,92.0,92.0,103.0,95.0,97.0,86.0,90.0,80.0,94.0
순천시 - 행정구역(시도시군구)별 사업장수 폐수 발생량 폐수 방류량 유기물질 부하량,Statistics,208.0,307.0,307.0,301.0,302.0,226.0,232.0,232.0,230.0,234.0,224.0,238.0,245.0,280.0,275.0,243.0,243.0,233.0,281.0,269.0,294.0,281.0,268.0,289.0
시흥시 - 행정구역(시도시군구)별 사업장수 폐수 발생량 폐수 방류량 유기물질 부하량,Statistics,364.0,514.0,455.0,483.0,483.0,107.0,135.0,688.0,739.0,679.0,723.0,756.0,679.0,737.0,772.0,794.0,794.0,769.0,465.0,455.0,566.0,576.0,678.0,568.0
신안군 - 행정구역(시도시군구)별 사업장수 폐수 발생량 폐수 방류량 유기물질 부하량,Statistics,8.0,22.0,21.0,23.0,29.0,13.0,12.0,13.0,16.0,17.0,19.0,19.0,24.0,24.0,25.0,18.0,18.0,26.0,25.0,28.0,26.0,26.0,23.0,23.0
아산시 - 행정구역(시도시군구)별 사업장수 폐수 발생량 폐수 방류량 유기물질 부하량,Statistics,245.0,272.0,239.0,268.0,268.0,243.0,258.0,259.0,287.0,348.0,437.0,447.0,469.0,477.0,497.0,272.0,272.0,313.0,309.0,359.0,489.0,487.0,533.0,562.0
안동시 - 행정구역(시도시군구)별 사업장수 폐수 발생량 폐수 방류량 유기물질 부하량,Statistics,173.0,188.0,185.0,191.0,206.0,161.0,165.0,154.0,180.0,161.0,153.0,150.0,147.0,194.0,187.0,185.0,185.0,177.0,175.0,169.0,213.0,267.0,223.0,83.0
안산시 - 행정구역(시도시군구)별 사업장수 폐수 발생량 폐수 방류량 유기물질 부하량,Statistics,859.0,1102.0,1103.0,1103.0,,,,,,,,,,,,,,,,,,,,
안산시단원구 - 행정구역(시도시군구)별 사업장수 폐수 발생량 폐수 방류량 유기물질 부하량,Statistics,,,,,903.0,76.0,70.0,1494.0,1390.0,1315.0,1436.0,1415.0,1263.0,1293.0,1398.0,176.0,1446.0,1365.0,1088.0,1115.0,1176.0,1162.0,1177.0,1208.0
안산시상록구 - 행정구역(시도시군구)별 사업장수 폐수 발생량 폐수 방류량 유기물질 부하량,Statistics,,,,,204.0,121.0,109.0,197.0,172.0,152.0,152.0,160.0,159.0,163.0,180.0,1446.0,176.0,112.0,136.0,137.0,161.0,150.0,156.0,164.0
안성군 - 행정구역(시도시군구)별 사업장수 폐수 발생량 폐수 방류량 유기물질 부하량,Statistics,168.0,,,,,,,,,,,,,,,,,,,,,,,
안성시 - 행정구역(시도시군구)별 사업장수 폐수 발생량 폐수 방류량 유기물질 부하량,Statistics,,155.0,157.0,157.0,157.0,292.0,290.0,337.0,436.0,479.0,494.0,549.0,606.0,599.0,626.0,601.0,601.0,633.0,707.0,665.0,735.0,833.0,829.0,509.0
안양시동안구 - 행정구역(시도시군구)별 사업장수 폐수 발생량 폐수 방류량 유기물질 부하량,Statistics,160.0,206.0,231.0,231.0,232.0,140.0,142.0,122.0,133.0,123.0,140.0,139.0,149.0,140.0,133.0,139.0,139.0,143.0,149.0,127.0,131.0,127.0,136.0,139.0
안양시만안구 - 행정구역(시도시군구)별 사업장수 폐수 발생량 폐수 방류량 유기물질 부하량,Statistics,119.0,137.0,186.0,178.0,178.0,104.0,111.0,94.0,107.0,105.0,106.0,109.0,110.0,109.0,106.0,101.0,101.0,104.0,110.0,94.0,91.0,89.0,93.0,89.0
양구군 - 행정구역(시도시군구)별 사업장수 폐수 발생량 폐수 방류량 유기물질 부하량,Statistics,31.0,33.0,29.0,35.0,41.0,34.0,35.0,37.0,37.0,41.0,46.0,50.0,54.0,55.0,56.0,51.0,51.0,55.0,57.0,78.0,53.0,56.0,46.0,43.0
양산군 - 행정구역(시도시군구)별 사업장수 폐수 발생량 폐수 방류량 유기물질 부하량,Statistics,288.0,,,,,,,,,,,,,,,,,,,,,,,
양산시 - 행정구역(시도시군구)별 사업장수 폐수 발생량 폐수 방류량 유기물질 부하량,Statistics,,388.0,458.0,389.0,391.0,440.0,448.0,445.0,304.0,374.0,438.0,453.0,495.0,520.0,564.0,594.0,594.0,599.0,651.0,690.0,727.0,755.0,764.0,801.0
양양군 - 행정구역(시도시군구)별 사업장수 폐수 발생량 폐수 방류량 유기물질 부하량,Statistics,33.0,62.0,62.0,69.0,69.0,51.0,51.0,42.0,43.0,52.0,61.0,68.0,70.0,69.0,59.0,66.0,66.0,69.0,66.0,66.0,73.0,74.0,73.0,65.0
양주군 - 행정구역(시도시군구)별 사업장수 폐수 발생량 폐수 방류량 유기물질 부하량,Statistics,244.0,314.0,314.0,314.0,,,,,,,,,,,,,,,,,,,,
양주시 - 행정구역(시도시군구)별 사업장수 폐수 발생량 폐수 방류량 유기물질 부하량,Statistics,,,,,314.0,574.0,611.0,616.0,642.0,640.0,594.0,693.0,729.0,746.0,690.0,688.0,688.0,492.0,678.0,629.0,670.0,699.0,672.0,613.0
양천구 - 행정구역(시도시군구)별 사업장수 폐수 발생량 폐수 방류량 유기물질 부하량,Statistics,114.0,222.0,209.0,227.0,227.0,77.0,80.0,82.0,82.0,85.0,85.0,85.0,82.0,81.0,80.0,78.0,78.0,91.0,83.0,80.0,78.0,78.0,78.0,71.0
양평군 - 행정구역(시도시군구)별 사업장수 폐수 발생량 폐수 방류량 유기물질 부하량,Statistics,51.0,109.0,99.0,99.0,106.0,77.0,81.0,92.0,99.0,90.0,88.0,94.0,95.0,86.0,89.0,95.0,95.0,99.0,103.0,106.0,105.0,98.0,95.0,92.0
여수시 - 행정구역(시도시군구)별 사업장수 폐수 발생량 폐수 방류량 유기물질 부하량,Statistics,316.0,408.0,349.0,365.0,395.0,206.0,378.0,374.0,377.0,382.0,400.0,408.0,436.0,431.0,399.0,410.0,410.0,316.0,404.0,385.0,335.0,374.0,357.0,339.0
여주군 - 행정구역(시도시군구)별 사업장수 폐수 발생량 폐수 방류량 유기물질 부하량,Statistics,120.0,111.0,149.0,149.0,149.0,168.0,181.0,201.0,202.0,201.0,203.0,228.0,218.0,192.0,213.0,199.0,199.0,,,,,,,
여주시 - 행정구역(시도시군구)별 사업장수 폐수 발생량 폐수 방류량 유기물질 부하량,Statistics,,,,,,,,,,,,,,,,,,213.0,215.0,205.0,196.0,214.0,222.0,221.0
연기군 - 행정구역(시도시군구)별 사업장수 폐수 발생량 폐수 방류량 유기물질 부하량,Statistics,112.0,143.0,179.0,165.0,169.0,152.0,164.0,175.0,210.0,178.0,179.0,203.0,201.0,,,,,,,,,,,
연수구 - 행정구역(시도시군구)별 사업장수 폐수 발생량 폐수 방류량 유기물질 부하량,Statistics,49.0,116.0,116.0,128.0,128.0,49.0,49.0,59.0,64.0,68.0,70.0,70.0,329.0,67.0,64.0,77.0,77.0,92.0,102.0,92.0,87.0,96.0,93.0,88.0
연제구 - 행정구역(시도시군구)별 사업장수 폐수 발생량 폐수 방류량 유기물질 부하량,Statistics,94.0,136.0,136.0,137.0,137.0,50.0,54.0,57.0,51.0,51.0,49.0,49.0,48.0,49.0,53.0,53.0,53.0,47.0,45.0,34.0,43.0,40.0,37.0,47.0
연천군 - 행정구역(시도시군구)별 사업장수 폐수 발생량 폐수 방류량 유기물질 부하량,Statistics,69.0,48.0,72.0,60.0,113.0,77.0,85.0,102.0,97.0,103.0,103.0,139.0,153.0,129.0,127.0,134.0,134.0,141.0,141.0,106.0,135.0,137.0,138.0,144.0
영광군 - 행정구역(시도시군구)별 사업장수 폐수 발생량 폐수 방류량 유기물질 부하량,Statistics,62.0,96.0,100.0,86.0,94.0,81.0,86.0,65.0,86.0,64.0,65.0,69.0,68.0,65.0,77.0,81.0,81.0,106.0,122.0,109.0,110.0,140.0,103.0,107.0
영덕군 - 행정구역(시도시군구)별 사업장수 폐수 발생량 폐수 방류량 유기물질 부하량,Statistics,59.0,129.0,78.0,74.0,87.0,64.0,66.0,61.0,69.0,50.0,47.0,48.0,55.0,31.0,33.0,36.0,36.0,37.0,56.0,49.0,51.0,51.0,25.0,24.0
영도구 - 행정구역(시도시군구)별 사업장수 폐수 발생량 폐수 방류량 유기물질 부하량,Statistics,71.0,104.0,103.0,104.0,108.0,61.0,61.0,63.0,66.0,64.0,62.0,62.0,60.0,59.0,59.0,60.0,60.0,65.0,63.0,64.0,56.0,55.0,52.0,53.0
영동군 - 행정구역(시도시군구)별 사업장수 폐수 발생량 폐수 방류량 유기물질 부하량,Statistics,66.0,87.0,75.0,81.0,98.0,77.0,73.0,61.0,59.0,56.0,57.0,53.0,17.0,18.0,63.0,64.0,64.0,64.0,75.0,71.0,69.0,78.0,67.0,91.0
영등포구 - 행정구역(시도시군구)별 사업장수 폐수 발생량 폐수 방류량 유기물질 부하량,Statistics,247.0,386.0,384.0,408.0,408.0,296.0,303.0,301.0,310.0,278.0,270.0,282.0,263.0,234.0,231.0,231.0,231.0,217.0,232.0,232.0,200.0,199.0,201.0,174.0
영암군 - 행정구역(시도시군구)별 사업장수 폐수 발생량 폐수 방류량 유기물질 부하량,Statistics,63.0,102.0,78.0,78.0,86.0,110.0,113.0,126.0,104.0,115.0,91.0,100.0,106.0,154.0,152.0,148.0,148.0,159.0,175.0,174.0,202.0,154.0,160.0,160.0
영양군 - 행정구역(시도시군구)별 사업장수 폐수 발생량 폐수 방류량 유기물질 부하량,Statistics,15.0,23.0,20.0,20.0,22.0,15.0,14.0,15.0,14.0,15.0,16.0,19.0,15.0,15.0,16.0,18.0,18.0,17.0,19.0,11.0,19.0,20.0,19.0,20.0
영월군 - 행정구역(시도시군구)별 사업장수 폐수 발생량 폐수 방류량 유기물질 부하량,Statistics,42.0,56.0,53.0,62.0,71.0,47.0,50.0,55.0,69.0,62.0,68.0,66.0,67.0,68.0,70.0,69.0,69.0,72.0,70.0,42.0,67.0,70.0,75.0,71.0
영주시 - 행정구역(시도시군구)별 사업장수 폐수 발생량 폐수 방류량 유기물질 부하량,Statistics,124.0,145.0,145.0,167.0,169.0,123.0,123.0,122.0,109.0,119.0,129.0,127.0,125.0,126.0,121.0,117.0,117.0,121.0,135.0,142.0,135.0,132.0,134.0,129.0
영천시 - 행정구역(시도시군구)별 사업장수 폐수 발생량 폐수 방류량 유기물질 부하량,Statistics,131.0,205.0,258.0,298.0,321.0,251.0,254.0,251.0,287.0,223.0,251.0,257.0,268.0,296.0,280.0,280.0,280.0,299.0,308.0,289.0,284.0,316.0,323.0,330.0
예산군 - 행정구역(시도시군구)별 사업장수 폐수 발생량 폐수 방류량 유기물질 부하량,Statistics,118.0,115.0,127.0,133.0,134.0,111.0,116.0,128.0,111.0,111.0,111.0,111.0,121.0,132.0,107.0,105.0,105.0,122.0,116.0,93.0,211.0,204.0,209.0,180.0
예천군 - 행정구역(시도시군구)별 사업장수 폐수 발생량 폐수 방류량 유기물질 부하량,Statistics,48.0,60.0,56.0,56.0,64.0,43.0,37.0,31.0,32.0,30.0,34.0,33.0,30.0,36.0,33.0,32.0,32.0,32.0,33.0,36.0,38.0,38.0,20.0,36.0
오산시 - 행정구역(시도시군구)별 사업장수 폐수 발생량 폐수 방류량 유기물질 부하량,Statistics,89.0,69.0,78.0,78.0,78.0,116.0,114.0,104.0,106.0,111.0,102.0,96.0,96.0,106.0,108.0,106.0,106.0,112.0,122.0,92.0,138.0,143.0,145.0,145.0
옥천군 - 행정구역(시도시군구)별 사업장수 폐수 발생량 폐수 방류량 유기물질 부하량,Statistics,89.0,120.0,117.0,118.0,130.0,113.0,116.0,105.0,111.0,110.0,108.0,106.0,100.0,104.0,117.0,96.0,96.0,99.0,99.0,100.0,108.0,101.0,108.0,104.0
옹진군 - 행정구역(시도시군구)별 사업장수 폐수 발생량 폐수 방류량 유기물질 부하량,Statistics,7.0,15.0,13.0,13.0,13.0,10.0,13.0,20.0,21.0,22.0,23.0,26.0,132.0,28.0,26.0,26.0,26.0,26.0,27.0,24.0,23.0,23.0,23.0,28.0
완도군 - 행정구역(시도시군구)별 사업장수 폐수 발생량 폐수 방류량 유기물질 부하량,Statistics,35.0,56.0,65.0,70.0,70.0,59.0,61.0,63.0,70.0,57.0,57.0,51.0,50.0,46.0,52.0,50.0,50.0,43.0,47.0,46.0,35.0,35.0,62.0,73.0
완주군 - 행정구역(시도시군구)별 사업장수 폐수 발생량 폐수 방류량 유기물질 부하량,Statistics,84.0,91.0,95.0,123.0,130.0,110.0,111.0,130.0,153.0,158.0,171.0,171.0,173.0,199.0,201.0,163.0,163.0,241.0,224.0,218.0,200.0,156.0,144.0,143.0
용산구 - 행정구역(시도시군구)별 사업장수 폐수 발생량 폐수 방류량 유기물질 부하량,Statistics,166.0,247.0,257.0,264.0,264.0,135.0,144.0,118.0,119.0,108.0,105.0,102.0,94.0,83.0,74.0,63.0,63.0,55.0,57.0,43.0,50.0,53.0,48.0,51.0
용인군 - 행정구역(시도시군구)별 사업장수 폐수 발생량 폐수 방류량 유기물질 부하량,Statistics,364.0,,,,,,,,,,,,,,,,,,,,,,,
용인시 - 행정구역(시도시군구)별 사업장수 폐수 발생량 폐수 방류량 유기물질 부하량,Statistics,,277.0,277.0,421.0,422.0,426.0,,,,,,,,,,,,,,,,,,
용인시기흥구 - 행정구역(시도시군구)별 사업장수 폐수 발생량 폐수 방류량 유기물질 부하량,Statistics,,,,,,,101.0,306.0,289.0,231.0,239.0,238.0,244.0,231.0,243.0,247.0,247.0,256.0,271.0,276.0,273.0,273.0,275.0,257.0
용인시수지구 - 행정구역(시도시군구)별 사업장수 폐수 발생량 폐수 방류량 유기물질 부하량,Statistics,,,,,,,27.0,74.0,55.0,64.0,64.0,67.0,70.0,58.0,66.0,62.0,62.0,64.0,67.0,69.0,58.0,58.0,58.0,60.0
용인시처인구 - 행정구역(시도시군구)별 사업장수 폐수 발생량 폐수 방류량 유기물질 부하량,Statistics,,,,,,,192.0,463.0,472.0,482.0,474.0,467.0,461.0,442.0,433.0,371.0,371.0,400.0,396.0,416.0,322.0,354.0,362.0,338.0
울릉군 - 행정구역(시도시군구)별 사업장수 폐수 발생량 폐수 방류량 유기물질 부하량,Statistics,8.0,7.0,7.0,10.0,10.0,10.0,10.0,11.0,11.0,10.0,11.0,12.0,13.0,13.0,15.0,14.0,14.0,12.0,16.0,13.0,14.0,14.0,15.0,13.0
울주군 - 행정구역(시도시군구)별 사업장수 폐수 발생량 폐수 방류량 유기물질 부하량,Statistics,328.0,309.0,308.0,304.0,305.0,291.0,345.0,346.0,366.0,361.0,381.0,365.0,383.0,426.0,458.0,452.0,452.0,530.0,504.0,489.0,605.0,511.0,513.0,585.0
울진군 - 행정구역(시도시군구)별 사업장수 폐수 발생량 폐수 방류량 유기물질 부하량,Statistics,71.0,107.0,81.0,84.0,115.0,47.0,44.0,50.0,50.0,57.0,56.0,55.0,73.0,67.0,72.0,67.0,67.0,74.0,82.0,57.0,70.0,63.0,59.0,80.0
원주시 - 행정구역(시도시군구)별 사업장수 폐수 발생량 폐수 방류량 유기물질 부하량,Statistics,218.0,250.0,276.0,276.0,276.0,329.0,388.0,315.0,310.0,329.0,258.0,263.0,336.0,340.0,333.0,340.0,340.0,349.0,355.0,242.0,356.0,366.0,365.0,361.0
유성구 - 행정구역(시도시군구)별 사업장수 폐수 발생량 폐수 방류량 유기물질 부하량,Statistics,130.0,155.0,158.0,182.0,182.0,167.0,174.0,178.0,184.0,213.0,213.0,225.0,227.0,230.0,229.0,227.0,227.0,257.0,255.0,255.0,261.0,264.0,279.0,288.0
은평구 - 행정구역(시도시군구)별 사업장수 폐수 발생량 폐수 방류량 유기물질 부하량,Statistics,97.0,189.0,214.0,240.0,241.0,59.0,58.0,58.0,57.0,52.0,54.0,54.0,57.0,61.0,66.0,67.0,67.0,67.0,67.0,62.0,61.0,60.0,61.0,59.0
음성군 - 행정구역(시도시군구)별 사업장수 폐수 발생량 폐수 방류량 유기물질 부하량,Statistics,257.0,311.0,294.0,333.0,360.0,383.0,426.0,487.0,546.0,494.0,415.0,402.0,439.0,478.0,523.0,515.0,515.0,554.0,641.0,781.0,795.0,843.0,959.0,880.0
의령군 - 행정구역(시도시군구)별 사업장수 폐수 발생량 폐수 방류량 유기물질 부하량,Statistics,35.0,47.0,45.0,45.0,49.0,43.0,46.0,49.0,48.0,40.0,42.0,47.0,50.0,51.0,55.0,51.0,51.0,61.0,57.0,48.0,54.0,57.0,56.0,63.0
의성군 - 행정구역(시도시군구)별 사업장수 폐수 발생량 폐수 방류량 유기물질 부하량,Statistics,51.0,73.0,73.0,73.0,73.0,34.0,36.0,36.0,37.0,43.0,41.0,43.0,46.0,63.0,57.0,66.0,66.0,48.0,60.0,56.0,57.0,61.0,61.0,58.0
의왕시 - 행정구역(시도시군구)별 사업장수 폐수 발생량 폐수 방류량 유기물질 부하량,Statistics,73.0,89.0,97.0,97.0,99.0,75.0,76.0,82.0,76.0,81.0,85.0,90.0,94.0,86.0,80.0,84.0,84.0,97.0,98.0,73.0,89.0,91.0,85.0,87.0
의정부시 - 행정구역(시도시군구)별 사업장수 폐수 발생량 폐수 방류량 유기물질 부하량,Statistics,166.0,235.0,235.0,235.0,235.0,158.0,164.0,172.0,158.0,161.0,159.0,169.0,156.0,149.0,142.0,141.0,141.0,156.0,166.0,130.0,130.0,137.0,157.0,128.0
이천군 - 행정구역(시도시군구)별 사업장수 폐수 발생량 폐수 방류량 유기물질 부하량,Statistics,124.0,,,,,,,,,,,,,,,,,,,,,,,
이천시 - 행정구역(시도시군구)별 사업장수 폐수 발생량 폐수 방류량 유기물질 부하량,Statistics,,198.0,198.0,216.0,216.0,212.0,255.0,139.0,159.0,249.0,242.0,337.0,374.0,369.0,286.0,285.0,285.0,330.0,360.0,355.0,367.0,366.0,361.0,366.0
익산군 - 행정구역(시도시군구)별 사업장수 폐수 발생량 폐수 방류량 유기물질 부하량,Statistics,,,,,,,,,,,,,,,,,174.0,,,,,,,
익산시 - 행정구역(시도시군구)별 사업장수 폐수 발생량 폐수 방류량 유기물질 부하량,Statistics,613.0,715.0,719.0,829.0,864.0,663.0,574.0,642.0,599.0,545.0,551.0,526.0,590.0,638.0,652.0,762.0,762.0,537.0,759.0,674.0,553.0,582.0,648.0,655.0
인제군 - 행정구역(시도시군구)별 사업장수 폐수 발생량 폐수 방류량 유기물질 부하량,Statistics,40.0,68.0,58.0,59.0,72.0,54.0,54.0,73.0,75.0,78.0,98.0,95.0,101.0,110.0,73.0,84.0,84.0,105.0,98.0,65.0,102.0,108.0,99.0,88.0
임실군 - 행정구역(시도시군구)별 사업장수 폐수 발생량 폐수 방류량 유기물질 부하량,Statistics,34.0,53.0,57.0,61.0,61.0,42.0,42.0,38.0,43.0,38.0,50.0,51.0,52.0,54.0,53.0,52.0,52.0,53.0,45.0,47.0,37.0,49.0,54.0,52.0
장성군 - 행정구역(시도시군구)별 사업장수 폐수 발생량 폐수 방류량 유기물질 부하량,Statistics,51.0,86.0,54.0,60.0,73.0,61.0,56.0,70.0,86.0,92.0,89.0,82.0,99.0,103.0,106.0,107.0,107.0,114.0,113.0,122.0,131.0,131.0,132.0,133.0
장수군 - 행정구역(시도시군구)별 사업장수 폐수 발생량 폐수 방류량 유기물질 부하량,Statistics,29.0,30.0,30.0,43.0,43.0,37.0,40.0,30.0,29.0,24.0,23.0,21.0,34.0,29.0,30.0,28.0,28.0,23.0,21.0,22.0,20.0,20.0,20.0,20.0
장흥군 - 행정구역(시도시군구)별 사업장수 폐수 발생량 폐수 방류량 유기물질 부하량,Statistics,54.0,52.0,47.0,47.0,53.0,34.0,37.0,36.0,31.0,22.0,21.0,21.0,28.0,27.0,32.0,33.0,33.0,33.0,38.0,44.0,47.0,47.0,48.0,49.0
전주시덕진구 - 행정구역(시도시군구)별 사업장수 폐수 발생량 폐수 방류량 유기물질 부하량,Statistics,329.0,360.0,404.0,440.0,450.0,306.0,303.0,299.0,310.0,296.0,290.0,288.0,277.0,280.0,285.0,280.0,280.0,287.0,275.0,267.0,273.0,251.0,249.0,480.0
전주시완산구 - 행정구역(시도시군구)별 사업장수 폐수 발생량 폐수 방류량 유기물질 부하량,Statistics,189.0,256.0,317.0,312.0,317.0,144.0,141.0,149.0,152.0,148.0,145.0,147.0,142.0,152.0,145.0,153.0,153.0,147.0,142.0,135.0,148.0,136.0,134.0,278.0
정선군 - 행정구역(시도시군구)별 사업장수 폐수 발생량 폐수 방류량 유기물질 부하량,Statistics,57.0,89.0,66.0,66.0,85.0,55.0,47.0,58.0,72.0,78.0,75.0,75.0,68.0,74.0,72.0,75.0,75.0,74.0,79.0,78.0,78.0,85.0,90.0,91.0
정읍시 - 행정구역(시도시군구)별 사업장수 폐수 발생량 폐수 방류량 유기물질 부하량,Statistics,141.0,170.0,149.0,163.0,187.0,104.0,104.0,121.0,133.0,132.0,144.0,145.0,176.0,167.0,173.0,174.0,117.0,163.0,206.0,183.0,183.0,163.0,152.0,140.0
제주시 - 행정구역(시도시군구)별 사업장수 폐수 발생량 폐수 방류량 유기물질 부하량,Statistics,417.0,56.0,376.0,391.0,395.0,211.0,226.0,339.0,421.0,401.0,405.0,422.0,423.0,131.0,428.0,414.0,414.0,413.0,442.0,305.0,434.0,429.0,435.0,475.0
제천시 - 행정구역(시도시군구)별 사업장수 폐수 발생량 폐수 방류량 유기물질 부하량,Statistics,143.0,180.0,147.0,147.0,155.0,111.0,114.0,117.0,118.0,119.0,111.0,140.0,122.0,153.0,186.0,180.0,180.0,181.0,173.0,196.0,181.0,264.0,192.0,196.0
종로구 - 행정구역(시도시군구)별 사업장수 폐수 발생량 폐수 방류량 유기물질 부하량,Statistics,204.0,341.0,968.0,1004.0,1004.0,161.0,159.0,36.0,148.0,142.0,143.0,139.0,132.0,132.0,123.0,128.0,128.0,153.0,168.0,161.0,181.0,205.0,207.0,202.0
중구 - 행정구역(시도시군구)별 사업장수 폐수 발생량 폐수 방류량 유기물질 부하량,Statistics,844.0,1142.0,996.0,1347.0,1347.0,1131.0,1131.0,1104.0,1107.0,1071.0,869.0,869.0,772.0,692.0,608.0,551.0,551.0,433.0,484.0,367.0,329.0,316.0,316.0,284.0
중랑구 - 행정구역(시도시군구)별 사업장수 폐수 발생량 폐수 방류량 유기물질 부하량,Statistics,105.0,209.0,238.0,235.0,239.0,79.0,78.0,75.0,80.0,82.0,81.0,81.0,80.0,75.0,81.0,86.0,86.0,83.0,81.0,71.0,72.0,71.0,69.0,66.0
증평군 - 행정구역(시도시군구)별 사업장수 폐수 발생량 폐수 방류량 유기물질 부하량,Statistics,,,,,55.0,42.0,40.0,42.0,46.0,42.0,44.0,48.0,51.0,59.0,60.0,73.0,73.0,74.0,78.0,81.0,78.0,100.0,75.0,78.0
증평출장소 - 행정구역(시도시군구)별 사업장수 폐수 발생량 폐수 방류량 유기물질 부하량,Statistics,27.0,50.0,,,,,,,,,,,,,,,,,,,,,,
진도군 - 행정구역(시도시군구)별 사업장수 폐수 발생량 폐수 방류량 유기물질 부하량,Statistics,24.0,45.0,39.0,40.0,47.0,39.0,23.0,27.0,23.0,25.0,27.0,29.0,30.0,34.0,29.0,34.0,34.0,33.0,32.0,31.0,33.0,41.0,42.0,42.0
진안군 - 행정구역(시도시군구)별 사업장수 폐수 발생량 폐수 방류량 유기물질 부하량,Statistics,20.0,45.0,44.0,59.0,67.0,57.0,51.0,15.0,57.0,57.0,67.0,67.0,79.0,75.0,63.0,63.0,63.0,60.0,55.0,54.0,59.0,57.0,56.0,57.0
진주시 - 행정구역(시도시군구)별 사업장수 폐수 발생량 폐수 방류량 유기물질 부하량,Statistics,323.0,356.0,378.0,89.0,118.0,303.0,304.0,299.0,299.0,293.0,282.0,298.0,304.0,304.0,353.0,419.0,419.0,427.0,504.0,498.0,496.0,489.0,490.0,491.0
진천군 - 행정구역(시도시군구)별 사업장수 폐수 발생량 폐수 방류량 유기물질 부하량,Statistics,145.0,181.0,179.0,182.0,214.0,90.0,196.0,236.0,255.0,277.0,299.0,321.0,336.0,372.0,362.0,367.0,367.0,412.0,514.0,502.0,503.0,486.0,510.0,539.0
진해시 - 행정구역(시도시군구)별 사업장수 폐수 발생량 폐수 방류량 유기물질 부하량,Statistics,105.0,141.0,142.0,148.0,159.0,106.0,115.0,115.0,119.0,94.0,100.0,,,,,,,,,,,,,
창녕군 - 행정구역(시도시군구)별 사업장수 폐수 발생량 폐수 방류량 유기물질 부하량,Statistics,59.0,84.0,99.0,99.0,111.0,101.0,97.0,91.0,102.0,111.0,109.0,111.0,108.0,121.0,124.0,118.0,118.0,118.0,126.0,108.0,134.0,137.0,141.0,134.0
창원시 - 행정구역(시도시군구)별 사업장수 폐수 발생량 폐수 방류량 유기물질 부하량,Statistics,399.0,482.0,505.0,515.0,517.0,401.0,439.0,362.0,427.0,439.0,436.0,,,,,,,,,,,,,
창원시마산합포구 - 행정구역(시도시군구)별 사업장수 폐수 발생량 폐수 방류량 유기물질 부하량,Statistics,,,,,,,,,,,,112.0,118.0,113.0,119.0,126.0,126.0,129.0,136.0,144.0,140.0,145.0,144.0,147.0
창원시마산회원구 - 행정구역(시도시군구)별 사업장수 폐수 발생량 폐수 방류량 유기물질 부하량,Statistics,,,,,,,,,,,,222.0,200.0,229.0,221.0,230.0,230.0,216.0,224.0,249.0,261.0,257.0,257.0,256.0
창원시성산구 - 행정구역(시도시군구)별 사업장수 폐수 발생량 폐수 방류량 유기물질 부하량,Statistics,,,,,,,,,,,,209.0,208.0,239.0,239.0,257.0,257.0,240.0,256.0,234.0,270.0,298.0,294.0,285.0
창원시의창구 - 행정구역(시도시군구)별 사업장수 폐수 발생량 폐수 방류량 유기물질 부하량,Statistics,,,,,,,,,,,,230.0,225.0,242.0,222.0,222.0,222.0,224.0,236.0,234.0,236.0,255.0,258.0,265.0
창원시진해구 - 행정구역(시도시군구)별 사업장수 폐수 발생량 폐수 방류량 유기물질 부하량,Statistics,,,,,,,,,,,,98.0,97.0,101.0,107.0,96.0,96.0,105.0,107.0,78.0,101.0,65.0,85.0,7.0
천안군 - 행정구역(시도시군구)별 사업장수 폐수 발생량 폐수 방류량 유기물질 부하량,Statistics,29.0,,,,,,,,,,,,,,,,,,,,,,,
천안시 - 행정구역(시도시군구)별 사업장수 폐수 발생량 폐수 방류량 유기물질 부하량,Statistics,405.0,523.0,628.0,617.0,721.0,629.0,645.0,667.0,,,,,,,,,,,,,,,,
천안시동남구 - 행정구역(시도시군구)별 사업장수 폐수 발생량 폐수 방류량 유기물질 부하량,Statistics,,,,,,,,,357.0,324.0,282.0,288.0,267.0,277.0,319.0,347.0,347.0,335.0,341.0,682.0,400.0,389.0,374.0,1007.0
천안시서북구 - 행정구역(시도시군구)별 사업장수 폐수 발생량 폐수 방류량 유기물질 부하량,Statistics,,,,,,,,,453.0,469.0,374.0,399.0,401.0,409.0,461.0,475.0,475.0,460.0,480.0,936.0,529.0,505.0,472.0,1214.0
철원군 - 행정구역(시도시군구)별 사업장수 폐수 발생량 폐수 방류량 유기물질 부하량,Statistics,51.0,62.0,54.0,59.0,75.0,61.0,75.0,78.0,86.0,89.0,100.0,107.0,105.0,112.0,114.0,110.0,110.0,119.0,113.0,105.0,108.0,108.0,110.0,97.0
청도군 - 행정구역(시도시군구)별 사업장수 폐수 발생량 폐수 방류량 유기물질 부하량,Statistics,42.0,47.0,50.0,50.0,53.0,30.0,29.0,32.0,33.0,33.0,45.0,45.0,45.0,42.0,45.0,59.0,59.0,44.0,46.0,48.0,50.0,49.0,47.0,49.0
청송군 - 행정구역(시도시군구)별 사업장수 폐수 발생량 폐수 방류량 유기물질 부하량,Statistics,20.0,34.0,38.0,35.0,38.0,19.0,20.0,11.0,21.0,13.0,16.0,22.0,19.0,24.0,27.0,22.0,22.0,20.0,23.0,21.0,20.0,19.0,16.0,18.0
청양군 - 행정구역(시도시군구)별 사업장수 폐수 발생량 폐수 방류량 유기물질 부하량,Statistics,48.0,59.0,54.0,61.0,74.0,44.0,52.0,52.0,47.0,45.0,48.0,44.0,40.0,40.0,43.0,43.0,43.0,52.0,53.0,55.0,53.0,49.0,67.0,56.0
청원군 - 행정구역(시도시군구)별 사업장수 폐수 발생량 폐수 방류량 유기물질 부하량,Statistics,225.0,239.0,210.0,256.0,261.0,277.0,423.0,433.0,445.0,489.0,438.0,491.0,534.0,444.0,438.0,463.0,463.0,,,,,,,
청주시상당구 - 행정구역(시도시군구)별 사업장수 폐수 발생량 폐수 방류량 유기물질 부하량,Statistics,193.0,213.0,209.0,222.0,240.0,131.0,139.0,143.0,142.0,125.0,116.0,113.0,109.0,113.0,112.0,118.0,118.0,109.0,94.0,134.0,85.0,96.0,79.0,81.0
청주시서원구 - 행정구역(시도시군구)별 사업장수 폐수 발생량 폐수 방류량 유기물질 부하량,Statistics,,,,,,,,,,,,,,,,,,166.0,174.0,190.0,140.0,160.0,145.0,148.0
청주시청원구 - 행정구역(시도시군구)별 사업장수 폐수 발생량 폐수 방류량 유기물질 부하량,Statistics,,,,,,,,,,,,,,,,,,318.0,401.0,435.0,323.0,402.0,378.0,333.0
청주시흥덕구 - 행정구역(시도시군구)별 사업장수 폐수 발생량 폐수 방류량 유기물질 부하량,Statistics,174.0,358.0,340.0,360.0,374.0,239.0,241.0,243.0,230.0,243.0,242.0,237.0,240.0,244.0,225.0,308.0,308.0,349.0,456.0,437.0,341.0,486.0,408.0,346.0
춘천시 - 행정구역(시도시군구)별 사업장수 폐수 발생량 폐수 방류량 유기물질 부하량,Statistics,199.0,239.0,267.0,271.0,276.0,213.0,237.0,238.0,242.0,246.0,239.0,222.0,215.0,219.0,227.0,230.0,230.0,231.0,239.0,232.0,245.0,238.0,243.0,245.0
충주시 - 행정구역(시도시군구)별 사업장수 폐수 발생량 폐수 방류량 유기물질 부하량,Statistics,205.0,258.0,199.0,198.0,198.0,198.0,197.0,196.0,252.0,214.0,242.0,264.0,331.0,362.0,304.0,297.0,297.0,288.0,321.0,306.0,329.0,324.0,345.0,330.0
칠곡군 - 행정구역(시도시군구)별 사업장수 폐수 발생량 폐수 방류량 유기물질 부하량,Statistics,132.0,212.0,195.0,195.0,195.0,234.0,270.0,291.0,269.0,282.0,303.0,309.0,359.0,323.0,331.0,350.0,350.0,410.0,449.0,439.0,387.0,426.0,442.0,501.0
태백시 - 행정구역(시도시군구)별 사업장수 폐수 발생량 폐수 방류량 유기물질 부하량,Statistics,74.0,90.0,80.0,84.0,90.0,66.0,60.0,56.0,57.0,59.0,61.0,61.0,58.0,66.0,71.0,75.0,75.0,82.0,78.0,73.0,76.0,78.0,82.0,78.0
태안군 - 행정구역(시도시군구)별 사업장수 폐수 발생량 폐수 방류량 유기물질 부하량,Statistics,40.0,63.0,69.0,67.0,67.0,62.0,58.0,42.0,18.0,34.0,37.0,40.0,42.0,45.0,42.0,48.0,48.0,47.0,49.0,41.0,51.0,59.0,48.0,47.0
통영시 - 행정구역(시도시군구)별 사업장수 폐수 발생량 폐수 방류량 유기물질 부하량,Statistics,95.0,164.0,139.0,139.0,139.0,116.0,115.0,121.0,125.0,105.0,99.0,104.0,170.0,151.0,145.0,144.0,144.0,96.0,109.0,79.0,108.0,100.0,120.0,120.0
파주군 - 행정구역(시도시군구)별 사업장수 폐수 발생량 폐수 방류량 유기물질 부하량,Statistics,208.0,,,,,,,,,,,,,,,,,,,,,,,
파주시 - 행정구역(시도시군구)별 사업장수 폐수 발생량 폐수 방류량 유기물질 부하량,Statistics,,239.0,612.0,612.0,612.0,544.0,614.0,640.0,823.0,751.0,604.0,696.0,912.0,923.0,792.0,876.0,876.0,868.0,960.0,807.0,948.0,893.0,913.0,927.0
평창군 - 행정구역(시도시군구)별 사업장수 폐수 발생량 폐수 방류량 유기물질 부하량,Statistics,63.0,66.0,67.0,71.0,73.0,67.0,68.0,71.0,72.0,65.0,63.0,63.0,71.0,73.0,87.0,75.0,75.0,61.0,53.0,54.0,71.0,70.0,68.0,66.0
평택시 - 행정구역(시도시군구)별 사업장수 폐수 발생량 폐수 방류량 유기물질 부하량,Statistics,403.0,212.0,447.0,439.0,439.0,458.0,476.0,557.0,533.0,512.0,584.0,623.0,717.0,743.0,646.0,648.0,648.0,591.0,627.0,793.0,1024.0,999.0,1093.0,1122.0
포천군 - 행정구역(시도시군구)별 사업장수 폐수 발생량 폐수 방류량 유기물질 부하량,Statistics,381.0,327.0,327.0,327.0,,,,,,,,,,,,,,,,,,,,
포천시 - 행정구역(시도시군구)별 사업장수 폐수 발생량 폐수 방류량 유기물질 부하량,Statistics,,,,,327.0,840.0,965.0,1124.0,1121.0,994.0,833.0,855.0,836.0,857.0,923.0,913.0,913.0,1024.0,1036.0,1112.0,1042.0,1058.0,1035.0,1071.0
포항시남구 - 행정구역(시도시군구)별 사업장수 폐수 발생량 폐수 방류량 유기물질 부하량,Statistics,293.0,320.0,316.0,316.0,317.0,338.0,277.0,340.0,348.0,297.0,303.0,344.0,344.0,402.0,404.0,364.0,364.0,396.0,448.0,377.0,412.0,450.0,451.0,478.0
포항시북구 - 행정구역(시도시군구)별 사업장수 폐수 발생량 폐수 방류량 유기물질 부하량,Statistics,139.0,205.0,207.0,207.0,207.0,198.0,199.0,194.0,219.0,163.0,157.0,174.0,164.0,194.0,187.0,164.0,164.0,177.0,206.0,193.0,198.0,216.0,218.0,438.0
하남시 - 행정구역(시도시군구)별 사업장수 폐수 발생량 폐수 방류량 유기물질 부하량,Statistics,60.0,98.0,103.0,103.0,103.0,63.0,62.0,60.0,68.0,71.0,77.0,79.0,77.0,75.0,81.0,80.0,80.0,87.0,100.0,79.0,110.0,118.0,130.0,123.0
하동군 - 행정구역(시도시군구)별 사업장수 폐수 발생량 폐수 방류량 유기물질 부하량,Statistics,38.0,53.0,48.0,56.0,65.0,43.0,37.0,37.0,39.0,39.0,38.0,46.0,50.0,55.0,64.0,58.0,58.0,49.0,50.0,58.0,61.0,61.0,60.0,58.0
함안군 - 행정구역(시도시군구)별 사업장수 폐수 발생량 폐수 방류량 유기물질 부하량,Statistics,134.0,131.0,118.0,111.0,111.0,107.0,140.0,161.0,167.0,153.0,163.0,199.0,235.0,305.0,352.0,356.0,356.0,382.0,408.0,411.0,403.0,391.0,403.0,421.0
함양군 - 행정구역(시도시군구)별 사업장수 폐수 발생량 폐수 방류량 유기물질 부하량,Statistics,40.0,67.0,61.0,68.0,72.0,58.0,58.0,57.0,60.0,66.0,70.0,76.0,79.0,86.0,76.0,79.0,79.0,64.0,57.0,47.0,42.0,42.0,43.0,44.0
함평군 - 행정구역(시도시군구)별 사업장수 폐수 발생량 폐수 방류량 유기물질 부하량,Statistics,42.0,56.0,58.0,60.0,70.0,71.0,72.0,40.0,46.0,45.0,45.0,43.0,39.0,43.0,58.0,46.0,46.0,54.0,54.0,4.0,60.0,60.0,62.0,69.0
합천군 - 행정구역(시도시군구)별 사업장수 폐수 발생량 폐수 방류량 유기물질 부하량,Statistics,47.0,76.0,84.0,94.0,94.0,64.0,51.0,56.0,59.0,62.0,65.0,65.0,67.0,68.0,68.0,67.0,67.0,69.0,63.0,50.0,79.0,70.0,78.0,76.0
해남군 - 행정구역(시도시군구)별 사업장수 폐수 발생량 폐수 방류량 유기물질 부하량,Statistics,56.0,79.0,79.0,61.0,79.0,57.0,58.0,58.0,58.0,58.0,64.0,68.0,59.0,75.0,75.0,69.0,69.0,65.0,4.0,114.0,104.0,116.0,115.0,118.0
해운대구 - 행정구역(시도시군구)별 사업장수 폐수 발생량 폐수 방류량 유기물질 부하량,Statistics,131.0,219.0,211.0,193.0,193.0,85.0,89.0,96.0,96.0,99.0,100.0,97.0,95.0,90.0,92.0,87.0,87.0,77.0,91.0,71.0,88.0,78.0,77.0,80.0
홍성군 - 행정구역(시도시군구)별 사업장수 폐수 발생량 폐수 방류량 유기물질 부하량,Statistics,75.0,99.0,91.0,94.0,106.0,70.0,68.0,91.0,101.0,78.0,76.0,78.0,87.0,97.0,97.0,101.0,101.0,90.0,6.0,7.0,13.0,7.0,6.0,10.0
홍천군 - 행정구역(시도시군구)별 사업장수 폐수 발생량 폐수 방류량 유기물질 부하량,Statistics,65.0,99.0,103.0,107.0,116.0,71.0,83.0,91.0,89.0,122.0,130.0,145.0,136.0,134.0,152.0,158.0,158.0,153.0,143.0,149.0,141.0,137.0,132.0,128.0
화성군 - 행정구역(시도시군구)별 사업장수 폐수 발생량 폐수 방류량 유기물질 부하량,Statistics,303.0,234.0,,,,,,,,,,,,,,,,,,,,,,
화성시 - 행정구역(시도시군구)별 사업장수 폐수 발생량 폐수 방류량 유기물질 부하량,Statistics,,,249.0,249.0,249.0,231.0,227.0,1073.0,1373.0,1338.0,1521.0,1646.0,1571.0,1704.0,1863.0,1870.0,1870.0,1929.0,2527.0,2590.0,2695.0,2957.0,3429.0,2568.0
화순군 - 행정구역(시도시군구)별 사업장수 폐수 발생량 폐수 방류량 유기물질 부하량,Statistics,52.0,72.0,80.0,83.0,83.0,67.0,67.0,56.0,67.0,73.0,76.0,77.0,91.0,93.0,102.0,101.0,101.0,99.0,103.0,7.0,95.0,85.0,62.0,88.0
화천군 - 행정구역(시도시군구)별 사업장수 폐수 발생량 폐수 방류량 유기물질 부하량,Statistics,38.0,42.0,37.0,41.0,41.0,36.0,43.0,41.0,57.0,67.0,67.0,66.0,68.0,61.0,65.0,70.0,70.0,75.0,78.0,77.0,74.0,77.0,80.0,86.0
횡성군 - 행정구역(시도시군구)별 사업장수 폐수 발생량 폐수 방류량 유기물질 부하량,Statistics,58.0,61.0,61.0,46.0,59.0,35.0,60.0,60.0,61.0,56.0,58.0,59.0,61.0,72.0,71.0,82.0,82.0,87.0,79.0,80.0,94.0,83.0,101.0,97.0
