item,category,2009,2010,2011,2012,2013,2014,2015,2016,2017,2018,2019,2020,2021,2022,2023
강원특별자치도 - 소년 천명당 소년범죄검거건수＜br＞(A÷B×1000),Statistics,20.3,18.0,17.3,20.7,16.2,14.5,15.2,15.9,15.6,14.3,13.6,14.1,13.0,14.5,16.0
강원특별자치도 - 소년범죄검거건수＜br＞(A),Statistics,3649.0,3226.0,3038.0,3534.0,2663.0,2291.0,2290.0,2279.0,2147.0,1881.0,1692.0,1704.0,1543.0,1711.0,1850.0
강원특별자치도 - 소년인구＜br＞(B),Statistics,179842.0,179170.0,175596.0,170399.0,164413.0,157751.0,150490.0,143022.0,137465.0,131280.0,124566.0,120966.0,119008.0,118097.0,115540.0
경기도 - 소년 천명당 소년범죄검거건수＜br＞(A÷B×1000),Statistics,19.2,14.2,12.9,17.2,14.9,14.1,15.4,15.2,15.0,14.1,14.7,14.6,11.8,13.0,14.2
경기도 - 소년범죄검거건수＜br＞(A),Statistics,28901.0,21547.0,19175.0,24838.0,20980.0,19224.0,20213.0,19317.0,18692.0,17203.0,17425.0,17238.0,13962.0,15478.0,16949.0
경기도 - 소년인구＜br＞(B),Statistics,1505268.0,1514013.0,1486178.0,1446918.0,1406163.0,1359356.0,1309972.0,1269859.0,1246619.0,1224002.0,1186693.0,1178122.0,1185736.0,1192502.0,1189978.0
경상남도 - 소년 천명당 소년범죄검거건수＜br＞(A÷B×1000),Statistics,15.8,13.0,12.3,13.0,11.7,10.6,12.6,11.9,11.5,9.8,11.4,12.9,11.6,13.1,13.6
경상남도 - 소년범죄검거건수＜br＞(A),Statistics,6547.0,5362.0,4960.0,5036.0,4357.0,3767.0,4282.0,3843.0,3630.0,2986.0,3333.0,3718.0,3338.0,3774.0,3900.0
경상남도 - 소년인구＜br＞(B),Statistics,413901.0,411155.0,401850.0,386993.0,372089.0,356355.0,338553.0,323427.0,314673.0,304690.0,292333.0,287654.0,287529.0,288284.0,286248.0
경상북도 - 소년 천명당 소년범죄검거건수＜br＞(A÷B×1000),Statistics,14.6,11.9,12.0,15.2,13.8,12.5,13.3,13.6,13.2,12.2,13.4,14.0,12.3,12.4,13.6
경상북도 - 소년범죄검거건수＜br＞(A),Statistics,4445.0,3569.0,3498.0,4264.0,3715.0,3203.0,3239.0,3149.0,2954.0,2620.0,2731.0,2798.0,2437.0,2452.0,2674.0
경상북도 - 소년인구＜br＞(B),Statistics,303647.0,300534.0,292390.0,280986.0,269249.0,256463.0,243517.0,231489.0,223515.0,214713.0,204499.0,199214.0,198690.0,198122.0,196123.0
광주광역시 - 소년 천명당 소년범죄검거건수＜br＞(A÷B×1000),Statistics,21.4,19.3,17.7,24.2,18.8,15.9,16.6,16.5,17.6,16.2,17.7,19.1,14.0,16.5,21.4
광주광역시 - 소년범죄검거건수＜br＞(A),Statistics,4514.0,4071.0,3656.0,4821.0,3617.0,2920.0,2888.0,2712.0,2777.0,2438.0,2528.0,2636.0,1903.0,2222.0,2838.0
광주광역시 - 소년인구＜br＞(B),Statistics,210722.0,211103.0,206425.0,199517.0,192432.0,183667.0,173874.0,164518.0,157979.0,150911.0,142784.0,138298.0,136069.0,134409.0,132420.0
대구광역시 - 소년 천명당 소년범죄검거건수＜br＞(A÷B×1000),Statistics,17.7,15.0,16.7,21.8,19.4,15.7,16.0,17.4,15.9,15.0,16.9,15.5,14.5,16.2,16.7
대구광역시 - 소년범죄검거건수＜br＞(A),Statistics,5831.0,4862.0,5233.0,6521.0,5532.0,4232.0,4053.0,4178.0,3650.0,3277.0,3482.0,3076.0,2833.0,3123.0,3214.0
대구광역시 - 소년인구＜br＞(B),Statistics,329259.0,323966.0,312835.0,299032.0,285314.0,269675.0,253893.0,239460.0,229792.0,218657.0,205718.0,198439.0,195212.0,193101.0,191917.0
대전광역시 - 소년 천명당 소년범죄검거건수＜br＞(A÷B×1000),Statistics,16.0,13.8,11.7,17.9,18.4,16.5,17.6,16.7,16.8,15.9,18.3,17.3,14.4,16.6,17.8
대전광역시 - 소년범죄검거건수＜br＞(A),Statistics,3220.0,2761.0,2272.0,3369.0,3328.0,2858.0,2861.0,2581.0,2487.0,2246.0,2440.0,2227.0,1823.0,2075.0,2186.0
대전광역시 - 소년인구＜br＞(B),Statistics,201756.0,199645.0,194731.0,188161.0,181308.0,173150.0,162781.0,154220.0,147634.0,141033.0,133423.0,129028.0,126789.0,125066.0,122861.0
부산광역시 - 소년 천명당 소년범죄검거건수＜br＞(A÷B×1000),Statistics,27.5,20.8,18.5,27.1,24.1,21.6,24.8,23.6,23.6,22.2,21.3,18.6,13.9,15.7,17.0
부산광역시 - 소년범죄검거건수＜br＞(A),Statistics,11248.0,8248.0,7020.0,9706.0,8192.0,6911.0,7466.0,6683.0,6379.0,5738.0,5234.0,4441.0,3312.0,3717.0,4020.0
부산광역시 - 소년인구＜br＞(B),Statistics,409591.0,397424.0,378792.0,358601.0,339475.0,320408.0,300699.0,283458.0,270589.0,258691.0,245304.0,239006.0,237444.0,237276.0,236255.0
서울특별시 - 소년 천명당 소년범죄검거건수＜br＞(A÷B×1000),Statistics,21.3,17.0,15.6,20.5,17.9,15.8,15.9,15.6,15.7,15.0,15.3,14.0,11.4,12.9,13.8
서울특별시 - 소년범죄검거건수＜br＞(A),Statistics,24086.0,18844.0,16562.0,20769.0,17185.0,14479.0,13746.0,12714.0,12265.0,11193.0,10854.0,9630.0,7638.0,8572.0,8979.0
서울특별시 - 소년인구＜br＞(B),Statistics,1132770.0,1110363.0,1064743.0,1012748.0,962426.0,914682.0,862502.0,814748.0,781849.0,747081.0,707909.0,686460.0,671487.0,662891.0,649800.0
세종특별자치시 - 소년 천명당 소년범죄검거건수＜br＞(A÷B×1000),Statistics,,,,,,,,,,,8.8,6.6,8.1,9.0,12.8
세종특별자치시 - 소년범죄검거건수＜br＞(A),Statistics,,,,,,,,,,,322.0,259.0,342.0,405.0,600.0
세종특별자치시 - 소년인구＜br＞(B),Statistics,,,,,,,,,,,36526.0,39337.0,42299.0,45204.0,46846.0
울산광역시 - 소년 천명당 소년범죄검거건수＜br＞(A÷B×1000),Statistics,16.9,16.4,15.5,16.7,15.5,15.4,18.3,16.1,16.0,14.1,13.7,14.4,17.8,20.1,18.2
울산광역시 - 소년범죄검거건수＜br＞(A),Statistics,2703.0,2569.0,2344.0,2414.0,2140.0,2010.0,2244.0,1873.0,1784.0,1509.0,1402.0,1432.0,1771.0,2004.0,1805.0
울산광역시 - 소년인구＜br＞(B),Statistics,159954.0,156835.0,151404.0,144537.0,137676.0,130196.0,122844.0,116055.0,111416.0,106905.0,102030.0,99704.0,99341.0,99590.0,99417.0
인천광역시 - 소년 천명당 소년범죄검거건수＜br＞(A÷B×1000),Statistics,19.1,17.1,19.5,21.2,19.3,16.2,17.4,20.4,18.5,18.3,18.9,18.9,15.4,18.1,21.5
인천광역시 - 소년범죄검거건수＜br＞(A),Statistics,6782.0,5974.0,6605.0,6888.0,6034.0,4828.0,4959.0,5571.0,4903.0,4706.0,4680.0,4579.0,3734.0,4411.0,5266.0
인천광역시 - 소년인구＜br＞(B),Statistics,354700.0,349123.0,338430.0,324838.0,312544.0,298930.0,285242.0,273031.0,265666.0,257417.0,247614.0,242596.0,243140.0,244334.0,245058.0
전국 - 소년 천명당 소년범죄검거건수＜br＞(A÷B×1000),Statistics,19.1,15.5,14.5,18.6,16.4,14.9,16.0,15.9,15.6,14.7,15.3,15.2,12.8,14.5,15.9
전국 - 소년범죄검거건수＜br＞(A),Statistics,118040.0,94845.0,86614.0,106982.0,90693.0,78774.0,80318.0,76354.0,72741.0,66255.0,66202.0,64573.0,54060.0,61112.0,66497.0
전국 - 소년인구＜br＞(B),Statistics,6174295.0,6124528.0,5955977.0,5737143.0,5516012.0,5280968.0,5031620.0,4809719.0,4664993.0,4511854.0,4320697.0,4234920.0,4215860.0,4211440.0,4179339.0
전라남도 - 소년 천명당 소년범죄검거건수＜br＞(A÷B×1000),Statistics,18.7,14.8,13.2,16.5,13.3,12.4,13.3,14.3,13.6,12.3,14.3,16.7,15.5,17.6,17.7
전라남도 - 소년범죄검거건수＜br＞(A),Statistics,4284.0,3378.0,2929.0,3519.0,2721.0,2419.0,2451.0,2508.0,2284.0,1973.0,2167.0,2457.0,2265.0,2551.0,2535.0
전라남도 - 소년인구＜br＞(B),Statistics,229255.0,227614.0,221550.0,213489.0,204620.0,194729.0,184617.0,174915.0,168046.0,160503.0,151904.0,147276.0,145837.0,145012.0,143119.0
전북특별자치도 - 소년 천명당 소년범죄검거건수＜br＞(A÷B×1000),Statistics,16.4,13.2,13.2,16.5,13.7,13.9,14.1,13.4,13.7,14.3,13.1,15.2,13.9,16.0,20.1
전북특별자치도 - 소년범죄검거건수＜br＞(A),Statistics,3845.0,3080.0,2998.0,3622.0,2904.0,2806.0,2696.0,2449.0,2400.0,2399.0,2080.0,2344.0,2108.0,2402.0,2968.0
전북특별자치도 - 소년인구＜br＞(B),Statistics,233890.0,232721.0,227644.0,219966.0,211421.0,201859.0,191833.0,182631.0,175321.0,167746.0,158820.0,154003.0,151703.0,150052.0,147504.0
제주특별자치도 - 소년 천명당 소년범죄검거건수＜br＞(A÷B×1000),Statistics,19.9,19.6,14.9,14.8,16.0,14.3,16.2,13.4,15.2,12.6,13.0,16.9,12.6,14.7,17.9
제주특별자치도 - 소년범죄검거건수＜br＞(A),Statistics,1518.0,1503.0,1131.0,1098.0,1162.0,1010.0,1113.0,896.0,1012.0,828.0,821.0,1066.0,799.0,942.0,1148.0
제주특별자치도 - 소년인구＜br＞(B),Statistics,76177.0,76695.0,75848.0,74116.0,72491.0,70474.0,68644.0,67067.0,66634.0,65471.0,63359.0,62951.0,63592.0,64081.0,64049.0
충청남도 - 소년 천명당 소년범죄검거건수＜br＞(A÷B×1000),Statistics,13.4,13.0,10.5,15.7,15.2,14.9,15.6,14.7,13.4,13.9,14.9,14.7,13.5,17.4,19.0
충청남도 - 소년범죄검거건수＜br＞(A),Statistics,3222.0,3135.0,2526.0,3696.0,3506.0,3383.0,3505.0,3260.0,2990.0,3087.0,2723.0,2640.0,2432.0,3174.0,3473.0
충청남도 - 소년인구＜br＞(B),Statistics,240589.0,241915.0,239566.0,235761.0,230237.0,226484.0,224276.0,221320.0,222428.0,222483.0,182663.0,179901.0,180816.0,182506.0,182391.0
충청북도 - 소년 천명당 소년범죄검거건수＜br＞(A÷B×1000),Statistics,16.8,14.1,14.2,15.9,15.3,14.6,14.6,15.6,16.4,15.5,17.0,17.6,13.9,16.0,16.1
충청북도 - 소년범죄검거건수＜br＞(A),Statistics,3245.0,2716.0,2667.0,2887.0,2657.0,2433.0,2312.0,2341.0,2387.0,2171.0,2288.0,2328.0,1820.0,2099.0,2092.0
충청북도 - 소년인구＜br＞(B),Statistics,192974.0,192252.0,187995.0,181081.0,174154.0,166789.0,157883.0,150499.0,145367.0,140271.0,134552.0,131965.0,131168.0,130913.0,129813.0
