item,category,2016,2017,2018,2019,2020,2021,2022,2023
가평군 - 무주택가구,Statistics,10241.0,10244.0,10279.0,10248.0,10406.0,10611.0,10757.0,10751.0
가평군 - 무주택가구비율,Statistics,43.3,42.3,41.6,41.1,40.6,40.5,40.2,39.5
가평군 - 주택소유가구,Statistics,13387.0,13957.0,14445.0,14702.0,15246.0,15610.0,16015.0,16490.0
가평군 - 주택소유가구비율,Statistics,56.7,57.7,58.4,58.9,59.4,59.5,59.8,60.5
가평군 - 총가구(일반가구),Statistics,23628.0,24201.0,24724.0,24950.0,25652.0,26221.0,26772.0,27241.0
강남구 - 무주택가구,Statistics,107594.0,106571.0,103473.0,106076.0,107431.0,106166.0,104290.0,108181.0
강남구 - 무주택가구비율,Statistics,51.5,51.4,51.0,51.4,51.4,50.3,49.1,49.4
강남구 - 주택소유가구,Statistics,101310.0,100798.0,99610.0,100448.0,101402.0,105002.0,108209.0,110714.0
강남구 - 주택소유가구비율,Statistics,48.5,48.6,49.0,48.6,48.6,49.7,50.9,50.6
강남구 - 총가구(일반가구),Statistics,208904.0,207369.0,203083.0,206524.0,208833.0,211168.0,212499.0,218895.0
강동구 - 무주택가구,Statistics,84487.0,85327.0,84100.0,86784.0,91003.0,94908.0,96855.0,98743.0
강동구 - 무주택가구비율,Statistics,52.8,53.1,52.8,53.2,51.4,51.2,51.6,52.1
강동구 - 주택소유가구,Statistics,75534.0,75353.0,75133.0,76192.0,86145.0,90533.0,90760.0,90856.0
강동구 - 주택소유가구비율,Statistics,47.2,46.9,47.2,46.8,48.6,48.8,48.4,47.9
강동구 - 총가구(일반가구),Statistics,160021.0,160680.0,159233.0,162976.0,177148.0,185441.0,187615.0,189599.0
강릉시 - 무주택가구,Statistics,41283.0,41429.0,41847.0,40857.0,44955.0,44048.0,41974.0,42792.0
강릉시 - 무주택가구비율,Statistics,46.6,46.1,46.2,44.4,45.9,44.4,43.0,43.3
강릉시 - 주택소유가구,Statistics,47339.0,48445.0,48817.0,51236.0,53077.0,55057.0,55689.0,56126.0
강릉시 - 주택소유가구비율,Statistics,53.4,53.9,53.8,55.6,54.1,55.6,57.0,56.7
강릉시 - 총가구(일반가구),Statistics,88622.0,89874.0,90664.0,92093.0,98032.0,99105.0,97663.0,98918.0
강북구 - 무주택가구,Statistics,63181.0,63975.0,63832.0,64377.0,65403.0,65464.0,66503.0,66758.0
강북구 - 무주택가구비율,Statistics,50.3,50.3,50.0,50.3,50.4,50.2,50.7,50.8
강북구 - 주택소유가구,Statistics,62399.0,63306.0,63719.0,63635.0,64402.0,64865.0,64772.0,64605.0
강북구 - 주택소유가구비율,Statistics,49.7,49.7,50.0,49.7,49.6,49.8,49.3,49.2
강북구 - 총가구(일반가구),Statistics,125580.0,127281.0,127551.0,128012.0,129805.0,130329.0,131275.0,131363.0
강서구 - 무주택가구,Statistics,113173.0,119831.0,122997.0,127815.0,131807.0,135209.0,139622.0,140744.0
강서구 - 무주택가구비율,Statistics,50.8,51.7,52.2,53.2,54.0,54.1,54.9,55.1
강서구 - 주택소유가구,Statistics,109479.0,111908.0,112757.0,112320.0,112290.0,114775.0,114918.0,114873.0
강서구 - 주택소유가구비율,Statistics,49.2,48.3,47.8,46.8,46.0,45.9,45.1,44.9
강서구 - 총가구(일반가구),Statistics,222652.0,231739.0,235754.0,240135.0,244097.0,249984.0,254540.0,255617.0
강원특별자치도 - 무주택가구,Statistics,277522.0,274774.0,275449.0,270390.0,282343.0,283355.0,284658.0,291185.0
강원특별자치도 - 무주택가구비율,Statistics,45.0,44.3,43.8,42.7,42.7,42.0,41.6,41.7
강원특별자치도 - 주택소유가구,Statistics,338824.0,345955.0,353035.0,363552.0,378696.0,391373.0,400237.0,407225.0
강원특별자치도 - 주택소유가구비율,Statistics,55.0,55.7,56.2,57.3,57.3,58.0,58.4,58.3
강원특별자치도 - 총가구(일반가구),Statistics,616346.0,620729.0,628484.0,633942.0,661039.0,674728.0,684895.0,698410.0
강진군 - 무주택가구,Statistics,4754.0,4441.0,4409.0,4379.0,4445.0,4488.0,4545.0,4545.0
강진군 - 무주택가구비율,Statistics,31.5,29.4,29.4,29.4,29.1,29.2,29.6,29.5
강진군 - 주택소유가구,Statistics,10330.0,10667.0,10603.0,10539.0,10805.0,10870.0,10798.0,10847.0
강진군 - 주택소유가구비율,Statistics,68.5,70.6,70.6,70.6,70.9,70.8,70.4,70.5
강진군 - 총가구(일반가구),Statistics,15084.0,15108.0,15012.0,14918.0,15250.0,15358.0,15343.0,15392.0
강화군 - 무주택가구,Statistics,8069.0,7915.0,8005.0,7910.0,8122.0,8232.0,8238.0,8016.0
강화군 - 무주택가구비율,Statistics,31.7,30.3,29.9,29.2,29.2,28.8,28.2,27.3
강화군 - 주택소유가구,Statistics,17408.0,18188.0,18723.0,19138.0,19705.0,20384.0,21021.0,21363.0
강화군 - 주택소유가구비율,Statistics,68.3,69.7,70.1,70.8,70.8,71.2,71.8,72.7
강화군 - 총가구(일반가구),Statistics,25477.0,26103.0,26728.0,27048.0,27827.0,28616.0,29259.0,29379.0
거제시 - 무주택가구,Statistics,35846.0,34320.0,30898.0,30483.0,31990.0,32671.0,32426.0,33211.0
거제시 - 무주택가구비율,Statistics,37.7,36.1,33.0,32.5,33.4,33.7,33.5,34.0
거제시 - 주택소유가구,Statistics,59191.0,60796.0,62842.0,63245.0,63847.0,64336.0,64354.0,64437.0
거제시 - 주택소유가구비율,Statistics,62.3,63.9,67.0,67.5,66.6,66.3,66.5,66.0
거제시 - 총가구(일반가구),Statistics,95037.0,95116.0,93740.0,93728.0,95837.0,97007.0,96780.0,97648.0
거창군 - 무주택가구,Statistics,9139.0,8368.0,8242.0,8224.0,8329.0,8801.0,9055.0,9309.0
거창군 - 무주택가구비율,Statistics,36.6,33.3,32.4,32.3,32.2,33.2,33.9,34.3
거창군 - 주택소유가구,Statistics,15819.0,16737.0,17188.0,17267.0,17545.0,17707.0,17638.0,17796.0
거창군 - 주택소유가구비율,Statistics,63.4,66.7,67.6,67.7,67.8,66.8,66.1,65.7
거창군 - 총가구(일반가구),Statistics,24958.0,25105.0,25430.0,25491.0,25874.0,26508.0,26693.0,27105.0
경기도 - 무주택가구,Statistics,2017675.0,2060301.0,2109413.0,2162237.0,2255684.0,2330120.0,2383035.0,2382950.0
경기도 - 무주택가구비율,Statistics,45.0,44.8,44.4,44.1,44.2,44.0,44.1,43.3
경기도 - 주택소유가구,Statistics,2466749.0,2542649.0,2642084.0,2745423.0,2842747.0,2960542.0,3023928.0,3117074.0
경기도 - 주택소유가구비율,Statistics,55.0,55.2,55.6,55.9,55.8,56.0,55.9,56.7
경기도 - 총가구(일반가구),Statistics,4484424.0,4602950.0,4751497.0,4907660.0,5098431.0,5290662.0,5406963.0,5500024.0
경산시 - 무주택가구,Statistics,49005.0,49595.0,47595.0,49563.0,51479.0,52529.0,53966.0,56411.0
경산시 - 무주택가구비율,Statistics,46.1,45.7,43.6,44.1,44.3,42.9,43.5,44.2
경산시 - 주택소유가구,Statistics,57391.0,59007.0,61580.0,62761.0,64648.0,69780.0,70198.0,71136.0
경산시 - 주택소유가구비율,Statistics,53.9,54.3,56.4,55.9,55.7,57.1,56.5,55.8
경산시 - 총가구(일반가구),Statistics,106396.0,108602.0,109175.0,112324.0,116127.0,122309.0,124164.0,127547.0
경상남도 - 무주택가구,Statistics,499887.0,492343.0,489952.0,489409.0,499881.0,510509.0,517083.0,520892.0
경상남도 - 무주택가구비율,Statistics,39.3,38.1,37.5,37.0,37.0,37.0,37.1,37.1
경상남도 - 주택소유가구,Statistics,773636.0,800655.0,816442.0,831804.0,850274.0,868473.0,875525.0,883584.0
경상남도 - 주택소유가구비율,Statistics,60.7,61.9,62.5,63.0,63.0,63.0,62.9,62.9
경상남도 - 총가구(일반가구),Statistics,1273523.0,1292998.0,1306394.0,1321213.0,1350155.0,1378982.0,1392608.0,1404476.0
경상북도 - 무주택가구,Statistics,443791.0,435391.0,428712.0,427642.0,442830.0,448805.0,454650.0,453684.0
경상북도 - 무주택가구비율,Statistics,41.2,40.0,39.2,38.8,39.1,38.8,39.0,38.9
경상북도 - 주택소유가구,Statistics,632790.0,652416.0,665822.0,675292.0,688989.0,707840.0,711656.0,712910.0
경상북도 - 주택소유가구비율,Statistics,58.8,60.0,60.8,61.2,60.9,61.2,61.0,61.1
경상북도 - 총가구(일반가구),Statistics,1076581.0,1087807.0,1094534.0,1102934.0,1131819.0,1156645.0,1166306.0,1166594.0
경주시 - 무주택가구,Statistics,45597.0,43081.0,42561.0,42224.0,44689.0,44788.0,44320.0,44253.0
경주시 - 무주택가구비율,Statistics,43.3,40.4,39.6,39.0,40.2,39.4,38.9,38.6
경주시 - 주택소유가구,Statistics,59803.0,63452.0,64923.0,65970.0,66558.0,68972.0,69557.0,70540.0
경주시 - 주택소유가구비율,Statistics,56.7,59.6,60.4,61.0,59.8,60.6,61.1,61.4
경주시 - 총가구(일반가구),Statistics,105400.0,106533.0,107484.0,108194.0,111247.0,113760.0,113877.0,114793.0
계룡시 - 무주택가구,Statistics,5630.0,6112.0,6056.0,6011.0,6076.0,6442.0,6895.0,6986.0
계룡시 - 무주택가구비율,Statistics,40.1,41.0,40.6,40.0,40.1,40.6,41.1,38.1
계룡시 - 주택소유가구,Statistics,8421.0,8778.0,8849.0,9017.0,9061.0,9440.0,9895.0,11363.0
계룡시 - 주택소유가구비율,Statistics,59.9,59.0,59.4,60.0,59.9,59.4,58.9,61.9
계룡시 - 총가구(일반가구),Statistics,14051.0,14890.0,14905.0,15028.0,15137.0,15882.0,16790.0,18349.0
계양구 - 무주택가구,Statistics,41943.0,41701.0,40775.0,40566.0,41249.0,43657.0,43511.0,42625.0
계양구 - 무주택가구비율,Statistics,36.1,36.0,35.8,35.9,36.3,37.4,36.9,36.5
계양구 - 주택소유가구,Statistics,74112.0,74275.0,73275.0,72292.0,72383.0,73161.0,74258.0,74016.0
계양구 - 주택소유가구비율,Statistics,63.9,64.0,64.2,64.1,63.7,62.6,63.1,63.5
계양구 - 총가구(일반가구),Statistics,116055.0,115976.0,114050.0,112858.0,113632.0,116818.0,117769.0,116641.0
고령군 - 무주택가구,Statistics,5585.0,5322.0,5303.0,5239.0,5164.0,5279.0,5350.0,5284.0
고령군 - 무주택가구비율,Statistics,41.4,39.4,39.3,38.9,38.3,38.9,39.1,38.3
고령군 - 주택소유가구,Statistics,7891.0,8197.0,8203.0,8229.0,8334.0,8297.0,8326.0,8497.0
고령군 - 주택소유가구비율,Statistics,58.6,60.6,60.7,61.1,61.7,61.1,60.9,61.7
고령군 - 총가구(일반가구),Statistics,13476.0,13519.0,13506.0,13468.0,13498.0,13576.0,13676.0,13781.0
고성군 - 무주택가구,Statistics,6353.0,5366.0,5119.0,4347.0,4589.0,4390.0,4437.0,4784.0
고성군 - 무주택가구비율,Statistics,48.9,44.1,42.5,39.0,39.1,36.6,36.0,37.2
고성군 - 주택소유가구,Statistics,6629.0,6794.0,6912.0,6785.0,7134.0,7602.0,7872.0,8082.0
고성군 - 주택소유가구비율,Statistics,51.1,55.9,57.5,61.0,60.9,63.4,64.0,62.8
고성군 - 총가구(일반가구),Statistics,12982.0,12160.0,12031.0,11132.0,11723.0,11992.0,12309.0,12866.0
고양시 - 무주택가구,Statistics,154244.0,160116.0,161676.0,169073.0,176501.0,181015.0,186289.0,186074.0
고양시 - 무주택가구비율,Statistics,43.1,43.9,43.7,43.9,44.3,44.0,44.4,43.6
고양시 - 주택소유가구,Statistics,203440.0,204240.0,208432.0,215948.0,222363.0,230122.0,233207.0,240998.0
고양시 - 주택소유가구비율,Statistics,56.9,56.1,56.3,56.1,55.7,56.0,55.6,56.4
고양시 - 총가구(일반가구),Statistics,357684.0,364356.0,370108.0,385021.0,398864.0,411137.0,419496.0,427072.0
고창군 - 무주택가구,Statistics,11804.0,10769.0,10483.0,10088.0,9633.0,9875.0,10616.0,10427.0
고창군 - 무주택가구비율,Statistics,50.2,45.6,44.3,42.9,41.0,41.8,44.5,43.7
고창군 - 주택소유가구,Statistics,11701.0,12845.0,13164.0,13452.0,13879.0,13773.0,13220.0,13444.0
고창군 - 주택소유가구비율,Statistics,49.8,54.4,55.7,57.1,59.0,58.2,55.5,56.3
고창군 - 총가구(일반가구),Statistics,23505.0,23614.0,23647.0,23540.0,23512.0,23648.0,23836.0,23871.0
고흥군 - 무주택가구,Statistics,14026.0,12110.0,11865.0,11445.0,11550.0,11824.0,12560.0,12242.0
고흥군 - 무주택가구비율,Statistics,48.0,41.8,40.9,39.6,39.1,39.8,41.7,40.8
고흥군 - 주택소유가구,Statistics,15172.0,16849.0,17128.0,17488.0,17970.0,17915.0,17547.0,17782.0
고흥군 - 주택소유가구비율,Statistics,52.0,58.2,59.1,60.4,60.9,60.2,58.3,59.2
고흥군 - 총가구(일반가구),Statistics,29198.0,28959.0,28993.0,28933.0,29520.0,29739.0,30107.0,30024.0
곡성군 - 무주택가구,Statistics,4807.0,4407.0,4052.0,4140.0,4100.0,4160.0,4301.0,4284.0
곡성군 - 무주택가구비율,Statistics,37.8,34.4,32.5,32.8,32.3,32.5,33.3,32.9
곡성군 - 주택소유가구,Statistics,7914.0,8403.0,8412.0,8490.0,8589.0,8641.0,8600.0,8734.0
곡성군 - 주택소유가구비율,Statistics,62.2,65.6,67.5,67.2,67.7,67.5,66.7,67.1
곡성군 - 총가구(일반가구),Statistics,12721.0,12810.0,12464.0,12630.0,12689.0,12801.0,12901.0,13018.0
공주시 - 무주택가구,Statistics,18925.0,18831.0,18413.0,18413.0,19680.0,19498.0,19396.0,19840.0
공주시 - 무주택가구비율,Statistics,43.1,42.5,41.3,41.1,42.6,42.0,41.4,41.8
공주시 - 주택소유가구,Statistics,24996.0,25467.0,26139.0,26403.0,26485.0,26913.0,27503.0,27612.0
공주시 - 주택소유가구비율,Statistics,56.9,57.5,58.7,58.9,57.4,58.0,58.6,58.2
공주시 - 총가구(일반가구),Statistics,43921.0,44298.0,44552.0,44816.0,46165.0,46411.0,46899.0,47452.0
과천시 - 무주택가구,Statistics,9689.0,8746.0,8859.0,9287.0,9877.0,10388.0,11018.0,10494.0
과천시 - 무주택가구비율,Statistics,45.7,47.3,47.4,49.1,48.2,43.7,41.2,37.9
과천시 - 주택소유가구,Statistics,11522.0,9745.0,9819.0,9614.0,10627.0,13373.0,15735.0,17208.0
과천시 - 주택소유가구비율,Statistics,54.3,52.7,52.6,50.9,51.8,56.3,58.8,62.1
과천시 - 총가구(일반가구),Statistics,21211.0,18491.0,18678.0,18901.0,20504.0,23761.0,26753.0,27702.0
관악구 - 무주택가구,Statistics,143696.0,144891.0,149028.0,154685.0,160636.0,163391.0,170871.0,174195.0
관악구 - 무주택가구비율,Statistics,62.3,62.4,62.9,63.9,64.5,64.7,65.7,66.2
관악구 - 주택소유가구,Statistics,86874.0,87321.0,87733.0,87469.0,88323.0,89228.0,89204.0,88971.0
관악구 - 주택소유가구비율,Statistics,37.7,37.6,37.1,36.1,35.5,35.3,34.3,33.8
관악구 - 총가구(일반가구),Statistics,230570.0,232212.0,236761.0,242154.0,248959.0,252619.0,260075.0,263166.0
광명시 - 무주택가구,Statistics,48029.0,48551.0,48078.0,47482.0,45689.0,45692.0,44216.0,42593.0
광명시 - 무주택가구비율,Statistics,41.2,41.6,41.1,41.1,41.0,41.3,40.2,39.6
광명시 - 주택소유가구,Statistics,68641.0,68057.0,69008.0,67932.0,65694.0,64986.0,65743.0,64852.0
광명시 - 주택소유가구비율,Statistics,58.8,58.4,58.9,58.9,59.0,58.7,59.8,60.4
광명시 - 총가구(일반가구),Statistics,116670.0,116608.0,117086.0,115414.0,111383.0,110678.0,109959.0,107445.0
광산구 - 무주택가구,Statistics,63149.0,64437.0,64302.0,65374.0,68688.0,69255.0,69312.0,68087.0
광산구 - 무주택가구비율,Statistics,42.8,42.8,42.4,42.3,43.1,42.4,42.1,41.3
광산구 - 주택소유가구,Statistics,84318.0,85956.0,87208.0,89011.0,90672.0,94097.0,95431.0,96891.0
광산구 - 주택소유가구비율,Statistics,57.2,57.2,57.6,57.7,56.9,57.6,57.9,58.7
광산구 - 총가구(일반가구),Statistics,147467.0,150393.0,151510.0,154385.0,159360.0,163352.0,164743.0,164978.0
광양시 - 무주택가구,Statistics,23342.0,23387.0,22454.0,22233.0,22404.0,22964.0,23374.0,23302.0
광양시 - 무주택가구비율,Statistics,42.8,42.4,40.3,39.6,38.8,38.7,38.2,37.2
광양시 - 주택소유가구,Statistics,31208.0,31751.0,33244.0,33901.0,35348.0,36412.0,37799.0,39400.0
광양시 - 주택소유가구비율,Statistics,57.2,57.6,59.7,60.4,61.2,61.3,61.8,62.8
광양시 - 총가구(일반가구),Statistics,54550.0,55138.0,55698.0,56134.0,57752.0,59376.0,61173.0,62702.0
광주광역시 - 무주택가구,Statistics,244935.0,247469.0,244706.0,248179.0,255546.0,260714.0,262565.0,261753.0
광주광역시 - 무주택가구비율,Statistics,43.0,43.0,42.3,42.3,42.6,42.3,42.1,41.7
광주광역시 - 주택소유가구,Statistics,324437.0,328263.0,333853.0,338980.0,343671.0,354979.0,360687.0,365849.0
광주광역시 - 주택소유가구비율,Statistics,57.0,57.0,57.7,57.7,57.4,57.7,57.9,58.3
광주광역시 - 총가구(일반가구),Statistics,569372.0,575732.0,578559.0,587159.0,599217.0,615693.0,623252.0,627602.0
광주시 - 무주택가구,Statistics,44884.0,46256.0,48461.0,49623.0,50061.0,51401.0,52540.0,51377.0
광주시 - 무주택가구비율,Statistics,39.8,38.2,37.0,36.3,35.0,34.8,34.4,33.3
광주시 - 주택소유가구,Statistics,67914.0,74680.0,82541.0,87107.0,92978.0,96428.0,100075.0,103064.0
광주시 - 주택소유가구비율,Statistics,60.2,61.8,63.0,63.7,65.0,65.2,65.6,66.7
광주시 - 총가구(일반가구),Statistics,112798.0,120936.0,131002.0,136730.0,143039.0,147829.0,152615.0,154441.0
광진구 - 무주택가구,Statistics,84550.0,85264.0,85944.0,86569.0,88355.0,89210.0,90802.0,92650.0
광진구 - 무주택가구비율,Statistics,57.8,57.7,57.8,57.7,58.1,57.9,58.0,58.4
광진구 - 주택소유가구,Statistics,61646.0,62582.0,62791.0,63336.0,63735.0,64752.0,65661.0,65962.0
광진구 - 주택소유가구비율,Statistics,42.2,42.3,42.2,42.3,41.9,42.1,42.0,41.6
광진구 - 총가구(일반가구),Statistics,146196.0,147846.0,148735.0,149905.0,152090.0,153962.0,156463.0,158612.0
괴산군 - 무주택가구,Statistics,6663.0,6524.0,6479.0,6391.0,7281.0,6891.0,6703.0,6648.0
괴산군 - 무주택가구비율,Statistics,41.1,39.3,38.6,37.6,40.0,38.3,37.1,36.5
괴산군 - 주택소유가구,Statistics,9551.0,10066.0,10286.0,10622.0,10928.0,11106.0,11380.0,11543.0
괴산군 - 주택소유가구비율,Statistics,58.9,60.7,61.4,62.4,60.0,61.7,62.9,63.5
괴산군 - 총가구(일반가구),Statistics,16214.0,16590.0,16765.0,17013.0,18209.0,17997.0,18083.0,18191.0
구례군 - 무주택가구,Statistics,3578.0,3360.0,3326.0,3271.0,3367.0,3393.0,3357.0,3356.0
구례군 - 무주택가구비율,Statistics,33.3,31.1,30.7,30.3,30.6,30.4,30.0,29.8
구례군 - 주택소유가구,Statistics,7158.0,7445.0,7513.0,7515.0,7642.0,7767.0,7841.0,7898.0
구례군 - 주택소유가구비율,Statistics,66.7,68.9,69.3,69.7,69.4,69.6,70.0,70.2
구례군 - 총가구(일반가구),Statistics,10736.0,10805.0,10839.0,10786.0,11009.0,11160.0,11198.0,11254.0
구로구 - 무주택가구,Statistics,71873.0,71037.0,70749.0,73999.0,75539.0,77050.0,80087.0,82121.0
구로구 - 무주택가구비율,Statistics,45.9,45.5,45.3,46.1,46.0,46.4,47.3,48.0
구로구 - 주택소유가구,Statistics,84798.0,85073.0,85486.0,86379.0,88544.0,89147.0,89141.0,89136.0
구로구 - 주택소유가구비율,Statistics,54.1,54.5,54.7,53.9,54.0,53.6,52.7,52.0
구로구 - 총가구(일반가구),Statistics,156671.0,156110.0,156235.0,160378.0,164083.0,166197.0,169228.0,171257.0
구리시 - 무주택가구,Statistics,27914.0,30317.0,30467.0,30336.0,30861.0,30882.0,31408.0,31911.0
구리시 - 무주택가구비율,Statistics,42.3,44.0,42.4,42.1,42.1,42.1,42.6,42.9
구리시 - 주택소유가구,Statistics,38086.0,38611.0,41407.0,41638.0,42392.0,42466.0,42347.0,42439.0
구리시 - 주택소유가구비율,Statistics,57.7,56.0,57.6,57.9,57.9,57.9,57.4,57.1
구리시 - 총가구(일반가구),Statistics,66000.0,68928.0,71874.0,71974.0,73253.0,73348.0,73755.0,74350.0
구미시 - 무주택가구,Statistics,70093.0,68898.0,67039.0,66844.0,69912.0,71675.0,73271.0,73949.0
구미시 - 무주택가구비율,Statistics,43.8,42.4,41.0,40.6,41.2,41.2,41.9,41.7
구미시 - 주택소유가구,Statistics,89824.0,93531.0,96366.0,97908.0,99607.0,102262.0,101676.0,103444.0
구미시 - 주택소유가구비율,Statistics,56.2,57.6,59.0,59.4,58.8,58.8,58.1,58.3
구미시 - 총가구(일반가구),Statistics,159917.0,162429.0,163405.0,164752.0,169519.0,173937.0,174947.0,177393.0
군산시 - 무주택가구,Statistics,46510.0,45496.0,44648.0,44278.0,46216.0,47610.0,48515.0,48908.0
군산시 - 무주택가구비율,Statistics,43.0,42.0,41.1,40.6,41.3,41.7,42.0,41.8
군산시 - 주택소유가구,Statistics,61603.0,62715.0,63891.0,64721.0,65601.0,66666.0,67121.0,68003.0
군산시 - 주택소유가구비율,Statistics,57.0,58.0,58.9,59.4,58.7,58.3,58.0,58.2
군산시 - 총가구(일반가구),Statistics,108113.0,108211.0,108539.0,108999.0,111817.0,114276.0,115636.0,116911.0
군위군 - 무주택가구,Statistics,3542.0,3511.0,3529.0,3501.0,3475.0,3615.0,3790.0,3512.0
군위군 - 무주택가구비율,Statistics,34.8,33.7,33.4,33.2,32.4,33.5,33.9,32.1
군위군 - 주택소유가구,Statistics,6624.0,6899.0,7036.0,7059.0,7251.0,7182.0,7395.0,7431.0
군위군 - 주택소유가구비율,Statistics,65.2,66.3,66.6,66.8,67.6,66.5,66.1,67.9
군위군 - 총가구(일반가구),Statistics,10166.0,10410.0,10565.0,10560.0,10726.0,10797.0,11185.0,10943.0
군포시 - 무주택가구,Statistics,38996.0,39509.0,39161.0,40777.0,43419.0,41378.0,42378.0,42278.0
군포시 - 무주택가구비율,Statistics,39.6,40.1,39.7,40.5,42.1,39.6,40.0,39.9
군포시 - 주택소유가구,Statistics,59415.0,59053.0,59567.0,59809.0,59767.0,63044.0,63579.0,63614.0
군포시 - 주택소유가구비율,Statistics,60.4,59.9,60.3,59.5,57.9,60.4,60.0,60.1
군포시 - 총가구(일반가구),Statistics,98411.0,98562.0,98728.0,100586.0,103186.0,104422.0,105957.0,105892.0
금산군 - 무주택가구,Statistics,9863.0,8885.0,8690.0,8205.0,8684.0,8727.0,8306.0,8012.0
금산군 - 무주택가구비율,Statistics,41.2,38.6,38.0,36.5,37.3,37.5,35.7,34.3
금산군 - 주택소유가구,Statistics,14050.0,14159.0,14199.0,14245.0,14573.0,14572.0,14969.0,15342.0
금산군 - 주택소유가구비율,Statistics,58.8,61.4,62.0,63.5,62.7,62.5,64.3,65.7
금산군 - 총가구(일반가구),Statistics,23913.0,23044.0,22889.0,22450.0,23257.0,23299.0,23275.0,23354.0
금정구 - 무주택가구,Statistics,41522.0,41608.0,42681.0,42623.0,43851.0,44416.0,44795.0,44634.0
금정구 - 무주택가구비율,Statistics,42.2,41.8,42.2,42.1,43.1,43.4,44.0,44.2
금정구 - 주택소유가구,Statistics,56978.0,57817.0,58437.0,58671.0,57951.0,58040.0,57039.0,56280.0
금정구 - 주택소유가구비율,Statistics,57.8,58.2,57.8,57.9,56.9,56.6,56.0,55.8
금정구 - 총가구(일반가구),Statistics,98500.0,99425.0,101118.0,101294.0,101802.0,102456.0,101834.0,100914.0
금천구 - 무주택가구,Statistics,50126.0,50257.0,50820.0,53159.0,56709.0,59984.0,63050.0,64384.0
금천구 - 무주택가구비율,Statistics,53.7,52.7,52.8,53.5,54.8,55.8,57.0,57.6
금천구 - 주택소유가구,Statistics,43276.0,45074.0,45478.0,46156.0,46723.0,47446.0,47639.0,47405.0
금천구 - 주택소유가구비율,Statistics,46.3,47.3,47.2,46.5,45.2,44.2,43.0,42.4
금천구 - 총가구(일반가구),Statistics,93402.0,95331.0,96298.0,99315.0,103432.0,107430.0,110689.0,111789.0
기장군 - 무주택가구,Statistics,29219.0,30948.0,33026.0,34250.0,37699.0,41113.0,41619.0,40838.0
기장군 - 무주택가구비율,Statistics,51.5,52.6,54.0,55.1,56.6,59.0,58.3,56.1
기장군 - 주택소유가구,Statistics,27558.0,27840.0,28082.0,27928.0,28885.0,28533.0,29727.0,32011.0
기장군 - 주택소유가구비율,Statistics,48.5,47.4,46.0,44.9,43.4,41.0,41.7,43.9
기장군 - 총가구(일반가구),Statistics,56777.0,58788.0,61108.0,62178.0,66584.0,69646.0,71346.0,72849.0
김제시 - 무주택가구,Statistics,15351.0,13964.0,13868.0,13591.0,13325.0,13647.0,14496.0,14904.0
김제시 - 무주택가구비율,Statistics,44.1,40.2,40.1,39.4,38.4,38.9,40.6,40.9
김제시 - 주택소유가구,Statistics,19438.0,20762.0,20753.0,20900.0,21372.0,21466.0,21206.0,21579.0
김제시 - 주택소유가구비율,Statistics,55.9,59.8,59.9,60.6,61.6,61.1,59.4,59.1
김제시 - 총가구(일반가구),Statistics,34789.0,34726.0,34621.0,34491.0,34697.0,35113.0,35702.0,36483.0
김천시 - 무주택가구,Statistics,22416.0,22415.0,22280.0,22333.0,23299.0,23289.0,24410.0,24252.0
김천시 - 무주택가구비율,Statistics,40.5,39.6,39.3,38.9,39.3,38.7,40.0,39.4
김천시 - 주택소유가구,Statistics,32869.0,34197.0,34390.0,35075.0,35951.0,36826.0,36673.0,37278.0
김천시 - 주택소유가구비율,Statistics,59.5,60.4,60.7,61.1,60.7,61.3,60.0,60.6
김천시 - 총가구(일반가구),Statistics,55285.0,56612.0,56670.0,57408.0,59250.0,60115.0,61083.0,61530.0
김포시 - 무주택가구,Statistics,55264.0,58203.0,63444.0,67186.0,71551.0,73575.0,75411.0,76497.0
김포시 - 무주택가구비율,Statistics,44.7,43.4,43.1,43.1,41.6,40.3,40.7,40.6
김포시 - 주택소유가구,Statistics,68307.0,76039.0,83853.0,88854.0,100303.0,109134.0,109764.0,111925.0
김포시 - 주택소유가구비율,Statistics,55.3,56.6,56.9,56.9,58.4,59.7,59.3,59.4
김포시 - 총가구(일반가구),Statistics,123571.0,134242.0,147297.0,156040.0,171854.0,182709.0,185175.0,188422.0
김해시 - 무주택가구,Statistics,71560.0,73028.0,73697.0,73781.0,75857.0,77489.0,79002.0,80390.0
김해시 - 무주택가구비율,Statistics,38.1,38.0,37.8,36.6,36.6,36.7,36.8,36.9
김해시 - 주택소유가구,Statistics,116139.0,119050.0,121100.0,127533.0,131415.0,133865.0,135434.0,137481.0
김해시 - 주택소유가구비율,Statistics,61.9,62.0,62.2,63.4,63.4,63.3,63.2,63.1
김해시 - 총가구(일반가구),Statistics,187699.0,192078.0,194797.0,201314.0,207272.0,211354.0,214436.0,217871.0
나주시 - 무주택가구,Statistics,18248.0,19074.0,19623.0,20037.0,21078.0,21039.0,21618.0,21701.0
나주시 - 무주택가구비율,Statistics,44.9,43.2,42.8,42.7,43.5,41.9,42.5,41.7
나주시 - 주택소유가구,Statistics,22435.0,25045.0,26241.0,26891.0,27419.0,29231.0,29260.0,30381.0
나주시 - 주택소유가구비율,Statistics,55.1,56.8,57.2,57.3,56.5,58.1,57.5,58.3
나주시 - 총가구(일반가구),Statistics,40683.0,44119.0,45864.0,46928.0,48497.0,50270.0,50878.0,52082.0
남구 - 무주택가구,Statistics,41525.0,41353.0,42385.0,42655.0,41964.0,43150.0,44421.0,42626.0
남구 - 무주택가구비율,Statistics,38.3,38.3,38.1,38.2,37.9,38.6,39.9,37.8
남구 - 주택소유가구,Statistics,66953.0,66663.0,68876.0,68939.0,68641.0,68660.0,66842.0,70071.0
남구 - 주택소유가구비율,Statistics,61.7,61.7,61.9,61.8,62.1,61.4,60.1,62.2
남구 - 총가구(일반가구),Statistics,108478.0,108016.0,111261.0,111594.0,110605.0,111810.0,111263.0,112697.0
남동구 - 무주택가구,Statistics,82816.0,84466.0,87247.0,89592.0,92197.0,93946.0,94589.0,95100.0
남동구 - 무주택가구비율,Statistics,43.0,42.9,43.3,44.0,44.4,44.6,44.9,45.4
남동구 - 주택소유가구,Statistics,109901.0,112392.0,114376.0,114112.0,115224.0,116826.0,116161.0,114384.0
남동구 - 주택소유가구비율,Statistics,57.0,57.1,56.7,56.0,55.6,55.4,55.1,54.6
남동구 - 총가구(일반가구),Statistics,192717.0,196858.0,201623.0,203704.0,207421.0,210772.0,210750.0,209484.0
남양주시 - 무주택가구,Statistics,94825.0,99272.0,104792.0,105736.0,104514.0,110678.0,117867.0,116060.0
남양주시 - 무주택가구비율,Statistics,43.0,44.2,45.0,43.4,41.3,41.6,42.9,41.9
남양주시 - 주택소유가구,Statistics,125599.0,125539.0,128044.0,138066.0,148463.0,155545.0,157076.0,160627.0
남양주시 - 주택소유가구비율,Statistics,57.0,55.8,55.0,56.6,58.7,58.4,57.1,58.1
남양주시 - 총가구(일반가구),Statistics,220424.0,224811.0,232836.0,243802.0,252977.0,266223.0,274943.0,276687.0
남원시 - 무주택가구,Statistics,13006.0,12469.0,12188.0,12199.0,12540.0,12823.0,12784.0,12709.0
남원시 - 무주택가구비율,Statistics,39.1,37.4,36.8,36.7,36.9,37.3,37.0,36.6
남원시 - 주택소유가구,Statistics,20245.0,20846.0,20947.0,21043.0,21434.0,21563.0,21725.0,22003.0
남원시 - 주택소유가구비율,Statistics,60.9,62.6,63.2,63.3,63.1,62.7,63.0,63.4
남원시 - 총가구(일반가구),Statistics,33251.0,33315.0,33135.0,33242.0,33974.0,34386.0,34509.0,34712.0
남해군 - 무주택가구,Statistics,6575.0,6646.0,5914.0,5779.0,5853.0,5912.0,5948.0,5788.0
남해군 - 무주택가구비율,Statistics,33.8,34.2,30.4,29.9,30.0,30.2,30.0,29.5
남해군 - 주택소유가구,Statistics,12867.0,12785.0,13517.0,13537.0,13648.0,13694.0,13856.0,13865.0
남해군 - 주택소유가구비율,Statistics,66.2,65.8,69.6,70.1,70.0,69.8,70.0,70.5
남해군 - 총가구(일반가구),Statistics,19442.0,19431.0,19431.0,19316.0,19501.0,19606.0,19804.0,19653.0
노원구 - 무주택가구,Statistics,89916.0,89786.0,89035.0,88958.0,89546.0,88462.0,88772.0,89536.0
노원구 - 무주택가구비율,Statistics,43.9,44.2,44.0,44.2,44.2,43.3,43.3,43.5
노원구 - 주택소유가구,Statistics,114690.0,113169.0,113291.0,112500.0,113149.0,115820.0,116306.0,116233.0
노원구 - 주택소유가구비율,Statistics,56.1,55.8,56.0,55.8,55.8,56.7,56.7,56.5
노원구 - 총가구(일반가구),Statistics,204606.0,202955.0,202326.0,201458.0,202695.0,204282.0,205078.0,205769.0
논산시 - 무주택가구,Statistics,22709.0,21936.0,21661.0,21246.0,21970.0,22334.0,22112.0,21729.0
논산시 - 무주택가구비율,Statistics,46.9,44.9,44.4,43.4,43.8,44.0,43.7,43.1
논산시 - 주택소유가구,Statistics,25751.0,26908.0,27098.0,27758.0,28169.0,28389.0,28487.0,28672.0
논산시 - 주택소유가구비율,Statistics,53.1,55.1,55.6,56.6,56.2,56.0,56.3,56.9
논산시 - 총가구(일반가구),Statistics,48460.0,48844.0,48759.0,49004.0,50139.0,50723.0,50599.0,50401.0
단양군 - 무주택가구,Statistics,4551.0,4369.0,4535.0,4234.0,4231.0,4222.0,4219.0,4150.0
단양군 - 무주택가구비율,Statistics,37.0,35.3,35.8,33.3,33.1,32.8,32.6,31.7
단양군 - 주택소유가구,Statistics,7760.0,8021.0,8149.0,8485.0,8554.0,8663.0,8731.0,8936.0
단양군 - 주택소유가구비율,Statistics,63.0,64.7,64.2,66.7,66.9,67.2,67.4,68.3
단양군 - 총가구(일반가구),Statistics,12311.0,12390.0,12684.0,12719.0,12785.0,12885.0,12950.0,13086.0
달서구 - 무주택가구,Statistics,89250.0,88338.0,88630.0,90947.0,92051.0,92325.0,91383.0,91259.0
달서구 - 무주택가구비율,Statistics,40.4,40.2,40.2,40.5,40.6,40.6,40.1,39.8
달서구 - 주택소유가구,Statistics,131500.0,131197.0,131901.0,133697.0,134762.0,135262.0,136451.0,137826.0
달서구 - 주택소유가구비율,Statistics,59.6,59.8,59.8,59.5,59.4,59.4,59.9,60.2
달서구 - 총가구(일반가구),Statistics,220750.0,219535.0,220531.0,224644.0,226813.0,227587.0,227834.0,229085.0
달성군 - 무주택가구,Statistics,30606.0,34520.0,35608.0,36559.0,38283.0,38454.0,38927.0,38268.0
달성군 - 무주택가구비율,Statistics,40.4,39.6,38.7,38.2,38.5,37.3,37.1,36.0
달성군 - 주택소유가구,Statistics,45098.0,52574.0,56498.0,59192.0,61087.0,64754.0,66121.0,68075.0
달성군 - 주택소유가구비율,Statistics,59.6,60.4,61.3,61.8,61.5,62.7,62.9,64.0
달성군 - 총가구(일반가구),Statistics,75704.0,87094.0,92106.0,95751.0,99370.0,103208.0,105048.0,106343.0
담양군 - 무주택가구,Statistics,5961.0,5814.0,5859.0,6001.0,5936.0,6016.0,6039.0,6014.0
담양군 - 무주택가구비율,Statistics,34.8,33.1,33.0,34.0,32.9,32.2,32.1,31.3
담양군 - 주택소유가구,Statistics,11148.0,11731.0,11871.0,11662.0,12098.0,12688.0,12803.0,13220.0
담양군 - 주택소유가구비율,Statistics,65.2,66.9,67.0,66.0,67.1,67.8,67.9,68.7
담양군 - 총가구(일반가구),Statistics,17109.0,17545.0,17730.0,17663.0,18034.0,18704.0,18842.0,19234.0
당진시 - 무주택가구,Statistics,28318.0,28317.0,28291.0,28517.0,28920.0,29706.0,31066.0,32837.0
당진시 - 무주택가구비율,Statistics,44.0,43.0,42.1,42.1,41.9,41.5,42.3,43.4
당진시 - 주택소유가구,Statistics,35985.0,37543.0,38868.0,39241.0,40179.0,41896.0,42434.0,42877.0
당진시 - 주택소유가구비율,Statistics,56.0,57.0,57.9,57.9,58.1,58.5,57.7,56.6
당진시 - 총가구(일반가구),Statistics,64303.0,65860.0,67159.0,67758.0,69099.0,71602.0,73500.0,75714.0
대구광역시 - 무주택가구,Statistics,398044.0,397656.0,399549.0,405338.0,416192.0,421311.0,424497.0,430120.0
대구광역시 - 무주택가구비율,Statistics,42.5,41.9,41.7,41.8,42.2,42.1,42.0,41.6
대구광역시 - 주택소유가구,Statistics,537709.0,550374.0,557967.0,563282.0,569624.0,579620.0,586337.0,603118.0
대구광역시 - 주택소유가구비율,Statistics,57.5,58.1,58.3,58.2,57.8,57.9,58.0,58.4
대구광역시 - 총가구(일반가구),Statistics,935753.0,948030.0,957516.0,968620.0,985816.0,1000931.0,1010834.0,1033238.0
대덕구 - 무주택가구,Statistics,32452.0,31976.0,31486.0,30942.0,31651.0,31842.0,31983.0,31986.0
대덕구 - 무주택가구비율,Statistics,43.7,43.7,43.1,42.9,43.1,42.3,41.9,41.8
대덕구 - 주택소유가구,Statistics,41764.0,41187.0,41504.0,41235.0,41806.0,43394.0,44415.0,44465.0
대덕구 - 주택소유가구비율,Statistics,56.3,56.3,56.9,57.1,56.9,57.7,58.1,58.2
대덕구 - 총가구(일반가구),Statistics,74216.0,73163.0,72990.0,72177.0,73457.0,75236.0,76398.0,76451.0
대전광역시 - 무주택가구,Statistics,270173.0,277329.0,276947.0,282659.0,300526.0,302047.0,303772.0,306748.0
대전광역시 - 무주택가구비율,Statistics,45.7,46.4,46.0,46.4,47.6,47.2,47.0,46.8
대전광역시 - 주택소유가구,Statistics,320525.0,320407.0,325228.0,326384.0,330682.0,338038.0,342702.0,348061.0
대전광역시 - 주택소유가구비율,Statistics,54.3,53.6,54.0,53.6,52.4,52.8,53.0,53.2
대전광역시 - 총가구(일반가구),Statistics,590698.0,597736.0,602175.0,609043.0,631208.0,640085.0,646474.0,654809.0
도봉구 - 무주택가구,Statistics,48553.0,48662.0,48520.0,49110.0,49361.0,49551.0,50118.0,50555.0
도봉구 - 무주택가구비율,Statistics,38.7,38.6,38.4,38.7,38.8,38.6,38.9,39.1
도봉구 - 주택소유가구,Statistics,76831.0,77312.0,77766.0,77721.0,78001.0,78888.0,78857.0,78594.0
도봉구 - 주택소유가구비율,Statistics,61.3,61.4,61.6,61.3,61.2,61.4,61.1,60.9
도봉구 - 총가구(일반가구),Statistics,125384.0,125974.0,126286.0,126831.0,127362.0,128439.0,128975.0,129149.0
동구 - 무주택가구,Statistics,17900.0,18371.0,18618.0,19166.0,20107.0,20131.0,21054.0,20863.0
동구 - 무주택가구비율,Statistics,48.0,49.1,50.1,50.2,50.6,49.9,51.0,48.9
동구 - 주택소유가구,Statistics,19408.0,19031.0,18576.0,18997.0,19669.0,20241.0,20242.0,21815.0
동구 - 주택소유가구비율,Statistics,52.0,50.9,49.9,49.8,49.4,50.1,49.0,51.1
동구 - 총가구(일반가구),Statistics,37308.0,37402.0,37194.0,38163.0,39776.0,40372.0,41296.0,42678.0
동대문구 - 무주택가구,Statistics,78676.0,78426.0,79411.0,80462.0,81920.0,83886.0,86170.0,88922.0
동대문구 - 무주택가구비율,Statistics,54.2,54.0,54.0,54.2,54.5,54.7,55.3,55.8
동대문구 - 주택소유가구,Statistics,66503.0,66868.0,67563.0,67887.0,68453.0,69360.0,69742.0,70535.0
동대문구 - 주택소유가구비율,Statistics,45.8,46.0,46.0,45.8,45.5,45.3,44.7,44.2
동대문구 - 총가구(일반가구),Statistics,145179.0,145294.0,146974.0,148349.0,150373.0,153246.0,155912.0,159457.0
동두천시 - 무주택가구,Statistics,16634.0,16424.0,16364.0,16289.0,16551.0,17243.0,17380.0,16859.0
동두천시 - 무주택가구비율,Statistics,45.3,44.4,44.0,43.7,43.6,43.9,43.8,43.2
동두천시 - 주택소유가구,Statistics,20106.0,20539.0,20862.0,21008.0,21385.0,22016.0,22265.0,22155.0
동두천시 - 주택소유가구비율,Statistics,54.7,55.6,56.0,56.3,56.4,56.1,56.2,56.8
동두천시 - 총가구(일반가구),Statistics,36740.0,36963.0,37226.0,37297.0,37936.0,39259.0,39645.0,39014.0
동래구 - 무주택가구,Statistics,38143.0,37670.0,37526.0,38743.0,41229.0,40490.0,41703.0,40464.0
동래구 - 무주택가구비율,Statistics,38.3,37.5,37.3,37.6,38.9,37.7,37.2,35.9
동래구 - 주택소유가구,Statistics,61540.0,62870.0,63087.0,64433.0,64784.0,66819.0,70450.0,72285.0
동래구 - 주택소유가구비율,Statistics,61.7,62.5,62.7,62.4,61.1,62.3,62.8,64.1
동래구 - 총가구(일반가구),Statistics,99683.0,100540.0,100613.0,103176.0,106013.0,107309.0,112153.0,112749.0
동작구 - 무주택가구,Statistics,82329.0,82356.0,83867.0,86376.0,88596.0,89471.0,91339.0,92917.0
동작구 - 무주택가구비율,Statistics,51.5,51.5,51.9,52.4,52.8,52.5,52.9,53.4
동작구 - 주택소유가구,Statistics,77441.0,77706.0,77628.0,78587.0,79170.0,80862.0,81357.0,80980.0
동작구 - 주택소유가구비율,Statistics,48.5,48.5,48.1,47.6,47.2,47.5,47.1,46.6
동작구 - 총가구(일반가구),Statistics,159770.0,160062.0,161495.0,164963.0,167766.0,170333.0,172696.0,173897.0
동해시 - 무주택가구,Statistics,15579.0,15449.0,15283.0,15030.0,15159.0,15557.0,15892.0,16157.0
동해시 - 무주택가구비율,Statistics,43.3,43.0,42.5,41.5,40.5,40.5,40.7,40.9
동해시 - 주택소유가구,Statistics,20411.0,20507.0,20701.0,21184.0,22268.0,22839.0,23132.0,23335.0
동해시 - 주택소유가구비율,Statistics,56.7,57.0,57.5,58.5,59.5,59.5,59.3,59.1
동해시 - 총가구(일반가구),Statistics,35990.0,35956.0,35984.0,36214.0,37427.0,38396.0,39024.0,39492.0
마포구 - 무주택가구,Statistics,84133.0,83549.0,85096.0,86724.0,88759.0,89906.0,90935.0,92406.0
마포구 - 무주택가구비율,Statistics,54.8,54.7,54.9,55.3,55.2,54.8,54.9,55.2
마포구 - 주택소유가구,Statistics,69477.0,69265.0,69844.0,70161.0,71922.0,74174.0,74668.0,75004.0
마포구 - 주택소유가구비율,Statistics,45.2,45.3,45.1,44.7,44.8,45.2,45.1,44.8
마포구 - 총가구(일반가구),Statistics,153610.0,152814.0,154940.0,156885.0,160681.0,164080.0,165603.0,167410.0
목포시 - 무주택가구,Statistics,41672.0,41216.0,40734.0,39943.0,41042.0,40445.0,40944.0,41532.0
목포시 - 무주택가구비율,Statistics,44.6,44.3,43.8,43.0,43.5,42.4,42.7,42.9
목포시 - 주택소유가구,Statistics,51662.0,51800.0,52287.0,52903.0,53349.0,54997.0,55041.0,55379.0
목포시 - 주택소유가구비율,Statistics,55.4,55.7,56.2,57.0,56.5,57.6,57.3,57.1
목포시 - 총가구(일반가구),Statistics,93334.0,93016.0,93021.0,92846.0,94391.0,95442.0,95985.0,96911.0
무안군 - 무주택가구,Statistics,13882.0,13409.0,12993.0,13462.0,15266.0,14724.0,15469.0,15619.0
무안군 - 무주택가구비율,Statistics,44.3,42.5,41.2,42.0,42.8,39.5,40.9,40.7
무안군 - 주택소유가구,Statistics,17477.0,18136.0,18577.0,18616.0,20362.0,22570.0,22341.0,22711.0
무안군 - 주택소유가구비율,Statistics,55.7,57.5,58.8,58.0,57.2,60.5,59.1,59.3
무안군 - 총가구(일반가구),Statistics,31359.0,31545.0,31570.0,32078.0,35628.0,37294.0,37810.0,38330.0
무주군 - 무주택가구,Statistics,3500.0,3475.0,3531.0,3497.0,3572.0,3727.0,3818.0,3838.0
무주군 - 무주택가구비율,Statistics,35.0,34.3,34.4,34.0,34.1,34.9,35.5,35.3
무주군 - 주택소유가구,Statistics,6488.0,6665.0,6720.0,6799.0,6897.0,6942.0,6952.0,7026.0
무주군 - 주택소유가구비율,Statistics,65.0,65.7,65.6,66.0,65.9,65.1,64.5,64.7
무주군 - 총가구(일반가구),Statistics,9988.0,10140.0,10251.0,10296.0,10469.0,10669.0,10770.0,10864.0
문경시 - 무주택가구,Statistics,11124.0,10689.0,10598.0,10566.0,10710.0,10908.0,11056.0,10622.0
문경시 - 무주택가구비율,Statistics,37.3,35.8,35.5,35.1,35.0,35.0,35.0,34.0
문경시 - 주택소유가구,Statistics,18701.0,19152.0,19257.0,19502.0,19864.0,20246.0,20500.0,20632.0
문경시 - 주택소유가구비율,Statistics,62.7,64.2,64.5,64.9,65.0,65.0,65.0,66.0
문경시 - 총가구(일반가구),Statistics,29825.0,29841.0,29855.0,30068.0,30574.0,31154.0,31556.0,31254.0
미추홀구 - 무주택가구,Statistics,,,78893.0,83391.0,86303.0,88511.0,88302.0,89713.0
미추홀구 - 무주택가구비율,Statistics,,,48.5,50.2,51.1,50.5,49.3,49.7
미추홀구 - 주택소유가구,Statistics,,,83920.0,82849.0,82605.0,86878.0,90916.0,90974.0
미추홀구 - 주택소유가구비율,Statistics,,,51.5,49.8,48.9,49.5,50.7,50.3
미추홀구 - 총가구(일반가구),Statistics,,,162813.0,166240.0,168908.0,175389.0,179218.0,180687.0
밀양시 - 무주택가구,Statistics,17564.0,16558.0,16684.0,16711.0,17111.0,16457.0,16753.0,16931.0
밀양시 - 무주택가구비율,Statistics,40.0,37.2,37.3,37.2,37.2,35.2,35.4,35.5
밀양시 - 주택소유가구,Statistics,26395.0,27907.0,28090.0,28212.0,28837.0,30303.0,30578.0,30816.0
밀양시 - 주택소유가구비율,Statistics,60.0,62.8,62.7,62.8,62.8,64.8,64.6,64.5
밀양시 - 총가구(일반가구),Statistics,43959.0,44465.0,44774.0,44923.0,45948.0,46760.0,47331.0,47747.0
보령시 - 무주택가구,Statistics,17973.0,17236.0,16657.0,16402.0,16149.0,16729.0,17557.0,17537.0
보령시 - 무주택가구비율,Statistics,44.1,41.8,40.1,39.6,38.1,38.8,40.2,39.9
보령시 - 주택소유가구,Statistics,22809.0,24041.0,24849.0,25008.0,26268.0,26406.0,26065.0,26375.0
보령시 - 주택소유가구비율,Statistics,55.9,58.2,59.9,60.4,61.9,61.2,59.8,60.1
보령시 - 총가구(일반가구),Statistics,40782.0,41277.0,41506.0,41410.0,42417.0,43135.0,43622.0,43912.0
보성군 - 무주택가구,Statistics,6946.0,6447.0,6334.0,6221.0,6134.0,6336.0,6451.0,6222.0
보성군 - 무주택가구비율,Statistics,38.3,35.7,35.2,35.1,34.3,35.1,35.7,34.6
보성군 - 주택소유가구,Statistics,11179.0,11590.0,11636.0,11487.0,11728.0,11729.0,11622.0,11764.0
보성군 - 주택소유가구비율,Statistics,61.7,64.3,64.8,64.9,65.7,64.9,64.3,65.4
보성군 - 총가구(일반가구),Statistics,18125.0,18037.0,17970.0,17708.0,17862.0,18065.0,18073.0,17986.0
보은군 - 무주택가구,Statistics,5359.0,5053.0,5052.0,4819.0,4856.0,4976.0,5147.0,4891.0
보은군 - 무주택가구비율,Statistics,38.9,36.2,35.9,34.3,33.9,34.4,35.2,33.8
보은군 - 주택소유가구,Statistics,8421.0,8892.0,9028.0,9225.0,9450.0,9501.0,9493.0,9569.0
보은군 - 주택소유가구비율,Statistics,61.1,63.8,64.1,65.7,66.1,65.6,64.8,66.2
보은군 - 총가구(일반가구),Statistics,13780.0,13945.0,14080.0,14044.0,14306.0,14477.0,14640.0,14460.0
봉화군 - 무주택가구,Statistics,5385.0,5044.0,4997.0,4881.0,4867.0,4839.0,4795.0,4717.0
봉화군 - 무주택가구비율,Statistics,38.4,35.9,35.6,34.9,34.5,34.1,33.7,33.2
봉화군 - 주택소유가구,Statistics,8649.0,9008.0,9047.0,9111.0,9225.0,9347.0,9448.0,9496.0
봉화군 - 주택소유가구비율,Statistics,61.6,64.1,64.4,65.1,65.5,65.9,66.3,66.8
봉화군 - 총가구(일반가구),Statistics,14034.0,14052.0,14044.0,13992.0,14092.0,14186.0,14243.0,14213.0
부산광역시 - 무주택가구,Statistics,560628.0,562912.0,567337.0,577334.0,595657.0,608596.0,616134.0,616713.0
부산광역시 - 무주택가구비율,Statistics,41.7,41.6,41.6,41.9,42.4,42.5,42.6,42.2
부산광역시 - 주택소유가구,Statistics,783542.0,791489.0,796271.0,799696.0,809380.0,822769.0,831691.0,845691.0
부산광역시 - 주택소유가구비율,Statistics,58.3,58.4,58.4,58.1,57.6,57.5,57.4,57.8
부산광역시 - 총가구(일반가구),Statistics,1344170.0,1354401.0,1363608.0,1377030.0,1405037.0,1431365.0,1447825.0,1462404.0
부산진구 - 무주택가구,Statistics,68918.0,67472.0,67177.0,67745.0,71881.0,74164.0,75622.0,78780.0
부산진구 - 무주택가구비율,Statistics,45.4,44.1,44.2,44.4,45.8,46.2,46.1,46.5
부산진구 - 주택소유가구,Statistics,82992.0,85603.0,84675.0,84688.0,85224.0,86394.0,88479.0,90754.0
부산진구 - 주택소유가구비율,Statistics,54.6,55.9,55.8,55.6,54.2,53.8,53.9,53.5
부산진구 - 총가구(일반가구),Statistics,151910.0,153075.0,151852.0,152433.0,157105.0,160558.0,164101.0,169534.0
부안군 - 무주택가구,Statistics,8702.0,8139.0,7973.0,7737.0,7613.0,7666.0,7899.0,7766.0
부안군 - 무주택가구비율,Statistics,38.8,36.3,35.8,35.1,34.1,34.4,35.1,34.5
부안군 - 주택소유가구,Statistics,13743.0,14280.0,14297.0,14289.0,14738.0,14623.0,14632.0,14755.0
부안군 - 주택소유가구비율,Statistics,61.2,63.7,64.2,64.9,65.9,65.6,64.9,65.5
부안군 - 총가구(일반가구),Statistics,22445.0,22419.0,22270.0,22026.0,22351.0,22289.0,22531.0,22521.0
부여군 - 무주택가구,Statistics,11314.0,10004.0,9979.0,9696.0,9845.0,10011.0,10219.0,9605.0
부여군 - 무주택가구비율,Statistics,40.4,35.8,35.3,34.7,34.7,35.1,35.8,34.4
부여군 - 주택소유가구,Statistics,16671.0,17929.0,18286.0,18286.0,18487.0,18489.0,18320.0,18351.0
부여군 - 주택소유가구비율,Statistics,59.6,64.2,64.7,65.3,65.3,64.9,64.2,65.6
부여군 - 총가구(일반가구),Statistics,27985.0,27933.0,28265.0,27982.0,28332.0,28500.0,28539.0,27956.0
부천시 - 무주택가구,Statistics,128329.0,128922.0,127450.0,127640.0,129069.0,130911.0,129418.0,130571.0
부천시 - 무주택가구비율,Statistics,42.2,41.9,40.9,40.9,40.9,41.0,40.6,40.8
부천시 - 주택소유가구,Statistics,175939.0,178842.0,184418.0,184270.0,186627.0,188057.0,189143.0,189836.0
부천시 - 주택소유가구비율,Statistics,57.8,58.1,59.1,59.1,59.1,59.0,59.4,59.2
부천시 - 총가구(일반가구),Statistics,304268.0,307764.0,311868.0,311910.0,315696.0,318968.0,318561.0,320407.0
부평구 - 무주택가구,Statistics,80748.0,82008.0,80744.0,81866.0,83206.0,84857.0,89700.0,90014.0
부평구 - 무주택가구비율,Statistics,40.6,41.3,41.2,42.0,42.9,43.0,44.2,43.8
부평구 - 주택소유가구,Statistics,118161.0,116435.0,115108.0,113064.0,110757.0,112539.0,113092.0,115566.0
부평구 - 주택소유가구비율,Statistics,59.4,58.7,58.8,58.0,57.1,57.0,55.8,56.2
부평구 - 총가구(일반가구),Statistics,198909.0,198443.0,195852.0,194930.0,193963.0,197396.0,202792.0,205580.0
북구 - 무주택가구,Statistics,41025.0,41097.0,40474.0,40537.0,41034.0,41724.0,41906.0,41559.0
북구 - 무주택가구비율,Statistics,36.0,36.2,35.9,36.1,36.3,35.9,35.7,35.5
북구 - 주택소유가구,Statistics,73068.0,72379.0,72422.0,71705.0,72087.0,74517.0,75390.0,75422.0
북구 - 주택소유가구비율,Statistics,64.0,63.8,64.1,63.9,63.7,64.1,64.3,64.5
북구 - 총가구(일반가구),Statistics,114093.0,113476.0,112896.0,112242.0,113121.0,116241.0,117296.0,116981.0
사상구 - 무주택가구,Statistics,37927.0,37916.0,37991.0,37794.0,38724.0,40625.0,39397.0,40717.0
사상구 - 무주택가구비율,Statistics,41.8,41.7,42.0,41.9,42.7,44.0,42.9,43.4
사상구 - 주택소유가구,Statistics,52818.0,53009.0,52364.0,52377.0,51954.0,51675.0,52392.0,53097.0
사상구 - 주택소유가구비율,Statistics,58.2,58.3,58.0,58.1,57.3,56.0,57.1,56.6
사상구 - 총가구(일반가구),Statistics,90745.0,90925.0,90355.0,90171.0,90678.0,92300.0,91789.0,93814.0
사천시 - 무주택가구,Statistics,17885.0,16806.0,17061.0,16865.0,16911.0,17117.0,17357.0,17816.0
사천시 - 무주택가구비율,Statistics,40.0,37.4,37.4,37.0,36.3,36.0,36.0,36.4
사천시 - 주택소유가구,Statistics,26805.0,28088.0,28562.0,28724.0,29629.0,30418.0,30793.0,31167.0
사천시 - 주택소유가구비율,Statistics,60.0,62.6,62.6,63.0,63.7,64.0,64.0,63.6
사천시 - 총가구(일반가구),Statistics,44690.0,44894.0,45623.0,45589.0,46540.0,47535.0,48150.0,48983.0
사하구 - 무주택가구,Statistics,49779.0,50928.0,52911.0,53495.0,53588.0,51514.0,51698.0,51811.0
사하구 - 무주택가구비율,Statistics,39.2,39.7,40.9,41.6,41.8,39.7,39.3,39.3
사하구 - 주택소유가구,Statistics,77318.0,77505.0,76331.0,75053.0,74766.0,78268.0,79736.0,80034.0
사하구 - 주택소유가구비율,Statistics,60.8,60.3,59.1,58.4,58.2,60.3,60.7,60.7
사하구 - 총가구(일반가구),Statistics,127097.0,128433.0,129242.0,128548.0,128354.0,129782.0,131434.0,131845.0
산청군 - 무주택가구,Statistics,5513.0,5204.0,5170.0,5055.0,5071.0,5268.0,5316.0,5291.0
산청군 - 무주택가구비율,Statistics,36.6,34.1,33.6,32.9,32.5,33.2,33.2,32.8
산청군 - 주택소유가구,Statistics,9531.0,10071.0,10236.0,10301.0,10540.0,10599.0,10717.0,10858.0
산청군 - 주택소유가구비율,Statistics,63.4,65.9,66.4,67.1,67.5,66.8,66.8,67.2
산청군 - 총가구(일반가구),Statistics,15044.0,15275.0,15406.0,15356.0,15611.0,15867.0,16033.0,16149.0
삼척시 - 무주택가구,Statistics,13424.0,13103.0,12996.0,12813.0,13983.0,12626.0,12054.0,12447.0
삼척시 - 무주택가구비율,Statistics,45.9,45.5,44.1,43.6,45.5,42.7,40.6,41.2
삼척시 - 주택소유가구,Statistics,15819.0,15725.0,16474.0,16548.0,16781.0,16928.0,17622.0,17778.0
삼척시 - 주택소유가구비율,Statistics,54.1,54.5,55.9,56.4,54.5,57.3,59.4,58.8
삼척시 - 총가구(일반가구),Statistics,29243.0,28828.0,29470.0,29361.0,30764.0,29554.0,29676.0,30225.0
상주시 - 무주택가구,Statistics,15186.0,14629.0,14572.0,14848.0,15449.0,14780.0,14784.0,14997.0
상주시 - 무주택가구비율,Statistics,36.2,34.6,34.4,34.9,35.3,34.1,33.8,34.1
상주시 - 주택소유가구,Statistics,26811.0,27645.0,27755.0,27731.0,28268.0,28559.0,28937.0,28936.0
상주시 - 주택소유가구비율,Statistics,63.8,65.4,65.6,65.1,64.7,65.9,66.2,65.9
상주시 - 총가구(일반가구),Statistics,41997.0,42274.0,42327.0,42579.0,43717.0,43339.0,43721.0,43933.0
서구 - 무주택가구,Statistics,23771.0,21785.0,21489.0,21932.0,22372.0,23004.0,23900.0,22209.0
서구 - 무주택가구비율,Statistics,51.2,47.8,46.6,47.1,47.3,48.2,49.0,45.2
서구 - 주택소유가구,Statistics,22620.0,23815.0,24583.0,24676.0,24889.0,24757.0,24841.0,26895.0
서구 - 주택소유가구비율,Statistics,48.8,52.2,53.4,52.9,52.7,51.8,51.0,54.8
서구 - 총가구(일반가구),Statistics,46391.0,45600.0,46072.0,46608.0,47261.0,47761.0,48741.0,49104.0
서귀포시 - 무주택가구,Statistics,26185.0,28327.0,29995.0,30242.0,31456.0,32504.0,32728.0,32320.0
서귀포시 - 무주택가구비율,Statistics,43.4,43.7,44.0,43.7,44.0,43.9,43.3,42.6
서귀포시 - 주택소유가구,Statistics,34195.0,36441.0,38123.0,38986.0,39993.0,41509.0,42820.0,43628.0
서귀포시 - 주택소유가구비율,Statistics,56.6,56.3,56.0,56.3,56.0,56.1,56.7,57.4
서귀포시 - 총가구(일반가구),Statistics,60380.0,64768.0,68118.0,69228.0,71449.0,74013.0,75548.0,75948.0
서대문구 - 무주택가구,Statistics,65222.0,64346.0,64698.0,64997.0,67584.0,67810.0,68792.0,70355.0
서대문구 - 무주택가구비율,Statistics,51.5,50.8,50.9,50.5,50.8,50.4,50.6,50.9
서대문구 - 주택소유가구,Statistics,61359.0,62326.0,62499.0,63638.0,65528.0,66734.0,67251.0,67811.0
서대문구 - 주택소유가구비율,Statistics,48.5,49.2,49.1,49.5,49.2,49.6,49.4,49.1
서대문구 - 총가구(일반가구),Statistics,126581.0,126672.0,127197.0,128635.0,133112.0,134544.0,136043.0,138166.0
서산시 - 무주택가구,Statistics,26513.0,26406.0,27085.0,27100.0,28479.0,28971.0,29542.0,29955.0
서산시 - 무주택가구비율,Statistics,41.0,39.8,39.6,38.7,39.1,38.4,38.7,38.6
서산시 - 주택소유가구,Statistics,38214.0,39945.0,41377.0,42924.0,44286.0,46514.0,46840.0,47609.0
서산시 - 주택소유가구비율,Statistics,59.0,60.2,60.4,61.3,60.9,61.6,61.3,61.4
서산시 - 총가구(일반가구),Statistics,64727.0,66351.0,68462.0,70024.0,72765.0,75485.0,76382.0,77564.0
서울특별시 - 무주택가구,Statistics,1920646.0,1938071.0,1955343.0,2001514.0,2054216.0,2072255.0,2107473.0,2143249.0
서울특별시 - 무주택가구비율,Statistics,50.7,50.8,50.9,51.4,51.6,51.2,51.4,51.7
서울특별시 - 주택소유가구,Statistics,1864059.0,1875189.0,1884423.0,1894875.0,1928074.0,1974544.0,1991345.0,1998410.0
서울특별시 - 주택소유가구비율,Statistics,49.3,49.2,49.1,48.6,48.4,48.8,48.6,48.3
서울특별시 - 총가구(일반가구),Statistics,3784705.0,3813260.0,3839766.0,3896389.0,3982290.0,4046799.0,4098818.0,4141659.0
서천군 - 무주택가구,Statistics,9222.0,8467.0,8360.0,8140.0,8028.0,8566.0,9368.0,9083.0
서천군 - 무주택가구비율,Statistics,40.4,37.0,36.7,36.0,35.2,37.2,40.5,39.3
서천군 - 주택소유가구,Statistics,13626.0,14428.0,14444.0,14441.0,14762.0,14433.0,13764.0,14052.0
서천군 - 주택소유가구비율,Statistics,59.6,63.0,63.3,64.0,64.8,62.8,59.5,60.7
서천군 - 총가구(일반가구),Statistics,22848.0,22895.0,22804.0,22581.0,22790.0,22999.0,23132.0,23135.0
서초구 - 무주택가구,Statistics,70655.0,72077.0,72244.0,72699.0,72890.0,72046.0,70287.0,71537.0
서초구 - 무주택가구비율,Statistics,45.6,46.3,46.5,46.8,46.7,46.2,45.5,45.5
서초구 - 주택소유가구,Statistics,84396.0,83436.0,83174.0,82678.0,83233.0,83890.0,84184.0,85753.0
서초구 - 주택소유가구비율,Statistics,54.4,53.7,53.5,53.2,53.3,53.8,54.5,54.5
서초구 - 총가구(일반가구),Statistics,155051.0,155513.0,155418.0,155377.0,156123.0,155936.0,154471.0,157290.0
성남시 - 무주택가구,Statistics,185994.0,184317.0,183031.0,185301.0,188209.0,189281.0,186724.0,183588.0
성남시 - 무주택가구비율,Statistics,51.8,51.3,50.9,51.3,50.9,50.5,49.6,48.3
성남시 - 주택소유가구,Statistics,172934.0,175198.0,176291.0,176112.0,181376.0,185799.0,189455.0,196415.0
성남시 - 주택소유가구비율,Statistics,48.2,48.7,49.1,48.7,49.1,49.5,50.4,51.7
성남시 - 총가구(일반가구),Statistics,358928.0,359515.0,359322.0,361413.0,369585.0,375080.0,376179.0,380003.0
성동구 - 무주택가구,Statistics,62726.0,64685.0,65961.0,64384.0,63780.0,63341.0,63520.0,64126.0
성동구 - 무주택가구비율,Statistics,53.9,53.5,53.2,52.4,52.2,51.6,51.7,52.1
성동구 - 주택소유가구,Statistics,53675.0,56272.0,58002.0,58386.0,58406.0,59415.0,59353.0,58998.0
성동구 - 주택소유가구비율,Statistics,46.1,46.5,46.8,47.6,47.8,48.4,48.3,47.9
성동구 - 총가구(일반가구),Statistics,116401.0,120957.0,123963.0,122770.0,122186.0,122756.0,122873.0,123124.0
성북구 - 무주택가구,Statistics,85573.0,83864.0,83034.0,86085.0,87334.0,87807.0,88411.0,88320.0
성북구 - 무주택가구비율,Statistics,49.1,48.5,48.3,48.7,48.6,48.3,48.1,47.9
성북구 - 주택소유가구,Statistics,88797.0,89109.0,88909.0,90644.0,92326.0,94020.0,95561.0,96084.0
성북구 - 주택소유가구비율,Statistics,50.9,51.5,51.7,51.3,51.4,51.7,51.9,52.1
성북구 - 총가구(일반가구),Statistics,174370.0,172973.0,171943.0,176729.0,179660.0,181827.0,183972.0,184404.0
성주군 - 무주택가구,Statistics,6499.0,6262.0,6254.0,6179.0,6280.0,6420.0,6519.0,6593.0
성주군 - 무주택가구비율,Statistics,37.5,35.8,35.4,34.6,34.4,34.6,34.7,34.7
성주군 - 주택소유가구,Statistics,10825.0,11217.0,11423.0,11656.0,11975.0,12127.0,12277.0,12401.0
성주군 - 주택소유가구비율,Statistics,62.5,64.2,64.6,65.4,65.6,65.4,65.3,65.3
성주군 - 총가구(일반가구),Statistics,17324.0,17479.0,17677.0,17835.0,18255.0,18547.0,18796.0,18994.0
세종특별자치시 - 무주택가구,Statistics,43198.0,48400.0,54485.0,60264.0,66095.0,67757.0,66258.0,65391.0
세종특별자치시 - 무주택가구비율,Statistics,47.8,46.4,45.8,46.5,47.5,46.6,43.0,41.8
세종특별자치시 - 주택소유가구,Statistics,47215.0,55925.0,64544.0,69400.0,73011.0,77538.0,87761.0,91053.0
세종특별자치시 - 주택소유가구비율,Statistics,52.2,53.6,54.2,53.5,52.5,53.4,57.0,58.2
세종특별자치시 - 총가구(일반가구),Statistics,90413.0,104325.0,119029.0,129664.0,139106.0,145295.0,154019.0,156444.0
속초시 - 무주택가구,Statistics,14160.0,14447.0,14580.0,14525.0,14598.0,14738.0,15108.0,15301.0
속초시 - 무주택가구비율,Statistics,43.2,43.6,43.4,42.5,41.1,40.2,40.3,40.2
속초시 - 주택소유가구,Statistics,18649.0,18664.0,19043.0,19688.0,20953.0,21918.0,22394.0,22741.0
속초시 - 주택소유가구비율,Statistics,56.8,56.4,56.6,57.5,58.9,59.8,59.7,59.8
속초시 - 총가구(일반가구),Statistics,32809.0,33111.0,33623.0,34213.0,35551.0,36656.0,37502.0,38042.0
송파구 - 무주택가구,Statistics,111359.0,117206.0,122002.0,129885.0,132294.0,129642.0,129852.0,131672.0
송파구 - 무주택가구비율,Statistics,48.2,49.3,50.1,51.5,51.7,50.0,49.3,49.5
송파구 - 주택소유가구,Statistics,119442.0,120310.0,121545.0,122327.0,123472.0,129736.0,133596.0,134185.0
송파구 - 주택소유가구비율,Statistics,51.8,50.7,49.9,48.5,48.3,50.0,50.7,50.5
송파구 - 총가구(일반가구),Statistics,230801.0,237516.0,243547.0,252212.0,255766.0,259378.0,263448.0,265857.0
수성구 - 무주택가구,Statistics,57449.0,56831.0,56931.0,57920.0,59413.0,59569.0,61017.0,61544.0
수성구 - 무주택가구비율,Statistics,36.6,36.2,36.4,36.7,37.1,36.7,37.4,37.7
수성구 - 주택소유가구,Statistics,99677.0,100114.0,99665.0,99986.0,100826.0,102641.0,102220.0,101767.0
수성구 - 주택소유가구비율,Statistics,63.4,63.8,63.6,63.3,62.9,63.3,62.6,62.3
수성구 - 총가구(일반가구),Statistics,157126.0,156945.0,156596.0,157906.0,160239.0,162210.0,163237.0,163311.0
수영구 - 무주택가구,Statistics,29995.0,30937.0,31177.0,32717.0,34115.0,35223.0,36549.0,37429.0
수영구 - 무주택가구비율,Statistics,42.4,42.9,43.0,44.1,44.5,44.7,45.5,45.8
수영구 - 주택소유가구,Statistics,40789.0,41249.0,41379.0,41470.0,42585.0,43577.0,43860.0,44291.0
수영구 - 주택소유가구비율,Statistics,57.6,57.1,57.0,55.9,55.5,55.3,54.5,54.2
수영구 - 총가구(일반가구),Statistics,70784.0,72186.0,72556.0,74187.0,76700.0,78800.0,80409.0,81720.0
수원시 - 무주택가구,Statistics,204953.0,207806.0,206873.0,210387.0,219001.0,223520.0,231533.0,237106.0
수원시 - 무주택가구비율,Statistics,47.0,46.7,45.9,46.0,47.0,46.5,47.1,47.1
수원시 - 주택소유가구,Statistics,231351.0,237503.0,243946.0,246964.0,247088.0,257046.0,260518.0,266462.0
수원시 - 주택소유가구비율,Statistics,53.0,53.3,54.1,54.0,53.0,53.5,52.9,52.9
수원시 - 총가구(일반가구),Statistics,436304.0,445309.0,450819.0,457351.0,466089.0,480566.0,492051.0,503568.0
순창군 - 무주택가구,Statistics,4096.0,3867.0,3759.0,3640.0,3682.0,3776.0,3837.0,3883.0
순창군 - 무주택가구비율,Statistics,35.7,33.6,32.5,31.7,31.6,32.4,32.7,32.5
순창군 - 주택소유가구,Statistics,7368.0,7651.0,7818.0,7836.0,7965.0,7863.0,7891.0,8058.0
순창군 - 주택소유가구비율,Statistics,64.3,66.4,67.5,68.3,68.4,67.6,67.3,67.5
순창군 - 총가구(일반가구),Statistics,11464.0,11518.0,11577.0,11476.0,11647.0,11639.0,11728.0,11941.0
순천시 - 무주택가구,Statistics,41334.0,41068.0,41179.0,41046.0,41523.0,42732.0,42076.0,41690.0
순천시 - 무주택가구비율,Statistics,40.8,39.9,39.4,38.6,37.7,37.4,36.7,35.8
순천시 - 주택소유가구,Statistics,60010.0,61733.0,63382.0,65368.0,68589.0,71434.0,72502.0,74794.0
순천시 - 주택소유가구비율,Statistics,59.2,60.1,60.6,61.4,62.3,62.6,63.3,64.2
순천시 - 총가구(일반가구),Statistics,101344.0,102801.0,104561.0,106414.0,110112.0,114166.0,114578.0,116484.0
시흥시 - 무주택가구,Statistics,64538.0,67368.0,72126.0,79013.0,86513.0,97282.0,97748.0,101690.0
시흥시 - 무주택가구비율,Statistics,44.3,44.1,43.6,44.2,44.9,47.6,47.0,47.7
시흥시 - 주택소유가구,Statistics,81256.0,85444.0,93297.0,99721.0,106320.0,107150.0,110046.0,111324.0
시흥시 - 주택소유가구비율,Statistics,55.7,55.9,56.4,55.8,55.1,52.4,53.0,52.3
시흥시 - 총가구(일반가구),Statistics,145794.0,152812.0,165423.0,178734.0,192833.0,204432.0,207794.0,213014.0
신안군 - 무주택가구,Statistics,6054.0,5868.0,5810.0,5805.0,5946.0,5945.0,5961.0,5862.0
신안군 - 무주택가구비율,Statistics,36.6,35.5,35.1,35.2,35.5,35.4,35.2,34.4
신안군 - 주택소유가구,Statistics,10476.0,10658.0,10762.0,10676.0,10796.0,10853.0,10985.0,11193.0
신안군 - 주택소유가구비율,Statistics,63.4,64.5,64.9,64.8,64.5,64.6,64.8,65.6
신안군 - 총가구(일반가구),Statistics,16530.0,16526.0,16572.0,16481.0,16742.0,16798.0,16946.0,17055.0
아산시 - 무주택가구,Statistics,51886.0,52983.0,52544.0,53140.0,56022.0,60301.0,62682.0,64946.0
아산시 - 무주택가구비율,Statistics,45.7,44.8,43.6,43.1,43.8,44.6,44.6,44.2
아산시 - 주택소유가구,Statistics,61719.0,65233.0,68069.0,70089.0,71990.0,74975.0,77971.0,81953.0
아산시 - 주택소유가구비율,Statistics,54.3,55.2,56.4,56.9,56.2,55.4,55.4,55.8
아산시 - 총가구(일반가구),Statistics,113605.0,118216.0,120613.0,123229.0,128012.0,135276.0,140653.0,146899.0
안동시 - 무주택가구,Statistics,28291.0,27112.0,26731.0,26913.0,28637.0,28721.0,28730.0,28977.0
안동시 - 무주택가구비율,Statistics,41.5,39.7,39.3,39.4,40.4,40.0,40.0,40.1
안동시 - 주택소유가구,Statistics,39901.0,41137.0,41319.0,41372.0,42297.0,43083.0,43183.0,43282.0
안동시 - 주택소유가구비율,Statistics,58.5,60.3,60.7,60.6,59.6,60.0,60.0,59.9
안동시 - 총가구(일반가구),Statistics,68192.0,68249.0,68050.0,68285.0,70934.0,71804.0,71913.0,72259.0
안산시 - 무주택가구,Statistics,128054.0,127138.0,123751.0,122969.0,123660.0,125521.0,125640.0,124578.0
안산시 - 무주택가구비율,Statistics,50.0,49.9,49.2,48.6,47.5,46.9,46.8,46.5
안산시 - 주택소유가구,Statistics,128184.0,127617.0,127667.0,130171.0,136938.0,141962.0,142969.0,143450.0
안산시 - 주택소유가구비율,Statistics,50.0,50.1,50.8,51.4,52.5,53.1,53.2,53.5
안산시 - 총가구(일반가구),Statistics,256238.0,254755.0,251418.0,253140.0,260598.0,267483.0,268609.0,268028.0
안성시 - 무주택가구,Statistics,33727.0,31525.0,31275.0,31603.0,33461.0,34386.0,35309.0,35256.0
안성시 - 무주택가구비율,Statistics,48.1,44.3,43.2,42.7,43.2,42.8,42.9,42.5
안성시 - 주택소유가구,Statistics,36400.0,39668.0,41143.0,42463.0,43907.0,45915.0,46958.0,47719.0
안성시 - 주택소유가구비율,Statistics,51.9,55.7,56.8,57.3,56.8,57.2,57.1,57.5
안성시 - 총가구(일반가구),Statistics,70127.0,71193.0,72418.0,74066.0,77368.0,80301.0,82267.0,82975.0
안양시 - 무주택가구,Statistics,80422.0,80112.0,79307.0,80445.0,79100.0,82149.0,83889.0,81098.0
안양시 - 무주택가구비율,Statistics,39.1,38.9,38.7,39.1,38.9,39.4,39.4,37.9
안양시 - 주택소유가구,Statistics,125314.0,125853.0,125677.0,125250.0,124341.0,126135.0,129133.0,132717.0
안양시 - 주택소유가구비율,Statistics,60.9,61.1,61.3,60.9,61.1,60.6,60.6,62.1
안양시 - 총가구(일반가구),Statistics,205736.0,205965.0,204984.0,205695.0,203441.0,208284.0,213022.0,213815.0
양구군 - 무주택가구,Statistics,4881.0,4253.0,4432.0,3842.0,3758.0,3787.0,3785.0,3906.0
양구군 - 무주택가구비율,Statistics,52.3,48.0,48.8,45.1,44.1,43.4,42.9,43.3
양구군 - 주택소유가구,Statistics,4450.0,4616.0,4644.0,4677.0,4763.0,4946.0,5037.0,5121.0
양구군 - 주택소유가구비율,Statistics,47.7,52.0,51.2,54.9,55.9,56.6,57.1,56.7
양구군 - 총가구(일반가구),Statistics,9331.0,8869.0,9076.0,8519.0,8521.0,8733.0,8822.0,9027.0
양산시 - 무주택가구,Statistics,47815.0,49132.0,51363.0,52576.0,53060.0,53591.0,53484.0,53643.0
양산시 - 무주택가구비율,Statistics,41.2,39.0,38.9,39.2,38.3,37.5,36.8,36.1
양산시 - 주택소유가구,Statistics,68118.0,76755.0,80706.0,81684.0,85569.0,89369.0,91906.0,94970.0
양산시 - 주택소유가구비율,Statistics,58.8,61.0,61.1,60.8,61.7,62.5,63.2,63.9
양산시 - 총가구(일반가구),Statistics,115933.0,125887.0,132069.0,134260.0,138629.0,142960.0,145390.0,148613.0
양양군 - 무주택가구,Statistics,4545.0,4478.0,4363.0,4372.0,4383.0,4378.0,4423.0,4540.0
양양군 - 무주택가구비율,Statistics,40.5,39.4,37.9,36.6,35.6,34.6,34.4,34.3
양양군 - 주택소유가구,Statistics,6678.0,6880.0,7150.0,7562.0,7941.0,8273.0,8444.0,8701.0
양양군 - 주택소유가구비율,Statistics,59.5,60.6,62.1,63.4,64.4,65.4,65.6,65.7
양양군 - 총가구(일반가구),Statistics,11223.0,11358.0,11513.0,11934.0,12324.0,12651.0,12867.0,13241.0
양주시 - 무주택가구,Statistics,33018.0,34352.0,35229.0,37194.0,39807.0,40411.0,41554.0,43802.0
양주시 - 무주택가구비율,Statistics,46.4,45.9,45.2,45.6,45.9,44.5,44.4,41.4
양주시 - 주택소유가구,Statistics,38137.0,40534.0,42699.0,44388.0,46843.0,50425.0,52094.0,61949.0
양주시 - 주택소유가구비율,Statistics,53.6,54.1,54.8,54.4,54.1,55.5,55.6,58.6
양주시 - 총가구(일반가구),Statistics,71155.0,74886.0,77928.0,81582.0,86650.0,90836.0,93648.0,105751.0
양천구 - 무주택가구,Statistics,69326.0,68208.0,68223.0,69101.0,70717.0,70760.0,70868.0,71050.0
양천구 - 무주택가구비율,Statistics,42.5,42.1,42.1,42.4,42.6,42.0,41.8,41.9
양천구 - 주택소유가구,Statistics,93927.0,93837.0,93816.0,93766.0,95327.0,97595.0,98476.0,98429.0
양천구 - 주택소유가구비율,Statistics,57.5,57.9,57.9,57.6,57.4,58.0,58.2,58.1
양천구 - 총가구(일반가구),Statistics,163253.0,162045.0,162039.0,162867.0,166044.0,168355.0,169344.0,169479.0
양평군 - 무주택가구,Statistics,16348.0,16760.0,16823.0,16486.0,16847.0,17338.0,17251.0,17272.0
양평군 - 무주택가구비율,Statistics,39.6,38.5,37.4,35.9,35.4,35.2,34.1,33.1
양평군 - 주택소유가구,Statistics,24980.0,26778.0,28105.0,29409.0,30697.0,31898.0,33287.0,34970.0
양평군 - 주택소유가구비율,Statistics,60.4,61.5,62.6,64.1,64.6,64.8,65.9,66.9
양평군 - 총가구(일반가구),Statistics,41328.0,43538.0,44928.0,45895.0,47544.0,49236.0,50538.0,52242.0
여수시 - 무주택가구,Statistics,45561.0,46364.0,44814.0,44254.0,44351.0,44925.0,44222.0,44399.0
여수시 - 무주택가구비율,Statistics,42.3,42.8,41.2,40.4,39.5,39.4,38.3,38.2
여수시 - 주택소유가구,Statistics,62080.0,61843.0,64010.0,65219.0,68046.0,69187.0,71216.0,71900.0
여수시 - 주택소유가구비율,Statistics,57.7,57.2,58.8,59.6,60.5,60.6,61.7,61.8
여수시 - 총가구(일반가구),Statistics,107641.0,108207.0,108824.0,109473.0,112397.0,114112.0,115438.0,116299.0
여주시 - 무주택가구,Statistics,16872.0,16647.0,16662.0,16843.0,17134.0,17602.0,17976.0,18706.0
여주시 - 무주택가구비율,Statistics,41.6,39.9,39.4,39.3,38.7,38.6,38.3,38.5
여주시 - 주택소유가구,Statistics,23715.0,25062.0,25648.0,26060.0,27100.0,27969.0,28968.0,29913.0
여주시 - 주택소유가구비율,Statistics,58.4,60.1,60.6,60.7,61.3,61.4,61.7,61.5
여주시 - 총가구(일반가구),Statistics,40587.0,41709.0,42310.0,42903.0,44234.0,45571.0,46944.0,48619.0
연수구 - 무주택가구,Statistics,46582.0,44925.0,45227.0,48564.0,53110.0,54440.0,52950.0,55735.0
연수구 - 무주택가구비율,Statistics,41.3,38.8,37.6,37.2,37.6,37.1,36.5,37.5
연수구 - 주택소유가구,Statistics,66258.0,71002.0,74963.0,81864.0,88007.0,92390.0,92308.0,92843.0
연수구 - 주택소유가구비율,Statistics,58.7,61.2,62.4,62.8,62.4,62.9,63.5,62.5
연수구 - 총가구(일반가구),Statistics,112840.0,115927.0,120190.0,130428.0,141117.0,146830.0,145258.0,148578.0
연제구 - 무주택가구,Statistics,29461.0,29999.0,30215.0,32243.0,33326.0,33414.0,34450.0,35945.0
연제구 - 무주택가구비율,Statistics,37.7,37.7,37.7,38.7,38.9,38.7,39.4,40.5
연제구 - 주택소유가구,Statistics,48609.0,49476.0,49889.0,51155.0,52373.0,52853.0,53036.0,52880.0
연제구 - 주택소유가구비율,Statistics,62.3,62.3,62.3,61.3,61.1,61.3,60.6,59.5
연제구 - 총가구(일반가구),Statistics,78070.0,79475.0,80104.0,83398.0,85699.0,86267.0,87486.0,88825.0
연천군 - 무주택가구,Statistics,8772.0,8605.0,8582.0,8241.0,8243.0,8345.0,8197.0,8192.0
연천군 - 무주택가구비율,Statistics,48.5,47.8,47.4,46.6,45.8,45.5,44.5,43.9
연천군 - 주택소유가구,Statistics,9305.0,9414.0,9507.0,9440.0,9771.0,9997.0,10230.0,10455.0
연천군 - 주택소유가구비율,Statistics,51.5,52.2,52.6,53.4,54.2,54.5,55.5,56.1
연천군 - 총가구(일반가구),Statistics,18077.0,18019.0,18089.0,17681.0,18014.0,18342.0,18427.0,18647.0
영광군 - 무주택가구,Statistics,9722.0,9249.0,9195.0,9087.0,9018.0,9235.0,9798.0,9760.0
영광군 - 무주택가구비율,Statistics,45.9,43.4,43.1,42.6,41.4,42.1,43.6,43.3
영광군 - 주택소유가구,Statistics,11458.0,12065.0,12129.0,12258.0,12762.0,12722.0,12653.0,12766.0
영광군 - 주택소유가구비율,Statistics,54.1,56.6,56.9,57.4,58.6,57.9,56.4,56.7
영광군 - 총가구(일반가구),Statistics,21180.0,21314.0,21324.0,21345.0,21780.0,21957.0,22451.0,22526.0
영덕군 - 무주택가구,Statistics,6704.0,6412.0,6350.0,6256.0,6164.0,6167.0,6323.0,6270.0
영덕군 - 무주택가구비율,Statistics,39.2,37.7,37.3,37.0,36.3,36.4,37.4,36.9
영덕군 - 주택소유가구,Statistics,10392.0,10603.0,10677.0,10662.0,10805.0,10791.0,10597.0,10712.0
영덕군 - 주택소유가구비율,Statistics,60.8,62.3,62.7,63.0,63.7,63.6,62.6,63.1
영덕군 - 총가구(일반가구),Statistics,17096.0,17015.0,17027.0,16918.0,16969.0,16958.0,16920.0,16982.0
영도구 - 무주택가구,Statistics,22601.0,22056.0,21631.0,21455.0,22235.0,21854.0,21302.0,21367.0
영도구 - 무주택가구비율,Statistics,43.5,43.3,43.0,43.1,43.7,43.4,42.7,42.6
영도구 - 주택소유가구,Statistics,29309.0,28895.0,28725.0,28368.0,28607.0,28546.0,28542.0,28849.0
영도구 - 주택소유가구비율,Statistics,56.5,56.7,57.0,56.9,56.3,56.6,57.3,57.4
영도구 - 총가구(일반가구),Statistics,51910.0,50951.0,50356.0,49823.0,50842.0,50400.0,49844.0,50216.0
영동군 - 무주택가구,Statistics,8475.0,7859.0,7829.0,7558.0,7671.0,7615.0,6967.0,7311.0
영동군 - 무주택가구비율,Statistics,40.6,37.6,37.4,36.4,36.6,36.1,33.9,34.6
영동군 - 주택소유가구,Statistics,12398.0,13053.0,13086.0,13191.0,13313.0,13504.0,13590.0,13803.0
영동군 - 주택소유가구비율,Statistics,59.4,62.4,62.6,63.6,63.4,63.9,66.1,65.4
영동군 - 총가구(일반가구),Statistics,20873.0,20912.0,20915.0,20749.0,20984.0,21119.0,20557.0,21114.0
영등포구 - 무주택가구,Statistics,77282.0,78243.0,79992.0,82821.0,89145.0,91549.0,94419.0,97342.0
영등포구 - 무주택가구비율,Statistics,52.6,53.0,53.4,53.8,54.9,54.3,54.9,55.7
영등포구 - 주택소유가구,Statistics,69622.0,69316.0,69839.0,71102.0,73246.0,76969.0,77685.0,77566.0
영등포구 - 주택소유가구비율,Statistics,47.4,47.0,46.6,46.2,45.1,45.7,45.1,44.3
영등포구 - 총가구(일반가구),Statistics,146904.0,147559.0,149831.0,153923.0,162391.0,168518.0,172104.0,174908.0
영암군 - 무주택가구,Statistics,10484.0,9535.0,8909.0,8950.0,9571.0,9793.0,9929.0,10458.0
영암군 - 무주택가구비율,Statistics,44.9,41.4,39.2,39.3,40.7,40.8,40.7,41.9
영암군 - 주택소유가구,Statistics,12848.0,13479.0,13827.0,13797.0,13963.0,14210.0,14463.0,14519.0
영암군 - 주택소유가구비율,Statistics,55.1,58.6,60.8,60.7,59.3,59.2,59.3,58.1
영암군 - 총가구(일반가구),Statistics,23332.0,23014.0,22736.0,22747.0,23534.0,24003.0,24392.0,24977.0
영양군 - 무주택가구,Statistics,2737.0,2593.0,2552.0,2518.0,2546.0,2588.0,2618.0,2557.0
영양군 - 무주택가구비율,Statistics,36.2,34.3,33.6,33.4,33.2,33.5,33.7,33.1
영양군 - 주택소유가구,Statistics,4822.0,4972.0,5033.0,5021.0,5115.0,5135.0,5145.0,5173.0
영양군 - 주택소유가구비율,Statistics,63.8,65.7,66.4,66.6,66.8,66.5,66.3,66.9
영양군 - 총가구(일반가구),Statistics,7559.0,7565.0,7585.0,7539.0,7661.0,7723.0,7763.0,7730.0
영월군 - 무주택가구,Statistics,6197.0,6155.0,6141.0,6067.0,6216.0,6124.0,6178.0,6466.0
영월군 - 무주택가구비율,Statistics,38.3,37.5,36.9,36.5,36.4,35.6,35.2,35.9
영월군 - 주택소유가구,Statistics,9966.0,10251.0,10501.0,10541.0,10853.0,11066.0,11377.0,11547.0
영월군 - 주택소유가구비율,Statistics,61.7,62.5,63.1,63.5,63.6,64.4,64.8,64.1
영월군 - 총가구(일반가구),Statistics,16163.0,16406.0,16642.0,16608.0,17069.0,17190.0,17555.0,18013.0
영주시 - 무주택가구,Statistics,16663.0,16902.0,16719.0,16332.0,17384.0,16904.0,16702.0,16696.0
영주시 - 무주택가구비율,Statistics,37.4,37.7,37.4,36.9,38.1,37.2,36.4,36.1
영주시 - 주택소유가구,Statistics,27919.0,27942.0,27962.0,27971.0,28252.0,28519.0,29216.0,29558.0
영주시 - 주택소유가구비율,Statistics,62.6,62.3,62.6,63.1,61.9,62.8,63.6,63.9
영주시 - 총가구(일반가구),Statistics,44582.0,44844.0,44681.0,44303.0,45636.0,45423.0,45918.0,46254.0
영천시 - 무주택가구,Statistics,16354.0,15939.0,15984.0,16422.0,17287.0,17328.0,17244.0,17182.0
영천시 - 무주택가구비율,Statistics,39.9,38.2,37.8,37.9,38.6,37.8,37.3,36.9
영천시 - 주택소유가구,Statistics,24593.0,25742.0,26344.0,26888.0,27555.0,28511.0,29039.0,29407.0
영천시 - 주택소유가구비율,Statistics,60.1,61.8,62.2,62.1,61.4,62.2,62.7,63.1
영천시 - 총가구(일반가구),Statistics,40947.0,41681.0,42328.0,43310.0,44842.0,45839.0,46283.0,46589.0
예산군 - 무주택가구,Statistics,11640.0,10991.0,10992.0,11035.0,11459.0,11765.0,12597.0,12297.0
예산군 - 무주택가구비율,Statistics,36.5,34.3,33.7,33.5,34.0,34.5,36.0,34.2
예산군 - 주택소유가구,Statistics,20238.0,21023.0,21649.0,21898.0,22216.0,22318.0,22363.0,23664.0
예산군 - 주택소유가구비율,Statistics,63.5,65.7,66.3,66.5,66.0,65.5,64.0,65.8
예산군 - 총가구(일반가구),Statistics,31878.0,32014.0,32641.0,32933.0,33675.0,34083.0,34960.0,35961.0
예천군 - 무주택가구,Statistics,7077.0,7052.0,7332.0,7787.0,8228.0,8348.0,8485.0,8256.0
예천군 - 무주택가구비율,Statistics,36.4,34.5,32.8,33.3,34.2,33.8,33.8,32.8
예천군 - 주택소유가구,Statistics,12382.0,13361.0,15018.0,15595.0,15813.0,16334.0,16585.0,16928.0
예천군 - 주택소유가구비율,Statistics,63.6,65.5,67.2,66.7,65.8,66.2,66.2,67.2
예천군 - 총가구(일반가구),Statistics,19459.0,20413.0,22350.0,23382.0,24041.0,24682.0,25070.0,25184.0
오산시 - 무주택가구,Statistics,40109.0,41333.0,41343.0,43778.0,45179.0,46053.0,47575.0,47899.0
오산시 - 무주택가구비율,Statistics,51.8,52.1,49.5,50.2,49.2,48.3,49.1,48.7
오산시 - 주택소유가구,Statistics,37359.0,38046.0,42126.0,43373.0,46730.0,49331.0,49417.0,50507.0
오산시 - 주택소유가구비율,Statistics,48.2,47.9,50.5,49.8,50.8,51.7,50.9,51.3
오산시 - 총가구(일반가구),Statistics,77468.0,79379.0,83469.0,87151.0,91909.0,95384.0,96992.0,98406.0
옥천군 - 무주택가구,Statistics,6830.0,6646.0,6575.0,6333.0,6521.0,6519.0,6498.0,6518.0
옥천군 - 무주택가구비율,Statistics,34.4,33.2,32.3,31.1,31.5,30.6,30.3,30.1
옥천군 - 주택소유가구,Statistics,13034.0,13351.0,13787.0,13998.0,14200.0,14778.0,14964.0,15132.0
옥천군 - 주택소유가구비율,Statistics,65.6,66.8,67.7,68.9,68.5,69.4,69.7,69.9
옥천군 - 총가구(일반가구),Statistics,19864.0,19997.0,20362.0,20331.0,20721.0,21297.0,21462.0,21650.0
옹진군 - 무주택가구,Statistics,4269.0,4381.0,4029.0,3704.0,3443.0,3892.0,4122.0,4191.0
옹진군 - 무주택가구비율,Statistics,47.1,46.9,44.0,41.8,39.3,41.8,42.3,42.4
옹진군 - 주택소유가구,Statistics,4790.0,4966.0,5120.0,5158.0,5307.0,5414.0,5621.0,5686.0
옹진군 - 주택소유가구비율,Statistics,52.9,53.1,56.0,58.2,60.7,58.2,57.7,57.6
옹진군 - 총가구(일반가구),Statistics,9059.0,9347.0,9149.0,8862.0,8750.0,9306.0,9743.0,9877.0
완도군 - 무주택가구,Statistics,9161.0,8692.0,8669.0,8449.0,8628.0,8610.0,8597.0,8452.0
완도군 - 무주택가구비율,Statistics,43.8,41.5,41.4,40.6,40.6,40.4,40.5,39.9
완도군 - 주택소유가구,Statistics,11731.0,12241.0,12253.0,12361.0,12606.0,12694.0,12624.0,12720.0
완도군 - 주택소유가구비율,Statistics,56.2,58.5,58.6,59.4,59.4,59.6,59.5,60.1
완도군 - 총가구(일반가구),Statistics,20892.0,20933.0,20922.0,20810.0,21234.0,21304.0,21221.0,21172.0
완주군 - 무주택가구,Statistics,17756.0,16769.0,16485.0,16075.0,16243.0,16494.0,16519.0,17598.0
완주군 - 무주택가구비율,Statistics,47.1,44.1,43.5,42.9,42.1,41.6,41.4,40.0
완주군 - 주택소유가구,Statistics,19952.0,21282.0,21375.0,21435.0,22308.0,23111.0,23419.0,26451.0
완주군 - 주택소유가구비율,Statistics,52.9,55.9,56.5,57.1,57.9,58.4,58.6,60.0
완주군 - 총가구(일반가구),Statistics,37708.0,38051.0,37860.0,37510.0,38551.0,39605.0,39938.0,44049.0
용산구 - 무주택가구,Statistics,48983.0,50031.0,50948.0,51489.0,52761.0,53348.0,54203.0,53971.0
용산구 - 무주택가구비율,Statistics,54.3,54.9,55.1,55.3,55.1,55.0,55.0,54.9
용산구 - 주택소유가구,Statistics,41181.0,41071.0,41552.0,41688.0,42953.0,43641.0,44280.0,44351.0
용산구 - 주택소유가구비율,Statistics,45.7,45.1,44.9,44.7,44.9,45.0,45.0,45.1
용산구 - 총가구(일반가구),Statistics,90164.0,91102.0,92500.0,93177.0,95714.0,96989.0,98483.0,98322.0
용인시 - 무주택가구,Statistics,132851.0,135871.0,143057.0,143269.0,151966.0,146745.0,145697.0,143908.0
용인시 - 무주택가구비율,Statistics,40.2,40.0,40.2,38.5,39.3,37.0,36.3,35.5
용인시 - 주택소유가구,Statistics,197737.0,203828.0,212910.0,228483.0,234963.0,249367.0,255603.0,261383.0
용인시 - 주택소유가구비율,Statistics,59.8,60.0,59.8,61.5,60.7,63.0,63.7,64.5
용인시 - 총가구(일반가구),Statistics,330588.0,339699.0,355967.0,371752.0,386929.0,396112.0,401300.0,405291.0
울릉군 - 무주택가구,Statistics,2017.0,1976.0,2001.0,1917.0,1967.0,2003.0,2013.0,2026.0
울릉군 - 무주택가구비율,Statistics,50.7,48.5,48.3,47.2,47.8,48.4,47.4,46.9
울릉군 - 주택소유가구,Statistics,1962.0,2096.0,2144.0,2144.0,2149.0,2132.0,2235.0,2293.0
울릉군 - 주택소유가구비율,Statistics,49.3,51.5,51.7,52.8,52.2,51.6,52.6,53.1
울릉군 - 총가구(일반가구),Statistics,3979.0,4072.0,4145.0,4061.0,4116.0,4135.0,4248.0,4319.0
울산광역시 - 무주택가구,Statistics,159509.0,157621.0,156602.0,157188.0,157953.0,161658.0,162388.0,165599.0
울산광역시 - 무주택가구비율,Statistics,37.4,36.8,36.3,36.0,35.6,35.8,35.8,36.1
울산광역시 - 주택소유가구,Statistics,266518.0,271099.0,274789.0,279906.0,286134.0,289774.0,291610.0,292530.0
울산광역시 - 주택소유가구비율,Statistics,62.6,63.2,63.7,64.0,64.4,64.2,64.2,63.9
울산광역시 - 총가구(일반가구),Statistics,426027.0,428720.0,431391.0,437094.0,444087.0,451432.0,453998.0,458129.0
울주군 - 무주택가구,Statistics,28569.0,29133.0,30001.0,28863.0,30254.0,31093.0,31295.0,31021.0
울주군 - 무주택가구비율,Statistics,36.3,36.3,36.5,34.2,34.8,35.0,34.8,34.3
울주군 - 주택소유가구,Statistics,50098.0,51080.0,52277.0,55531.0,56582.0,57832.0,58675.0,59430.0
울주군 - 주택소유가구비율,Statistics,63.7,63.7,63.5,65.8,65.2,65.0,65.2,65.7
울주군 - 총가구(일반가구),Statistics,78667.0,80213.0,82278.0,84394.0,86836.0,88925.0,89970.0,90451.0
울진군 - 무주택가구,Statistics,9328.0,9002.0,8752.0,8817.0,9014.0,9134.0,9091.0,8997.0
울진군 - 무주택가구비율,Statistics,43.2,41.8,40.9,41.3,41.5,41.8,41.6,40.9
울진군 - 주택소유가구,Statistics,12241.0,12516.0,12657.0,12515.0,12693.0,12742.0,12779.0,12991.0
울진군 - 주택소유가구비율,Statistics,56.8,58.2,59.1,58.7,58.5,58.2,58.4,59.1
울진군 - 총가구(일반가구),Statistics,21569.0,21518.0,21409.0,21332.0,21707.0,21876.0,21870.0,21988.0
원주시 - 무주택가구,Statistics,62106.0,63559.0,64003.0,64123.0,67746.0,69354.0,71088.0,72125.0
원주시 - 무주택가구비율,Statistics,47.3,47.2,46.4,45.0,45.1,44.7,44.7,44.4
원주시 - 주택소유가구,Statistics,69127.0,71090.0,73820.0,78229.0,82496.0,85754.0,88120.0,90218.0
원주시 - 주택소유가구비율,Statistics,52.7,52.8,53.6,55.0,54.9,55.3,55.3,55.6
원주시 - 총가구(일반가구),Statistics,131233.0,134649.0,137823.0,142352.0,150242.0,155108.0,159208.0,162343.0
유성구 - 무주택가구,Statistics,62653.0,67865.0,67523.0,69643.0,78144.0,76736.0,76372.0,78411.0
유성구 - 무주택가구비율,Statistics,47.4,49.2,48.2,48.6,50.7,49.7,48.8,48.2
유성구 - 주택소유가구,Statistics,69525.0,70006.0,72562.0,73529.0,75956.0,77685.0,80039.0,84140.0
유성구 - 주택소유가구비율,Statistics,52.6,50.8,51.8,51.4,49.3,50.3,51.2,51.8
유성구 - 총가구(일반가구),Statistics,132178.0,137871.0,140085.0,143172.0,154100.0,154421.0,156411.0,162551.0
은평구 - 무주택가구,Statistics,81876.0,82366.0,83019.0,85886.0,90025.0,89938.0,91484.0,93179.0
은평구 - 무주택가구비율,Statistics,45.8,45.9,45.8,46.5,47.2,46.4,46.6,46.9
은평구 - 주택소유가구,Statistics,96899.0,97275.0,98319.0,99004.0,100606.0,103688.0,104722.0,105355.0
은평구 - 주택소유가구비율,Statistics,54.2,54.1,54.2,53.5,52.8,53.6,53.4,53.1
은평구 - 총가구(일반가구),Statistics,178775.0,179641.0,181338.0,184890.0,190631.0,193626.0,196206.0,198534.0
음성군 - 무주택가구,Statistics,19713.0,18307.0,19197.0,18241.0,18728.0,18796.0,19095.0,18975.0
음성군 - 무주택가구비율,Statistics,51.0,47.3,48.2,46.1,46.4,45.8,45.5,45.0
음성군 - 주택소유가구,Statistics,18921.0,20410.0,20611.0,21297.0,21614.0,22244.0,22863.0,23210.0
음성군 - 주택소유가구비율,Statistics,49.0,52.7,51.8,53.9,53.6,54.2,54.5,55.0
음성군 - 총가구(일반가구),Statistics,38634.0,38717.0,39808.0,39538.0,40342.0,41040.0,41958.0,42185.0
의령군 - 무주택가구,Statistics,4779.0,4395.0,4417.0,4371.0,4371.0,4516.0,4625.0,4589.0
의령군 - 무주택가구비율,Statistics,39.4,36.5,36.2,36.0,35.5,36.0,36.7,36.4
의령군 - 주택소유가구,Statistics,7347.0,7662.0,7779.0,7773.0,7950.0,8013.0,7984.0,8005.0
의령군 - 주택소유가구비율,Statistics,60.6,63.5,63.8,64.0,64.5,64.0,63.3,63.6
의령군 - 총가구(일반가구),Statistics,12126.0,12057.0,12196.0,12144.0,12321.0,12529.0,12609.0,12594.0
의성군 - 무주택가구,Statistics,7844.0,7610.0,7512.0,7432.0,7534.0,7680.0,7886.0,7983.0
의성군 - 무주택가구비율,Statistics,33.1,32.1,31.7,31.3,31.2,31.7,32.2,32.4
의성군 - 주택소유가구,Statistics,15889.0,16078.0,16167.0,16335.0,16585.0,16563.0,16569.0,16663.0
의성군 - 주택소유가구비율,Statistics,66.9,67.9,68.3,68.7,68.8,68.3,67.8,67.6
의성군 - 총가구(일반가구),Statistics,23733.0,23688.0,23679.0,23767.0,24119.0,24243.0,24455.0,24646.0
의왕시 - 무주택가구,Statistics,21599.0,21545.0,21448.0,23583.0,24711.0,25508.0,24231.0,23431.0
의왕시 - 무주택가구비율,Statistics,40.2,40.0,40.0,41.3,41.6,41.9,40.0,39.0
의왕시 - 주택소유가구,Statistics,32106.0,32339.0,32234.0,33478.0,34733.0,35322.0,36367.0,36714.0
의왕시 - 주택소유가구비율,Statistics,59.8,60.0,60.0,58.7,58.4,58.1,60.0,61.0
의왕시 - 총가구(일반가구),Statistics,53705.0,53884.0,53682.0,57061.0,59444.0,60830.0,60598.0,60145.0
의정부시 - 무주택가구,Statistics,69534.0,71042.0,72526.0,73883.0,79979.0,83594.0,85280.0,84284.0
의정부시 - 무주택가구비율,Statistics,44.2,44.4,44.1,43.5,44.9,45.1,44.9,43.5
의정부시 - 주택소유가구,Statistics,87678.0,88978.0,91913.0,96157.0,98088.0,101939.0,104654.0,109293.0
의정부시 - 주택소유가구비율,Statistics,55.8,55.6,55.9,56.5,55.1,54.9,55.1,56.5
의정부시 - 총가구(일반가구),Statistics,157212.0,160020.0,164439.0,170040.0,178067.0,185533.0,189934.0,193577.0
이천시 - 무주택가구,Statistics,31576.0,31300.0,31342.0,31939.0,33437.0,35317.0,35775.0,36511.0
이천시 - 무주택가구비율,Statistics,42.7,40.8,39.9,39.7,40.1,40.5,40.3,40.3
이천시 - 주택소유가구,Statistics,42383.0,45449.0,47193.0,48428.0,49978.0,51914.0,52888.0,54070.0
이천시 - 주택소유가구비율,Statistics,57.3,59.2,60.1,60.3,59.9,59.5,59.7,59.7
이천시 - 총가구(일반가구),Statistics,73959.0,76749.0,78535.0,80367.0,83415.0,87231.0,88663.0,90581.0
익산시 - 무주택가구,Statistics,51429.0,50722.0,50637.0,50376.0,51692.0,49956.0,51213.0,51718.0
익산시 - 무주택가구비율,Statistics,43.6,42.8,42.8,42.6,43.3,41.7,42.5,42.6
익산시 - 주택소유가구,Statistics,66410.0,67872.0,67798.0,67937.0,67782.0,69981.0,69272.0,69740.0
익산시 - 주택소유가구비율,Statistics,56.4,57.2,57.2,57.4,56.7,58.3,57.5,57.4
익산시 - 총가구(일반가구),Statistics,117839.0,118594.0,118435.0,118313.0,119474.0,119937.0,120485.0,121458.0
인제군 - 무주택가구,Statistics,6115.0,5713.0,5746.0,5226.0,5212.0,5643.0,5712.0,6009.0
인제군 - 무주택가구비율,Statistics,47.6,45.0,45.0,42.4,41.4,42.3,42.3,42.9
인제군 - 주택소유가구,Statistics,6725.0,6984.0,7022.0,7100.0,7380.0,7702.0,7797.0,8012.0
인제군 - 주택소유가구비율,Statistics,52.4,55.0,55.0,57.6,58.6,57.7,57.7,57.1
인제군 - 총가구(일반가구),Statistics,12840.0,12697.0,12768.0,12326.0,12592.0,13345.0,13509.0,14021.0
인천광역시 - 무주택가구,Statistics,445788.0,450057.0,452004.0,470367.0,487905.0,506008.0,522022.0,534605.0
인천광역시 - 무주택가구비율,Statistics,41.9,41.7,41.3,42.0,42.5,42.8,43.0,43.0
인천광역시 - 주택소유가구,Statistics,617040.0,630228.0,642745.0,650209.0,659295.0,677602.0,690709.0,707563.0
인천광역시 - 주택소유가구비율,Statistics,58.1,58.3,58.7,58.0,57.5,57.2,57.0,57.0
인천광역시 - 총가구(일반가구),Statistics,1062828.0,1080285.0,1094749.0,1120576.0,1147200.0,1183610.0,1212731.0,1242168.0
임실군 - 무주택가구,Statistics,5672.0,5167.0,4997.0,4938.0,5011.0,5003.0,5353.0,5102.0
임실군 - 무주택가구비율,Statistics,48.5,43.6,41.9,41.2,40.8,40.9,43.2,42.3
임실군 - 주택소유가구,Statistics,6019.0,6685.0,6943.0,7047.0,7277.0,7244.0,7034.0,6964.0
임실군 - 주택소유가구비율,Statistics,51.5,56.4,58.1,58.8,59.2,59.1,56.8,57.7
임실군 - 총가구(일반가구),Statistics,11691.0,11852.0,11940.0,11985.0,12288.0,12247.0,12387.0,12066.0
장성군 - 무주택가구,Statistics,6430.0,6225.0,6068.0,6187.0,6284.0,6468.0,6447.0,6479.0
장성군 - 무주택가구비율,Statistics,38.7,37.0,36.0,36.3,36.3,36.9,36.3,36.2
장성군 - 주택소유가구,Statistics,10173.0,10592.0,10782.0,10872.0,11007.0,11083.0,11292.0,11424.0
장성군 - 주택소유가구비율,Statistics,61.3,63.0,64.0,63.7,63.7,63.1,63.7,63.8
장성군 - 총가구(일반가구),Statistics,16603.0,16817.0,16850.0,17059.0,17291.0,17551.0,17739.0,17903.0
장수군 - 무주택가구,Statistics,3133.0,2996.0,3028.0,3014.0,3039.0,3077.0,3201.0,3127.0
장수군 - 무주택가구비율,Statistics,34.7,32.9,32.9,32.6,32.4,32.6,33.8,33.1
장수군 - 주택소유가구,Statistics,5908.0,6098.0,6185.0,6234.0,6344.0,6375.0,6279.0,6329.0
장수군 - 주택소유가구비율,Statistics,65.3,67.1,67.1,67.4,67.6,67.4,66.2,66.9
장수군 - 총가구(일반가구),Statistics,9041.0,9094.0,9213.0,9248.0,9383.0,9452.0,9480.0,9456.0
장흥군 - 무주택가구,Statistics,6149.0,6021.0,6172.0,5969.0,5881.0,5846.0,5860.0,5777.0
장흥군 - 무주택가구비율,Statistics,37.7,36.8,37.7,36.5,35.7,35.4,35.6,35.1
장흥군 - 주택소유가구,Statistics,10148.0,10361.0,10184.0,10381.0,10603.0,10687.0,10610.0,10686.0
장흥군 - 주택소유가구비율,Statistics,62.3,63.2,62.3,63.5,64.3,64.6,64.4,64.9
장흥군 - 총가구(일반가구),Statistics,16297.0,16382.0,16356.0,16350.0,16484.0,16533.0,16470.0,16463.0
전국 - 무주택가구,Statistics,8624204.0,8673868.0,8745282.0,8886922.0,9196539.0,9385592.0,9541100.0,9618474.0
전국 - 무주택가구비율,Statistics,44.5,44.1,43.8,43.7,43.9,43.8,43.8,43.6
전국 - 주택소유가구,Statistics,10743492.0,11000007.0,11233906.0,11456266.0,11730171.0,12062871.0,12232407.0,12454684.0
전국 - 주택소유가구비율,Statistics,55.5,55.9,56.2,56.3,56.1,56.2,56.2,56.4
전국 - 총가구(일반가구),Statistics,19367696.0,19673875.0,19979188.0,20343188.0,20926710.0,21448463.0,21773507.0,22073158.0
전라남도 - 무주택가구,Statistics,305935.0,298425.0,295766.0,291175.0,297055.0,300235.0,303600.0,303407.0
전라남도 - 무주택가구비율,Statistics,42.1,40.7,40.1,39.3,39.0,38.6,38.7,38.2
전라남도 - 주택소유가구,Statistics,421262.0,435332.0,441640.0,449851.0,464463.0,477123.0,481045.0,489842.0
전라남도 - 주택소유가구비율,Statistics,57.9,59.3,59.9,60.7,61.0,61.4,61.3,61.8
전라남도 - 총가구(일반가구),Statistics,727197.0,733757.0,737406.0,741026.0,761518.0,777358.0,784645.0,793249.0
전북특별자치도 - 무주택가구,Statistics,309387.0,301349.0,298879.0,298816.0,306844.0,314355.0,320979.0,321947.0
전북특별자치도 - 무주택가구비율,Statistics,42.7,41.3,40.8,40.5,40.6,40.7,41.3,40.9
전북특별자치도 - 주택소유가구,Statistics,415291.0,427522.0,434101.0,439491.0,448731.0,458116.0,456701.0,464828.0
전북특별자치도 - 주택소유가구비율,Statistics,57.3,58.7,59.2,59.5,59.4,59.3,58.7,59.1
전북특별자치도 - 총가구(일반가구),Statistics,724678.0,728871.0,732980.0,738307.0,755575.0,772471.0,777680.0,786775.0
전주시 - 무주택가구,Statistics,104509.0,104149.0,103827.0,106105.0,112006.0,119073.0,120320.0,119650.0
전주시 - 무주택가구비율,Statistics,41.9,41.4,40.6,40.6,41.4,42.2,42.5,42.1
전주시 - 주택소유가구,Statistics,145054.0,147519.0,151777.0,155273.0,158762.0,162823.0,162565.0,164542.0
전주시 - 주택소유가구비율,Statistics,58.1,58.6,59.4,59.4,58.6,57.8,57.5,57.9
전주시 - 총가구(일반가구),Statistics,249563.0,251668.0,255604.0,261378.0,270768.0,281896.0,282885.0,284192.0
정선군 - 무주택가구,Statistics,6472.0,6324.0,6376.0,6271.0,6662.0,6592.0,6520.0,6610.0
정선군 - 무주택가구비율,Statistics,42.2,41.2,41.0,40.2,40.9,40.5,40.2,40.3
정선군 - 주택소유가구,Statistics,8875.0,9036.0,9163.0,9324.0,9613.0,9680.0,9682.0,9803.0
정선군 - 주택소유가구비율,Statistics,57.8,58.8,59.0,59.8,59.1,59.5,59.8,59.7
정선군 - 총가구(일반가구),Statistics,15347.0,15360.0,15539.0,15595.0,16275.0,16272.0,16202.0,16413.0
정읍시 - 무주택가구,Statistics,20533.0,20027.0,20166.0,20024.0,18994.0,18328.0,19017.0,18967.0
정읍시 - 무주택가구비율,Statistics,45.3,44.1,44.3,44.1,41.3,39.3,40.5,40.1
정읍시 - 주택소유가구,Statistics,24767.0,25431.0,25348.0,25431.0,26976.0,28261.0,27919.0,28356.0
정읍시 - 주택소유가구비율,Statistics,54.7,55.9,55.7,55.9,58.7,60.7,59.5,59.9
정읍시 - 총가구(일반가구),Statistics,45300.0,45458.0,45514.0,45455.0,45970.0,46589.0,46936.0,47323.0
제주시 - 무주택가구,Statistics,76907.0,79642.0,81829.0,82803.0,87299.0,89242.0,90038.0,89978.0
제주시 - 무주택가구비율,Statistics,45.5,45.4,45.2,44.9,45.6,45.3,44.9,44.5
제주시 - 주택소유가구,Statistics,92050.0,95805.0,99051.0,101685.0,104320.0,107907.0,110639.0,112389.0
제주시 - 주택소유가구비율,Statistics,54.5,54.6,54.8,55.1,54.4,54.7,55.1,55.5
제주시 - 총가구(일반가구),Statistics,168957.0,175447.0,180880.0,184488.0,191619.0,197149.0,200677.0,202367.0
제주특별자치도 - 무주택가구,Statistics,103092.0,107969.0,111824.0,113045.0,118755.0,121746.0,122766.0,122298.0
제주특별자치도 - 무주택가구비율,Statistics,45.0,44.9,44.9,44.6,45.1,44.9,44.4,43.9
제주특별자치도 - 주택소유가구,Statistics,126245.0,132246.0,137174.0,140671.0,144313.0,149416.0,153459.0,156017.0
제주특별자치도 - 주택소유가구비율,Statistics,55.0,55.1,55.1,55.4,54.9,55.1,55.6,56.1
제주특별자치도 - 총가구(일반가구),Statistics,229337.0,240215.0,248998.0,253716.0,263068.0,271162.0,276225.0,278315.0
제천시 - 무주택가구,Statistics,23892.0,23468.0,22698.0,23294.0,24518.0,24183.0,22840.0,23393.0
제천시 - 무주택가구비율,Statistics,43.1,41.8,40.2,40.6,41.1,40.2,38.8,39.1
제천시 - 주택소유가구,Statistics,31489.0,32614.0,33778.0,34128.0,35162.0,35906.0,36087.0,36507.0
제천시 - 주택소유가구비율,Statistics,56.9,58.2,59.8,59.4,58.9,59.8,61.2,60.9
제천시 - 총가구(일반가구),Statistics,55381.0,56082.0,56476.0,57422.0,59680.0,60089.0,58927.0,59900.0
종로구 - 무주택가구,Statistics,31713.0,32551.0,33773.0,32153.0,32488.0,32490.0,33016.0,33091.0
종로구 - 무주택가구비율,Statistics,52.2,52.2,53.0,51.3,51.2,50.8,51.2,51.3
종로구 - 주택소유가구,Statistics,29073.0,29821.0,30000.0,30499.0,30926.0,31494.0,31406.0,31416.0
종로구 - 주택소유가구비율,Statistics,47.8,47.8,47.0,48.7,48.8,49.2,48.8,48.7
종로구 - 총가구(일반가구),Statistics,60786.0,62372.0,63773.0,62652.0,63414.0,63984.0,64422.0,64507.0
중구 - 무주택가구,Statistics,29831.0,30433.0,31006.0,31979.0,32101.0,32548.0,32654.0,34737.0
중구 - 무주택가구비율,Statistics,57.9,58.3,58.4,58.7,58.3,58.0,58.0,58.6
중구 - 주택소유가구,Statistics,21672.0,21775.0,22096.0,22517.0,22992.0,23568.0,23606.0,24528.0
중구 - 주택소유가구비율,Statistics,42.1,41.7,41.6,41.3,41.7,42.0,42.0,41.4
중구 - 총가구(일반가구),Statistics,51503.0,52208.0,53102.0,54496.0,55093.0,56116.0,56260.0,59265.0
중랑구 - 무주택가구,Statistics,83813.0,84129.0,83571.0,84941.0,88032.0,88318.0,90553.0,91757.0
중랑구 - 무주택가구비율,Statistics,53.2,52.9,52.4,52.8,53.4,52.8,53.1,53.4
중랑구 - 주택소유가구,Statistics,73758.0,74906.0,75873.0,75835.0,76800.0,78942.0,79991.0,80066.0
중랑구 - 주택소유가구비율,Statistics,46.8,47.1,47.6,47.2,46.6,47.2,46.9,46.6
중랑구 - 총가구(일반가구),Statistics,157571.0,159035.0,159444.0,160776.0,164832.0,167260.0,170544.0,171823.0
증평군 - 무주택가구,Statistics,7243.0,7496.0,7600.0,7790.0,7810.0,7689.0,7918.0,8160.0
증평군 - 무주택가구비율,Statistics,49.8,50.2,50.2,50.7,49.7,48.3,47.7,47.9
증평군 - 주택소유가구,Statistics,7314.0,7425.0,7531.0,7584.0,7904.0,8216.0,8692.0,8878.0
증평군 - 주택소유가구비율,Statistics,50.2,49.8,49.8,49.3,50.3,51.7,52.3,52.1
증평군 - 총가구(일반가구),Statistics,14557.0,14921.0,15131.0,15374.0,15714.0,15905.0,16610.0,17038.0
진도군 - 무주택가구,Statistics,5050.0,4928.0,4937.0,4815.0,5014.0,5072.0,5058.0,5086.0
진도군 - 무주택가구비율,Statistics,38.3,37.1,37.4,36.8,37.4,37.3,37.1,37.3
진도군 - 주택소유가구,Statistics,8123.0,8355.0,8248.0,8275.0,8386.0,8544.0,8558.0,8561.0
진도군 - 주택소유가구비율,Statistics,61.7,62.9,62.6,63.2,62.6,62.7,62.9,62.7
진도군 - 총가구(일반가구),Statistics,13173.0,13283.0,13185.0,13090.0,13400.0,13616.0,13616.0,13647.0
진안군 - 무주택가구,Statistics,3386.0,3340.0,3289.0,3254.0,3278.0,3300.0,3391.0,3350.0
진안군 - 무주택가구비율,Statistics,33.9,32.7,31.7,31.4,30.7,30.8,31.2,30.7
진안군 - 주택소유가구,Statistics,6595.0,6871.0,7085.0,7094.0,7396.0,7425.0,7466.0,7578.0
진안군 - 주택소유가구비율,Statistics,66.1,67.3,68.3,68.6,69.3,69.2,68.8,69.3
진안군 - 총가구(일반가구),Statistics,9981.0,10211.0,10374.0,10348.0,10674.0,10725.0,10857.0,10928.0
진주시 - 무주택가구,Statistics,55353.0,55930.0,55517.0,55426.0,59338.0,59021.0,60355.0,60821.0
진주시 - 무주택가구비율,Statistics,40.7,40.7,40.2,39.4,40.5,39.5,40.0,40.0
진주시 - 주택소유가구,Statistics,80559.0,81591.0,82443.0,85292.0,87322.0,90448.0,90625.0,91346.0
진주시 - 주택소유가구비율,Statistics,59.3,59.3,59.8,60.6,59.5,60.5,60.0,60.0
진주시 - 총가구(일반가구),Statistics,135912.0,137521.0,137960.0,140718.0,146660.0,149469.0,150980.0,152167.0
진천군 - 무주택가구,Statistics,12459.0,13687.0,14526.0,15850.0,16472.0,17183.0,17924.0,17502.0
진천군 - 무주택가구비율,Statistics,46.5,46.9,46.8,48.2,47.4,46.9,47.6,45.9
진천군 - 주택소유가구,Statistics,14358.0,15496.0,16497.0,17051.0,18299.0,19437.0,19740.0,20609.0
진천군 - 주택소유가구비율,Statistics,53.5,53.1,53.2,51.8,52.6,53.1,52.4,54.1
진천군 - 총가구(일반가구),Statistics,26817.0,29183.0,31023.0,32901.0,34771.0,36620.0,37664.0,38111.0
창녕군 - 무주택가구,Statistics,10641.0,9967.0,9849.0,9578.0,9556.0,9658.0,9763.0,9487.0
창녕군 - 무주택가구비율,Statistics,40.5,37.4,36.9,36.0,35.5,35.6,35.9,35.2
창녕군 - 주택소유가구,Statistics,15665.0,16685.0,16858.0,17012.0,17352.0,17449.0,17454.0,17478.0
창녕군 - 주택소유가구비율,Statistics,59.5,62.6,63.1,64.0,64.5,64.4,64.1,64.8
창녕군 - 총가구(일반가구),Statistics,26306.0,26652.0,26707.0,26590.0,26908.0,27107.0,27217.0,26965.0
창원시 - 무주택가구,Statistics,157933.0,155739.0,155809.0,156511.0,158506.0,165268.0,167971.0,168947.0
창원시 - 무주택가구비율,Statistics,40.1,39.4,39.0,38.8,38.7,39.2,39.4,39.4
창원시 - 주택소유가구,Statistics,235742.0,240023.0,243544.0,247013.0,251182.0,256577.0,258437.0,259374.0
창원시 - 주택소유가구비율,Statistics,59.9,60.6,61.0,61.2,61.3,60.8,60.6,60.6
창원시 - 총가구(일반가구),Statistics,393675.0,395762.0,399353.0,403524.0,409688.0,421845.0,426408.0,428321.0
천안시 - 무주택가구,Statistics,111012.0,114217.0,117251.0,118865.0,125966.0,129878.0,132887.0,133243.0
천안시 - 무주택가구비율,Statistics,46.5,46.0,45.6,45.0,45.7,46.0,46.2,45.7
천안시 - 주택소유가구,Statistics,127766.0,134139.0,139698.0,145518.0,149741.0,152613.0,154626.0,158320.0
천안시 - 주택소유가구비율,Statistics,53.5,54.0,54.4,55.0,54.3,54.0,53.8,54.3
천안시 - 총가구(일반가구),Statistics,238778.0,248356.0,256949.0,264383.0,275707.0,282491.0,287513.0,291563.0
철원군 - 무주택가구,Statistics,8871.0,7999.0,7293.0,7025.0,7046.0,7065.0,6975.0,7099.0
철원군 - 무주택가구비율,Statistics,47.9,45.2,42.7,41.9,41.5,41.3,41.0,40.9
철원군 - 주택소유가구,Statistics,9655.0,9711.0,9771.0,9745.0,9922.0,10028.0,10032.0,10266.0
철원군 - 주택소유가구비율,Statistics,52.1,54.8,57.3,58.1,58.5,58.7,59.0,59.1
철원군 - 총가구(일반가구),Statistics,18526.0,17710.0,17064.0,16770.0,16968.0,17093.0,17007.0,17365.0
청도군 - 무주택가구,Statistics,5672.0,5547.0,5513.0,5496.0,5436.0,5600.0,5647.0,5575.0
청도군 - 무주택가구비율,Statistics,31.2,30.2,29.9,29.5,28.9,29.4,29.2,28.7
청도군 - 주택소유가구,Statistics,12498.0,12814.0,12925.0,13120.0,13385.0,13441.0,13662.0,13821.0
청도군 - 주택소유가구비율,Statistics,68.8,69.8,70.1,70.5,71.1,70.6,70.8,71.3
청도군 - 총가구(일반가구),Statistics,18170.0,18361.0,18438.0,18616.0,18821.0,19041.0,19309.0,19396.0
청송군 - 무주택가구,Statistics,4501.0,4287.0,4344.0,4559.0,4327.0,4277.0,4387.0,4397.0
청송군 - 무주택가구비율,Statistics,39.5,37.4,37.7,39.6,36.9,36.1,36.8,36.9
청송군 - 주택소유가구,Statistics,6900.0,7167.0,7174.0,6953.0,7396.0,7584.0,7543.0,7531.0
청송군 - 주택소유가구비율,Statistics,60.5,62.6,62.3,60.4,63.1,63.9,63.2,63.1
청송군 - 총가구(일반가구),Statistics,11401.0,11454.0,11518.0,11512.0,11723.0,11861.0,11930.0,11928.0
청양군 - 무주택가구,Statistics,4847.0,4617.0,4758.0,4627.0,4586.0,4667.0,4806.0,4681.0
청양군 - 무주택가구비율,Statistics,37.0,34.6,35.3,34.6,33.9,34.1,34.7,33.9
청양군 - 주택소유가구,Statistics,8237.0,8710.0,8735.0,8755.0,8946.0,9033.0,9038.0,9120.0
청양군 - 주택소유가구비율,Statistics,63.0,65.4,64.7,65.4,66.1,65.9,65.3,66.1
청양군 - 총가구(일반가구),Statistics,13084.0,13327.0,13493.0,13382.0,13532.0,13700.0,13844.0,13801.0
청주시 - 무주택가구,Statistics,135394.0,137237.0,138408.0,140485.0,148959.0,153289.0,158166.0,162197.0
청주시 - 무주택가구비율,Statistics,43.1,42.9,42.6,42.0,42.8,42.7,43.2,43.0
청주시 - 주택소유가구,Statistics,178937.0,182732.0,186615.0,193946.0,199369.0,205543.0,207717.0,214590.0
청주시 - 주택소유가구비율,Statistics,56.9,57.1,57.4,58.0,57.2,57.3,56.8,57.0
청주시 - 총가구(일반가구),Statistics,314331.0,319969.0,325023.0,334431.0,348328.0,358832.0,365883.0,376787.0
춘천시 - 무주택가구,Statistics,48840.0,49697.0,50754.0,50578.0,52349.0,53187.0,54771.0,56257.0
춘천시 - 무주택가구비율,Statistics,44.5,44.6,44.9,44.5,44.4,43.7,43.5,43.7
춘천시 - 주택소유가구,Statistics,60850.0,61650.0,62163.0,62972.0,65681.0,68640.0,71245.0,72425.0
춘천시 - 주택소유가구비율,Statistics,55.5,55.4,55.1,55.5,55.6,56.3,56.5,56.3
춘천시 - 총가구(일반가구),Statistics,109690.0,111347.0,112917.0,113550.0,118030.0,121827.0,126016.0,128682.0
충주시 - 무주택가구,Statistics,35884.0,35701.0,36855.0,36842.0,37393.0,38567.0,37839.0,38736.0
충주시 - 무주택가구비율,Statistics,42.1,41.3,41.5,40.8,40.2,40.4,39.4,39.6
충주시 - 주택소유가구,Statistics,49268.0,50666.0,51856.0,53349.0,55689.0,56783.0,58291.0,58973.0
충주시 - 주택소유가구비율,Statistics,57.9,58.7,58.5,59.2,59.8,59.6,60.6,60.4
충주시 - 총가구(일반가구),Statistics,85152.0,86367.0,88711.0,90191.0,93082.0,95350.0,96130.0,97709.0
충청남도 - 무주택가구,Statistics,357531.0,357454.0,358560.0,359528.0,374617.0,386191.0,395904.0,399452.0
충청남도 - 무주택가구비율,Statistics,43.9,42.8,42.1,41.6,42.0,42.2,42.5,42.1
충청남도 - 주택소유가구,Statistics,456199.0,477532.0,492564.0,504574.0,517605.0,529443.0,535466.0,549179.0
충청남도 - 주택소유가구비율,Statistics,56.1,57.2,57.9,58.4,58.0,57.8,57.5,57.9
충청남도 - 총가구(일반가구),Statistics,813730.0,834986.0,851124.0,864102.0,892222.0,915634.0,931370.0,948631.0
충청북도 - 무주택가구,Statistics,266463.0,266347.0,269754.0,271837.0,284440.0,289930.0,293316.0,298481.0
충청북도 - 무주택가구비율,Statistics,43.1,42.3,42.1,41.5,41.9,41.7,41.6,41.4
충청북도 - 주택소유가구,Statistics,351451.0,362726.0,371224.0,382876.0,394482.0,405681.0,411548.0,421750.0
충청북도 - 주택소유가구비율,Statistics,56.9,57.7,57.9,58.5,58.1,58.3,58.4,58.6
충청북도 - 총가구(일반가구),Statistics,617914.0,629073.0,640978.0,654713.0,678922.0,695611.0,704864.0,720231.0
칠곡군 - 무주택가구,Statistics,20887.0,20519.0,20181.0,18802.0,18807.0,18913.0,19663.0,20165.0
칠곡군 - 무주택가구비율,Statistics,44.5,43.6,42.8,40.7,40.2,39.5,40.3,41.0
칠곡군 - 주택소유가구,Statistics,26012.0,26575.0,26979.0,27435.0,27979.0,29017.0,29071.0,28987.0
칠곡군 - 주택소유가구비율,Statistics,55.5,56.4,57.2,59.3,59.8,60.5,59.7,59.0
칠곡군 - 총가구(일반가구),Statistics,46899.0,47094.0,47160.0,46237.0,46786.0,47930.0,48734.0,49152.0
태백시 - 무주택가구,Statistics,8160.0,7662.0,7444.0,7199.0,7140.0,7071.0,6972.0,7048.0
태백시 - 무주택가구비율,Statistics,42.1,40.6,39.9,38.8,38.4,37.8,37.6,37.8
태백시 - 주택소유가구,Statistics,11220.0,11224.0,11219.0,11337.0,11446.0,11652.0,11571.0,11609.0
태백시 - 주택소유가구비율,Statistics,57.9,59.4,60.1,61.2,61.6,62.2,62.4,62.2
태백시 - 총가구(일반가구),Statistics,19380.0,18886.0,18663.0,18536.0,18586.0,18723.0,18543.0,18657.0
태안군 - 무주택가구,Statistics,10116.0,10173.0,10074.0,10205.0,10605.0,10657.0,10826.0,10632.0
태안군 - 무주택가구비율,Statistics,40.0,39.1,38.2,38.0,37.9,37.6,37.8,37.0
태안군 - 주택소유가구,Statistics,15144.0,15816.0,16332.0,16682.0,17398.0,17701.0,17822.0,18093.0
태안군 - 주택소유가구비율,Statistics,60.0,60.9,61.8,62.0,62.1,62.4,62.2,63.0
태안군 - 총가구(일반가구),Statistics,25260.0,25989.0,26406.0,26887.0,28003.0,28358.0,28648.0,28725.0
통영시 - 무주택가구,Statistics,20305.0,20140.0,19660.0,19011.0,19260.0,19207.0,19179.0,19278.0
통영시 - 무주택가구비율,Statistics,38.0,37.8,36.9,35.7,35.8,35.5,35.4,35.6
통영시 - 주택소유가구,Statistics,33106.0,33166.0,33590.0,34189.0,34498.0,34849.0,34930.0,34866.0
통영시 - 주택소유가구비율,Statistics,62.0,62.2,63.1,64.3,64.2,64.5,64.6,64.4
통영시 - 총가구(일반가구),Statistics,53411.0,53306.0,53250.0,53200.0,53758.0,54056.0,54109.0,54144.0
파주시 - 무주택가구,Statistics,71681.0,73647.0,78097.0,80039.0,83194.0,91264.0,97822.0,97835.0
파주시 - 무주택가구비율,Statistics,49.0,49.0,49.1,48.7,48.7,50.2,51.5,50.2
파주시 - 주택소유가구,Statistics,74627.0,76576.0,81046.0,84267.0,87730.0,90425.0,92034.0,96980.0
파주시 - 주택소유가구비율,Statistics,51.0,51.0,50.9,51.3,51.3,49.8,48.5,49.8
파주시 - 총가구(일반가구),Statistics,146308.0,150223.0,159143.0,164306.0,170924.0,181689.0,189856.0,194815.0
평창군 - 무주택가구,Statistics,6894.0,6832.0,6752.0,6560.0,6730.0,6712.0,6614.0,6877.0
평창군 - 무주택가구비율,Statistics,39.9,39.2,38.3,36.9,36.8,36.2,35.4,35.9
평창군 - 주택소유가구,Statistics,10375.0,10577.0,10860.0,11198.0,11575.0,11807.0,12090.0,12298.0
평창군 - 주택소유가구비율,Statistics,60.1,60.8,61.7,63.1,63.2,63.8,64.6,64.1
평창군 - 총가구(일반가구),Statistics,17269.0,17409.0,17612.0,17758.0,18305.0,18519.0,18704.0,19175.0
평택시 - 무주택가구,Statistics,80882.0,83328.0,85267.0,89946.0,98121.0,109648.0,118012.0,119886.0
평택시 - 무주택가구비율,Statistics,47.4,46.7,45.4,45.4,46.0,47.2,48.3,47.3
평택시 - 주택소유가구,Statistics,89889.0,95190.0,102546.0,108051.0,115064.0,122604.0,126536.0,133781.0
평택시 - 주택소유가구비율,Statistics,52.6,53.3,54.6,54.6,54.0,52.8,51.7,52.7
평택시 - 총가구(일반가구),Statistics,170771.0,178518.0,187813.0,197997.0,213185.0,232252.0,244548.0,253667.0
포천시 - 무주택가구,Statistics,27444.0,27057.0,27026.0,26599.0,26999.0,27601.0,32632.0,27269.0
포천시 - 무주택가구비율,Statistics,48.1,47.1,46.2,45.6,45.4,44.9,48.5,43.9
포천시 - 주택소유가구,Statistics,29610.0,30347.0,31513.0,31674.0,32526.0,33904.0,34590.0,34801.0
포천시 - 주택소유가구비율,Statistics,51.9,52.9,53.8,54.4,54.6,55.1,51.5,56.1
포천시 - 총가구(일반가구),Statistics,57054.0,57404.0,58539.0,58273.0,59525.0,61505.0,67222.0,62070.0
포항시 - 무주택가구,Statistics,81284.0,80994.0,80013.0,78213.0,80175.0,83020.0,83600.0,83525.0
포항시 - 무주택가구비율,Statistics,40.8,40.5,39.7,38.6,38.6,38.9,38.9,38.5
포항시 - 주택소유가구,Statistics,117891.0,119108.0,121443.0,124279.0,127284.0,130390.0,131045.0,133204.0
포항시 - 주택소유가구비율,Statistics,59.2,59.5,60.3,61.4,61.4,61.1,61.1,61.5
포항시 - 총가구(일반가구),Statistics,199175.0,200102.0,201456.0,202492.0,207459.0,213410.0,214645.0,216729.0
하남시 - 무주택가구,Statistics,36303.0,39006.0,44610.0,53296.0,63709.0,67720.0,65973.0,66557.0
하남시 - 무주택가구비율,Statistics,50.9,48.5,49.9,52.6,56.6,54.6,51.5,50.8
하남시 - 주택소유가구,Statistics,34950.0,41457.0,44869.0,47935.0,48753.0,56288.0,62225.0,64487.0
하남시 - 주택소유가구비율,Statistics,49.1,51.5,50.1,47.4,43.4,45.4,48.5,49.2
하남시 - 총가구(일반가구),Statistics,71253.0,80463.0,89479.0,101231.0,112462.0,124008.0,128198.0,131044.0
하동군 - 무주택가구,Statistics,6961.0,6574.0,6531.0,6513.0,6399.0,6400.0,6517.0,6467.0
하동군 - 무주택가구비율,Statistics,36.2,34.1,33.7,33.6,32.9,32.9,33.5,33.2
하동군 - 주택소유가구,Statistics,12247.0,12680.0,12821.0,12874.0,13036.0,13057.0,12921.0,12994.0
하동군 - 주택소유가구비율,Statistics,63.8,65.9,66.3,66.4,67.1,67.1,66.5,66.8
하동군 - 총가구(일반가구),Statistics,19208.0,19254.0,19352.0,19387.0,19435.0,19457.0,19438.0,19461.0
함안군 - 무주택가구,Statistics,10667.0,9751.0,9570.0,9398.0,9205.0,9186.0,9211.0,9050.0
함안군 - 무주택가구비율,Statistics,39.6,36.3,35.7,35.4,34.6,34.3,34.4,33.8
함안군 - 주택소유가구,Statistics,16262.0,17118.0,17274.0,17162.0,17429.0,17567.0,17545.0,17688.0
함안군 - 주택소유가구비율,Statistics,60.4,63.7,64.3,64.6,65.4,65.7,65.6,66.2
함안군 - 총가구(일반가구),Statistics,26929.0,26869.0,26844.0,26560.0,26634.0,26753.0,26756.0,26738.0
함양군 - 무주택가구,Statistics,5768.0,5544.0,5668.0,5567.0,5608.0,5813.0,5833.0,5783.0
함양군 - 무주택가구비율,Statistics,34.4,32.8,33.1,32.4,32.3,33.1,33.1,33.1
함양군 - 주택소유가구,Statistics,11012.0,11372.0,11451.0,11598.0,11753.0,11750.0,11791.0,11710.0
함양군 - 주택소유가구비율,Statistics,65.6,67.2,66.9,67.6,67.7,66.9,66.9,66.9
함양군 - 총가구(일반가구),Statistics,16780.0,16916.0,17119.0,17165.0,17361.0,17563.0,17624.0,17493.0
함평군 - 무주택가구,Statistics,6514.0,5591.0,6734.0,5196.0,5141.0,5345.0,5730.0,5567.0
함평군 - 무주택가구비율,Statistics,48.6,41.3,50.2,38.7,38.0,38.9,41.6,40.3
함평군 - 주택소유가구,Statistics,6886.0,7937.0,6678.0,8238.0,8397.0,8379.0,8042.0,8241.0
함평군 - 주택소유가구비율,Statistics,51.4,58.7,49.8,61.3,62.0,61.1,58.4,59.7
함평군 - 총가구(일반가구),Statistics,13400.0,13528.0,13412.0,13434.0,13538.0,13724.0,13772.0,13808.0
합천군 - 무주택가구,Statistics,7642.0,6806.0,6672.0,6497.0,6381.0,6814.0,7062.0,6929.0
합천군 - 무주택가구비율,Statistics,37.6,33.6,33.0,32.3,31.7,33.5,34.5,34.1
합천군 - 주택소유가구,Statistics,12671.0,13428.0,13523.0,13627.0,13758.0,13518.0,13390.0,13418.0
합천군 - 주택소유가구비율,Statistics,62.4,66.4,67.0,67.7,68.3,66.5,65.5,65.9
합천군 - 총가구(일반가구),Statistics,20313.0,20234.0,20195.0,20124.0,20139.0,20332.0,20452.0,20347.0
해남군 - 무주택가구,Statistics,11395.0,10892.0,11229.0,10309.0,10459.0,10737.0,10866.0,10636.0
해남군 - 무주택가구비율,Statistics,39.4,37.7,39.2,36.2,36.0,36.7,37.1,36.4
해남군 - 주택소유가구,Statistics,17558.0,17987.0,17405.0,18182.0,18572.0,18528.0,18411.0,18596.0
해남군 - 주택소유가구비율,Statistics,60.6,62.3,60.8,63.8,64.0,63.3,62.9,63.6
해남군 - 총가구(일반가구),Statistics,28953.0,28879.0,28634.0,28491.0,29031.0,29265.0,29277.0,29232.0
해운대구 - 무주택가구,Statistics,59710.0,59324.0,59789.0,59490.0,60008.0,60295.0,59735.0,59251.0
해운대구 - 무주택가구비율,Statistics,38.7,38.6,38.6,38.1,37.8,37.4,37.2,37.0
해운대구 - 주택소유가구,Statistics,94657.0,94491.0,95178.0,96740.0,98605.0,100873.0,100862.0,100968.0
해운대구 - 주택소유가구비율,Statistics,61.3,61.4,61.4,61.9,62.2,62.6,62.8,63.0
해운대구 - 총가구(일반가구),Statistics,154367.0,153815.0,154967.0,156230.0,158613.0,161168.0,160597.0,160219.0
홍성군 - 무주택가구,Statistics,17563.0,18279.0,17749.0,17926.0,18148.0,17939.0,17645.0,18069.0
홍성군 - 무주택가구비율,Statistics,43.8,43.8,42.5,42.4,42.0,41.1,41.0,41.2
홍성군 - 주택소유가구,Statistics,22572.0,23413.0,23972.0,24309.0,25044.0,25751.0,25369.0,25776.0
홍성군 - 주택소유가구비율,Statistics,56.2,56.2,57.5,57.6,58.0,58.9,59.0,58.8
홍성군 - 총가구(일반가구),Statistics,40135.0,41692.0,41721.0,42235.0,43192.0,43690.0,43014.0,43845.0
홍천군 - 무주택가구,Statistics,10428.0,10232.0,10252.0,10086.0,10315.0,10549.0,10652.0,10945.0
홍천군 - 무주택가구비율,Statistics,38.3,36.7,36.2,35.6,35.3,35.6,35.5,35.7
홍천군 - 주택소유가구,Statistics,16792.0,17670.0,18062.0,18270.0,18892.0,19100.0,19382.0,19740.0
홍천군 - 주택소유가구비율,Statistics,61.7,63.3,63.8,64.4,64.7,64.4,64.5,64.3
홍천군 - 총가구(일반가구),Statistics,27220.0,27902.0,28314.0,28356.0,29207.0,29649.0,30034.0,30685.0
화성시 - 무주택가구,Statistics,103949.0,114982.0,132007.0,133746.0,147915.0,157061.0,165535.0,168617.0
화성시 - 무주택가구비율,Statistics,47.2,47.3,48.6,44.8,46.0,46.0,46.4,45.0
화성시 - 주택소유가구,Statistics,116478.0,128066.0,139358.0,164651.0,173956.0,184371.0,191007.0,206476.0
화성시 - 주택소유가구비율,Statistics,52.8,52.7,51.4,55.2,54.0,54.0,53.6,55.0
화성시 - 총가구(일반가구),Statistics,220427.0,243048.0,271365.0,298397.0,321871.0,341432.0,356542.0,375093.0
화순군 - 무주택가구,Statistics,10865.0,10327.0,10401.0,9976.0,9917.0,10138.0,10398.0,10424.0
화순군 - 무주택가구비율,Statistics,43.5,41.3,41.8,40.4,39.1,38.8,39.3,39.0
화순군 - 주택소유가구,Statistics,14088.0,14664.0,14468.0,14732.0,15426.0,15982.0,16037.0,16326.0
화순군 - 주택소유가구비율,Statistics,56.5,58.7,58.2,59.6,60.9,61.2,60.7,61.0
화순군 - 총가구(일반가구),Statistics,24953.0,24991.0,24869.0,24708.0,25343.0,26120.0,26435.0,26750.0
화천군 - 무주택가구,Statistics,6284.0,5270.0,5130.0,4577.0,4593.0,4696.0,4695.0,4800.0
화천군 - 무주택가구비율,Statistics,56.8,51.3,50.4,47.1,46.4,46.9,46.9,46.9
화천군 - 주택소유가구,Statistics,4773.0,5004.0,5039.0,5136.0,5306.0,5309.0,5312.0,5439.0
화천군 - 주택소유가구비율,Statistics,43.2,48.7,49.6,52.9,53.6,53.1,53.1,53.1
화천군 - 총가구(일반가구),Statistics,11057.0,10274.0,10169.0,9713.0,9899.0,10005.0,10007.0,10239.0
횡성군 - 무주택가구,Statistics,6930.0,6806.0,6938.0,6892.0,6909.0,6838.0,6808.0,7022.0
횡성군 - 무주택가구비율,Statistics,39.8,38.0,37.3,36.4,35.4,34.3,33.6,33.4
횡성군 - 주택소유가구,Statistics,10491.0,11127.0,11674.0,12020.0,12615.0,13072.0,13439.0,13984.0
횡성군 - 주택소유가구비율,Statistics,60.2,62.0,62.7,63.6,64.6,65.7,66.4,66.6
횡성군 - 총가구(일반가구),Statistics,17421.0,17933.0,18612.0,18912.0,19524.0,19910.0,20247.0,21006.0
