item,category,2011,2012,2013,2014,2015,2016,2017,2018,2019,2020,2021,2022,2023,2024
가평군 - 농가인구,Statistics,11922.0,11940.0,11624.0,11415.0,10365.0,9701.0,9655.0,8936.0,8261.0,8481.0,7774.0,7625.0,7482.0,6746.0
강릉시 - 농가인구,Statistics,17947.0,18723.0,18126.0,17416.0,18036.0,17192.0,14407.0,13464.0,12606.0,15662.0,16388.0,15407.0,14787.0,14744.0
강원특별자치도 - 농가인구,Statistics,183273.0,180144.0,177227.0,172026.0,175567.0,171363.0,160871.0,154098.0,148545.0,151326.0,150005.0,144433.0,139699.0,136640.0
강진군 - 농가인구,Statistics,12791.0,11468.0,10699.0,10429.0,11212.0,11351.0,12225.0,12229.0,12094.0,10264.0,10616.0,10675.0,10154.0,9690.0
강화군 - 농가인구,Statistics,20331.0,20124.0,20277.0,19851.0,17496.0,16668.0,16114.0,14931.0,15107.0,14509.0,13525.0,12556.0,11701.0,12285.0
거제시 - 농가인구,Statistics,14124.0,13499.0,13398.0,12612.0,13046.0,12121.0,12174.0,12251.0,12420.0,12336.0,12059.0,12305.0,11849.0,11061.0
거창군 - 농가인구,Statistics,21503.0,19738.0,19057.0,18526.0,17925.0,15725.0,15021.0,14572.0,13978.0,13356.0,11128.0,10987.0,10540.0,10289.0
경기도 - 농가인구,Statistics,412351.0,407109.0,390378.0,374872.0,350200.0,324562.0,316573.0,296350.0,282343.0,308677.0,280300.0,277485.0,264459.0,255127.0
경산시 - 농가인구,Statistics,23246.0,21832.0,21221.0,20898.0,19631.0,18692.0,18672.0,17176.0,16753.0,17414.0,15486.0,14817.0,14514.0,14210.0
경상남도 - 농가인구,Statistics,336641.0,327931.0,320095.0,310985.0,293720.0,280720.0,274930.0,265433.0,258754.0,259829.0,244924.0,244049.0,235775.0,223982.0
경상북도 - 농가인구,Statistics,471076.0,465408.0,458791.0,446920.0,410141.0,402247.0,395275.0,376562.0,368693.0,351375.0,348303.0,343741.0,330410.0,319582.0
경주시 - 농가인구,Statistics,43907.0,42279.0,41646.0,41095.0,34234.0,37307.0,38685.0,36059.0,33797.0,26488.0,27791.0,24618.0,23748.0,22173.0
계룡시 - 농가인구,Statistics,1540.0,1576.0,1521.0,1564.0,1499.0,1398.0,1343.0,1206.0,1174.0,1237.0,1103.0,1076.0,1000.0,1001.0
고령군 - 농가인구,Statistics,11042.0,10207.0,10101.0,9713.0,8319.0,7573.0,7929.0,7407.0,7366.0,7481.0,7681.0,7561.0,7430.0,7117.0
고성군 - 농가인구,Statistics,5749.0,5689.0,5627.0,5365.0,5494.0,5195.0,5477.0,5307.0,5280.0,4707.0,4722.0,4630.0,4569.0,4411.0
고양시 - 농가인구,Statistics,20877.0,22275.0,21077.0,18758.0,19103.0,16838.0,16417.0,15476.0,15442.0,16666.0,15236.0,15667.0,14672.0,14049.0
고창군 - 농가인구,Statistics,21657.0,21818.0,21595.0,21148.0,19376.0,18533.0,17844.0,17658.0,18336.0,16401.0,16347.0,15828.0,15370.0,15050.0
고흥군 - 농가인구,Statistics,28387.0,28002.0,27054.0,25292.0,25180.0,26266.0,23921.0,23206.0,22047.0,19349.0,17127.0,15897.0,17396.0,16703.0
곡성군 - 농가인구,Statistics,11563.0,11317.0,11598.0,11322.0,10938.0,11965.0,11088.0,10753.0,10662.0,9090.0,8610.0,8693.0,8687.0,8589.0
공주시 - 농가인구,Statistics,31068.0,30457.0,29179.0,28401.0,24111.0,24469.0,23818.0,22287.0,21460.0,20258.0,22173.0,20028.0,19923.0,18499.0
과천시 - 농가인구,Statistics,1718.0,1709.0,1752.0,1839.0,1501.0,1079.0,1136.0,1081.0,919.0,989.0,560.0,607.0,603.0,539.0
광명시 - 농가인구,Statistics,2086.0,2116.0,1946.0,1877.0,2183.0,1889.0,1925.0,1730.0,1647.0,2264.0,2050.0,1747.0,1589.0,1603.0
광산구 - 농가인구,Statistics,13899.0,13044.0,13398.0,13109.0,11960.0,9909.0,8836.0,9239.0,8721.0,12050.0,11346.0,10699.0,10185.0,9578.0
광양시 - 농가인구,Statistics,18013.0,17280.0,16271.0,14932.0,14698.0,16865.0,15916.0,15875.0,15942.0,15331.0,14843.0,14789.0,13858.0,12933.0
광주광역시 - 농가인구,Statistics,35232.0,32903.0,32231.0,32062.0,30746.0,29800.0,26761.0,25347.0,24101.0,39873.0,35403.0,31688.0,30390.0,27686.0
광주시 - 농가인구,Statistics,11482.0,11740.0,11245.0,11297.0,12862.0,11479.0,11064.0,10508.0,9406.0,10358.0,6881.0,8365.0,9087.0,9483.0
광주시부 - 농가인구,Statistics,21333.0,19860.0,18833.0,18953.0,18786.0,19891.0,17925.0,16109.0,15381.0,27823.0,24057.0,20988.0,20205.0,18109.0
괴산군 - 농가인구,Statistics,14829.0,15009.0,14272.0,13594.0,12417.0,12243.0,11649.0,11407.0,11429.0,10706.0,11358.0,11210.0,10773.0,11579.0
구례군 - 농가인구,Statistics,9456.0,8734.0,8542.0,8645.0,8613.0,9481.0,9406.0,8957.0,8338.0,8241.0,7816.0,8324.0,8002.0,7730.0
구리시 - 농가인구,Statistics,1894.0,1583.0,1780.0,1849.0,1484.0,1734.0,1615.0,1371.0,1274.0,1806.0,1400.0,1207.0,1254.0,1155.0
구미시 - 농가인구,Statistics,23415.0,24320.0,24086.0,23339.0,23217.0,21724.0,21262.0,20017.0,20969.0,24443.0,23808.0,23335.0,21993.0,21469.0
군산시 - 농가인구,Statistics,18422.0,19566.0,18929.0,18503.0,16618.0,17943.0,15454.0,15361.0,16112.0,14396.0,13270.0,13687.0,12613.0,11880.0
군위군 - 농가인구,Statistics,10475.0,10481.0,10266.0,9804.0,8537.0,8180.0,7977.0,7756.0,7744.0,7284.0,7336.0,7321.0,7087.0,6962.0
군포시 - 농가인구,Statistics,1521.0,1453.0,1276.0,1139.0,1477.0,1185.0,1077.0,873.0,828.0,2536.0,2081.0,1770.0,1635.0,1583.0
금산군 - 농가인구,Statistics,17187.0,17254.0,18225.0,17674.0,14641.0,15827.0,15040.0,13795.0,13605.0,13183.0,13902.0,13391.0,13694.0,13409.0
기장군 - 농가인구,Statistics,6260.0,6126.0,6067.0,5833.0,5251.0,4856.0,4487.0,4168.0,4056.0,4288.0,4411.0,3979.0,4430.0,3912.0
김제시 - 농가인구,Statistics,27913.0,28618.0,27130.0,26454.0,19664.0,20486.0,20326.0,20882.0,18692.0,15450.0,14451.0,15654.0,15629.0,14474.0
김천시 - 농가인구,Statistics,35518.0,34681.0,34523.0,33836.0,33602.0,31233.0,30224.0,29237.0,28297.0,26543.0,28266.0,27261.0,25904.0,25449.0
김포시 - 농가인구,Statistics,19280.0,17836.0,16790.0,15542.0,15355.0,14724.0,13683.0,13915.0,13779.0,12830.0,14178.0,14025.0,13643.0,12982.0
김해시 - 농가인구,Statistics,25333.0,24432.0,23382.0,23924.0,21156.0,21132.0,20261.0,19720.0,19073.0,20901.0,18658.0,18291.0,18296.0,16482.0
나주시 - 농가인구,Statistics,27985.0,27732.0,28615.0,28608.0,21663.0,22772.0,20984.0,21132.0,21200.0,17982.0,19975.0,19653.0,18916.0,18036.0
남양주시 - 농가인구,Statistics,17905.0,18771.0,17681.0,17930.0,15393.0,15850.0,15481.0,13191.0,11769.0,13304.0,10159.0,9571.0,8518.0,7629.0
남원시 - 농가인구,Statistics,22887.0,22200.0,21859.0,20712.0,19363.0,18925.0,18397.0,17010.0,16194.0,14793.0,13023.0,13951.0,13250.0,12873.0
남해군 - 농가인구,Statistics,17150.0,16869.0,16210.0,16010.0,14727.0,14261.0,13573.0,13091.0,12779.0,11676.0,12342.0,13237.0,12651.0,11997.0
논산시 - 농가인구,Statistics,31326.0,30080.0,27574.0,25733.0,24909.0,24215.0,24402.0,22903.0,21639.0,21247.0,19209.0,19172.0,19612.0,19477.0
단양군 - 농가인구,Statistics,8207.0,8035.0,7506.0,6923.0,7434.0,6572.0,6199.0,5899.0,5560.0,6424.0,6396.0,6563.0,6373.0,6051.0
달성군 - 농가인구,Statistics,17893.0,18039.0,18210.0,18222.0,15027.0,14458.0,14020.0,13088.0,13255.0,14228.0,14593.0,14343.0,13418.0,13081.0
담양군 - 농가인구,Statistics,15576.0,15415.0,15701.0,15197.0,12875.0,11695.0,11909.0,11692.0,10726.0,11028.0,12448.0,13434.0,12659.0,11915.0
당진군 - 농가인구,Statistics,34112.0,32343.0,30100.0,28840.0,,,,,,,,,,
당진시 - 농가인구,Statistics,,,,,27230.0,30532.0,28309.0,26870.0,25823.0,22898.0,22558.0,23257.0,22703.0,19416.0
대구광역시 - 농가인구,Statistics,50876.0,51514.0,50618.0,49187.0,44542.0,43743.0,42395.0,39903.0,39239.0,60630.0,54006.0,51862.0,48140.0,45637.0
대구시부 - 농가인구,Statistics,32983.0,33475.0,32408.0,30966.0,29515.0,29285.0,28376.0,26816.0,25984.0,46402.0,39413.0,37519.0,34722.0,32555.0
대전광역시 - 농가인구,Statistics,29332.0,28760.0,28816.0,27590.0,25569.0,24525.0,23272.0,21985.0,20697.0,32804.0,29025.0,26564.0,25179.0,26298.0
대전시부 - 농가인구,Statistics,29332.0,28760.0,28816.0,27590.0,25569.0,24525.0,23272.0,21985.0,20697.0,32804.0,29025.0,26564.0,25179.0,26298.0
동두천시 - 농가인구,Statistics,2316.0,2165.0,2044.0,2073.0,2251.0,2087.0,2022.0,1866.0,1866.0,2167.0,1841.0,1673.0,1564.0,1516.0
동해시 - 농가인구,Statistics,5771.0,5877.0,5908.0,5634.0,5865.0,6159.0,5616.0,5029.0,4897.0,4805.0,3914.0,3915.0,3713.0,3726.0
목포시 - 농가인구,Statistics,3976.0,3407.0,3505.0,3168.0,3455.0,3403.0,3433.0,3329.0,3332.0,5055.0,3933.0,3432.0,3188.0,2810.0
무안군 - 농가인구,Statistics,19808.0,19123.0,21194.0,20676.0,17278.0,18336.0,17626.0,16582.0,16259.0,15213.0,14154.0,13860.0,13298.0,13277.0
무주군 - 농가인구,Statistics,9728.0,9903.0,9388.0,9527.0,8643.0,8333.0,7748.0,7645.0,7790.0,9341.0,8816.0,7476.0,7740.0,7535.0
문경시 - 농가인구,Statistics,19445.0,19618.0,19860.0,19069.0,17128.0,16909.0,15897.0,14591.0,13974.0,14732.0,15347.0,15813.0,15312.0,14236.0
밀양시 - 농가인구,Statistics,26891.0,25064.0,25637.0,24338.0,22105.0,20668.0,23244.0,22528.0,21147.0,19238.0,21406.0,20098.0,20117.0,18489.0
보령시 - 농가인구,Statistics,21456.0,20899.0,20188.0,19565.0,19791.0,18980.0,18751.0,17542.0,16024.0,16641.0,14053.0,13844.0,13102.0,12374.0
보성군 - 농가인구,Statistics,17855.0,17634.0,17050.0,16150.0,14590.0,14406.0,14079.0,13843.0,13880.0,10889.0,13143.0,12893.0,12622.0,12293.0
보은군 - 농가인구,Statistics,12898.0,12877.0,12721.0,12178.0,11492.0,10773.0,10499.0,10145.0,10012.0,8762.0,9428.0,9314.0,8861.0,8283.0
봉화군 - 농가인구,Statistics,14964.0,14672.0,14462.0,14227.0,12639.0,12532.0,11735.0,11322.0,11033.0,10945.0,10300.0,10583.0,10702.0,10631.0
부산광역시 - 농가인구,Statistics,23565.0,22859.0,20486.0,19935.0,20944.0,20554.0,19133.0,17400.0,16578.0,28529.0,25044.0,22423.0,22942.0,21845.0
부산시부 - 농가인구,Statistics,17306.0,16733.0,14418.0,14102.0,15693.0,15698.0,14645.0,13232.0,12521.0,24241.0,20633.0,18444.0,18511.0,17933.0
부안군 - 농가인구,Statistics,18536.0,18403.0,18338.0,17798.0,18877.0,15638.0,14226.0,13669.0,13729.0,14824.0,14215.0,13855.0,12542.0,12183.0
부여군 - 농가인구,Statistics,26267.0,25275.0,24200.0,23763.0,22213.0,20298.0,20014.0,19607.0,17727.0,19918.0,16658.0,13813.0,13352.0,13469.0
부천시 - 농가인구,Statistics,2898.0,2652.0,2508.0,2263.0,3057.0,2783.0,2734.0,2479.0,2383.0,4095.0,3434.0,2935.0,2592.0,2264.0
사천시 - 농가인구,Statistics,19304.0,19248.0,18885.0,18259.0,15880.0,14830.0,14229.0,13492.0,12936.0,12270.0,11395.0,11532.0,10768.0,10099.0
산청군 - 농가인구,Statistics,14890.0,14304.0,13927.0,13336.0,12624.0,12017.0,11577.0,11308.0,11324.0,10077.0,10603.0,9814.0,10329.0,9918.0
삼척시 - 농가인구,Statistics,10214.0,9838.0,9763.0,9640.0,9973.0,9891.0,9322.0,8540.0,8779.0,8262.0,7727.0,7390.0,7444.0,7064.0
상주시 - 농가인구,Statistics,35124.0,36686.0,35311.0,34034.0,32142.0,30092.0,29697.0,29290.0,29045.0,26146.0,26696.0,28181.0,27285.0,26139.0
서귀포시 - 농가인구,Statistics,48586.0,47171.0,44751.0,45001.0,39755.0,34990.0,35221.0,34068.0,33303.0,31901.0,29399.0,30802.0,29741.0,27754.0
서산시 - 농가인구,Statistics,33007.0,32801.0,30619.0,29958.0,28243.0,26822.0,22925.0,21375.0,20173.0,24141.0,23163.0,22076.0,22105.0,20388.0
서울시부 - 농가인구,Statistics,11768.0,9927.0,9164.0,8689.0,11555.0,9599.0,9374.0,8605.0,7586.0,21897.0,15767.0,14475.0,13667.0,12298.0
서울특별시 - 농가인구,Statistics,11768.0,9927.0,9164.0,8689.0,11555.0,9599.0,9374.0,8605.0,7586.0,21897.0,15767.0,14475.0,13667.0,12298.0
서천군 - 농가인구,Statistics,16224.0,15689.0,14270.0,13994.0,14651.0,11485.0,13166.0,14156.0,13815.0,12146.0,14138.0,13138.0,12325.0,11422.0
성남시 - 농가인구,Statistics,3608.0,3512.0,3482.0,3386.0,3229.0,2769.0,2924.0,2581.0,2293.0,4105.0,2740.0,2881.0,2743.0,2752.0
성주군 - 농가인구,Statistics,19057.0,19150.0,18587.0,18615.0,13896.0,14244.0,14277.0,13868.0,13654.0,11097.0,13042.0,12778.0,12380.0,12097.0
세종특별자치시 - 농가인구,Statistics,,,,15312.0,16335.0,14982.0,14821.0,14268.0,13587.0,17063.0,15348.0,13789.0,13721.0,13477.0
속초시 - 농가인구,Statistics,2570.0,2777.0,2665.0,2910.0,2730.0,2829.0,2624.0,2549.0,2492.0,2461.0,2577.0,2555.0,2441.0,2306.0
수원시 - 농가인구,Statistics,9961.0,9587.0,9317.0,8849.0,10314.0,9428.0,9036.0,8412.0,8213.0,15141.0,11878.0,10521.0,9892.0,9726.0
순창군 - 농가인구,Statistics,11696.0,11688.0,11227.0,11548.0,10233.0,10485.0,10046.0,9895.0,9012.0,9440.0,8344.0,8830.0,8381.0,7893.0
순천시 - 농가인구,Statistics,32784.0,32296.0,33811.0,32040.0,24987.0,25373.0,26104.0,24376.0,24211.0,26052.0,28155.0,26042.0,25018.0,21926.0
시흥시 - 농가인구,Statistics,6644.0,6366.0,5974.0,5787.0,5535.0,4940.0,4868.0,4643.0,4524.0,4679.0,4601.0,3603.0,3285.0,3132.0
신안군 - 농가인구,Statistics,17041.0,16762.0,17200.0,16769.0,14722.0,15548.0,15434.0,15436.0,14831.0,12282.0,13508.0,13124.0,13127.0,12468.0
아산시 - 농가인구,Statistics,30090.0,28845.0,27557.0,26755.0,23232.0,21662.0,21264.0,20971.0,20231.0,19952.0,17652.0,17321.0,17218.0,16382.0
안동시 - 농가인구,Statistics,34070.0,32970.0,33479.0,33022.0,30854.0,31299.0,28907.0,27462.0,27157.0,25171.0,24401.0,23025.0,21213.0,20742.0
안산시 - 농가인구,Statistics,6030.0,5947.0,5606.0,5651.0,5533.0,5283.0,5097.0,4721.0,4449.0,5127.0,4663.0,3921.0,3880.0,3635.0
안성시 - 농가인구,Statistics,29953.0,29243.0,28266.0,26985.0,22766.0,21252.0,21152.0,20147.0,19882.0,19321.0,20913.0,22020.0,19983.0,19970.0
안양시 - 농가인구,Statistics,2091.0,1820.0,1666.0,1596.0,2037.0,1780.0,1722.0,1642.0,1724.0,3851.0,2702.0,2533.0,2672.0,2385.0
양구군 - 농가인구,Statistics,5566.0,5213.0,5186.0,5038.0,5358.0,5064.0,4578.0,4524.0,4603.0,5088.0,4867.0,4324.0,3964.0,4064.0
양산시 - 농가인구,Statistics,8408.0,8472.0,8285.0,7808.0,7666.0,6445.0,5705.0,5651.0,5345.0,8464.0,6616.0,6117.0,5809.0,5494.0
양양군 - 농가인구,Statistics,8046.0,7619.0,7686.0,7619.0,6828.0,7428.0,6956.0,6761.0,5885.0,5885.0,5818.0,5594.0,5410.0,5217.0
양주시 - 농가인구,Statistics,15833.0,14579.0,13889.0,13437.0,12569.0,11098.0,10847.0,10121.0,9722.0,9507.0,9162.0,8849.0,8255.0,7619.0
양평군 - 농가인구,Statistics,23954.0,23195.0,22876.0,22227.0,19026.0,17595.0,17314.0,16488.0,15185.0,14587.0,12770.0,12673.0,12270.0,12467.0
여수시 - 농가인구,Statistics,26574.0,26926.0,26706.0,25533.0,20284.0,19585.0,21022.0,19650.0,18889.0,16444.0,17626.0,17771.0,17485.0,16776.0
여주군 - 농가인구,Statistics,22724.0,21845.0,21805.0,20019.0,,,,,,,,,,
여주시 - 농가인구,Statistics,,,,,18347.0,20003.0,19984.0,18690.0,16875.0,16472.0,15598.0,15495.0,14744.0,14552.0
연기군 - 농가인구,Statistics,14522.0,14372.0,14766.0,,,,,,,,,,0.0,
연천군 - 농가인구,Statistics,10308.0,10096.0,9497.0,9000.0,8905.0,7668.0,7731.0,7415.0,7125.0,6989.0,6565.0,6584.0,6312.0,6109.0
영광군 - 농가인구,Statistics,14936.0,14719.0,15029.0,14561.0,12641.0,12707.0,13043.0,12371.0,12412.0,10468.0,12255.0,12170.0,12472.0,11288.0
영덕군 - 농가인구,Statistics,11031.0,10356.0,10280.0,9937.0,8910.0,9795.0,9265.0,8886.0,8365.0,6749.0,6793.0,6137.0,5971.0,5757.0
영동군 - 농가인구,Statistics,18049.0,17789.0,17443.0,16802.0,15806.0,15429.0,14716.0,14155.0,13954.0,12685.0,12786.0,12738.0,12550.0,12781.0
영암군 - 농가인구,Statistics,16741.0,16383.0,16604.0,16520.0,15394.0,15603.0,16134.0,16142.0,14766.0,13808.0,12554.0,14223.0,13229.0,12345.0
영양군 - 농가인구,Statistics,7816.0,7733.0,7503.0,7064.0,7154.0,6891.0,7107.0,6541.0,6389.0,5217.0,5565.0,5505.0,5384.0,5291.0
영월군 - 농가인구,Statistics,8527.0,8544.0,8144.0,8054.0,8091.0,8093.0,8217.0,8156.0,7743.0,6160.0,6820.0,6964.0,6915.0,6767.0
영주시 - 농가인구,Statistics,20486.0,19247.0,19769.0,18864.0,20589.0,18509.0,18576.0,17487.0,17363.0,17796.0,16493.0,16696.0,15746.0,14868.0
영천시 - 농가인구,Statistics,28721.0,26835.0,25942.0,24761.0,22584.0,22407.0,22355.0,21299.0,21064.0,18361.0,17104.0,16115.0,16053.0,15514.0
예산군 - 농가인구,Statistics,26587.0,26171.0,26420.0,24979.0,23744.0,24641.0,23743.0,22629.0,21210.0,20065.0,18838.0,17610.0,17023.0,16195.0
예천군 - 농가인구,Statistics,19460.0,20269.0,19748.0,19130.0,17318.0,17574.0,16690.0,16323.0,15984.0,14414.0,15391.0,15422.0,15179.0,13876.0
오산시 - 농가인구,Statistics,4001.0,4022.0,3844.0,3551.0,3672.0,3828.0,3686.0,3469.0,3379.0,4233.0,3555.0,3328.0,3019.0,2823.0
옥천군 - 농가인구,Statistics,17126.0,16179.0,15274.0,15147.0,13608.0,14459.0,13614.0,12915.0,12162.0,11283.0,10813.0,11209.0,10695.0,10815.0
옹진군 - 농가인구,Statistics,3099.0,3079.0,3156.0,3127.0,2958.0,2948.0,2840.0,2753.0,2773.0,2377.0,2780.0,2346.0,2290.0,2238.0
완도군 - 농가인구,Statistics,11496.0,11236.0,11311.0,10568.0,8312.0,8617.0,8144.0,7975.0,7628.0,7078.0,7673.0,6787.0,6284.0,6610.0
완주군 - 농가인구,Statistics,24556.0,23607.0,23066.0,22263.0,19156.0,16847.0,17352.0,17113.0,16059.0,16484.0,14716.0,15698.0,15329.0,14557.0
용인시 - 농가인구,Statistics,24408.0,25171.0,24819.0,23210.0,20807.0,18624.0,18019.0,16631.0,15224.0,19295.0,19022.0,19064.0,17700.0,17360.0
울릉군 - 농가인구,Statistics,1041.0,1040.0,1045.0,1020.0,965.0,978.0,1039.0,946.0,946.0,912.0,860.0,892.0,884.0,916.0
울산광역시 - 농가인구,Statistics,33154.0,32523.0,32114.0,29687.0,31228.0,31278.0,30577.0,28859.0,27208.0,36806.0,30584.0,29303.0,26902.0,27974.0
울산시부 - 농가인구,Statistics,12280.0,12242.0,12958.0,12168.0,13927.0,13136.0,13397.0,12350.0,11415.0,21218.0,16749.0,16424.0,14913.0,15608.0
울주군 - 농가인구,Statistics,20873.0,20281.0,19156.0,17519.0,17301.0,18142.0,17181.0,16509.0,15793.0,15588.0,13836.0,12879.0,11989.0,12367.0
울진군 - 농가인구,Statistics,10490.0,10608.0,10776.0,10444.0,9008.0,8942.0,9085.0,8032.0,8376.0,7491.0,8456.0,8058.0,8027.0,7557.0
원주시 - 농가인구,Statistics,24687.0,23270.0,23065.0,22234.0,22175.0,20465.0,19788.0,18540.0,17658.0,21336.0,21070.0,20342.0,19586.0,19099.0
음성군 - 농가인구,Statistics,17830.0,18494.0,18307.0,18149.0,16469.0,16733.0,15649.0,15507.0,15278.0,14291.0,14797.0,14257.0,14475.0,13349.0
의령군 - 농가인구,Statistics,11113.0,10319.0,10018.0,9238.0,8881.0,8876.0,7733.0,7417.0,7388.0,7004.0,7039.0,7813.0,7412.0,7038.0
의성군 - 농가인구,Statistics,26144.0,25716.0,25241.0,24550.0,22251.0,21815.0,20887.0,20731.0,19434.0,16803.0,17715.0,17365.0,15948.0,16306.0
의왕시 - 농가인구,Statistics,2659.0,2581.0,2614.0,2432.0,2431.0,1981.0,1969.0,1717.0,1525.0,2303.0,1752.0,1594.0,1623.0,1602.0
의정부시 - 농가인구,Statistics,3600.0,3468.0,3181.0,2944.0,3871.0,3405.0,3341.0,3052.0,2936.0,4003.0,3365.0,3133.0,2759.0,2705.0
이천시 - 농가인구,Statistics,27002.0,26613.0,25373.0,24584.0,22409.0,21188.0,20049.0,17437.0,16939.0,20607.0,19603.0,19701.0,19263.0,18139.0
익산시 - 농가인구,Statistics,32028.0,32386.0,29993.0,28719.0,25402.0,28863.0,26840.0,25589.0,25184.0,23398.0,21113.0,23145.0,21951.0,21300.0
인제군 - 농가인구,Statistics,7994.0,8191.0,7916.0,7328.0,7651.0,7135.0,6684.0,7137.0,6435.0,6166.0,6114.0,5626.0,5754.0,5674.0
인천광역시 - 농가인구,Statistics,36196.0,34760.0,32368.0,32089.0,32454.0,31226.0,29991.0,27642.0,27096.0,31828.0,28128.0,25757.0,24145.0,24480.0
인천시부 - 농가인구,Statistics,12766.0,11557.0,8935.0,9112.0,12000.0,11610.0,11037.0,9958.0,9216.0,14942.0,11823.0,10854.0,10154.0,9956.0
임실군 - 농가인구,Statistics,12111.0,12065.0,12129.0,11574.0,9974.0,9758.0,9621.0,9879.0,9311.0,8158.0,8981.0,6080.0,6502.0,6140.0
장성군 - 농가인구,Statistics,13310.0,13212.0,12680.0,12077.0,12692.0,11610.0,11585.0,11494.0,10973.0,11191.0,10515.0,12012.0,11615.0,10596.0
장수군 - 농가인구,Statistics,11282.0,11494.0,10985.0,10416.0,9658.0,9602.0,9150.0,8617.0,9192.0,8519.0,8815.0,6782.0,6315.0,5863.0
장흥군 - 농가인구,Statistics,14535.0,12803.0,12438.0,11539.0,11713.0,10376.0,10171.0,9736.0,9117.0,11547.0,10701.0,10737.0,10137.0,8997.0
전국 - 농가인구,Statistics,2962113.0,2911540.0,2847435.0,2751792.0,2569387.0,2496406.0,2422256.0,2314982.0,2244783.0,2314064.0,2215498.0,2165626.0,2088781.0,2003520.0
전라남도 - 농가인구,Statistics,379767.0,370614.0,370954.0,355601.0,318848.0,321395.0,315035.0,306365.0,297890.0,280060.0,290551.0,287223.0,278430.0,262957.0
전북특별자치도 - 농가인구,Statistics,259552.0,263112.0,258880.0,250581.0,227431.0,224661.0,214548.0,208600.0,204124.0,199157.0,188689.0,183295.0,179162.0,171859.0
전주시 - 농가인구,Statistics,19729.0,21538.0,25159.0,23844.0,20792.0,17901.0,17571.0,16138.0,15481.0,20756.0,17242.0,14030.0,15585.0,14806.0
정선군 - 농가인구,Statistics,9020.0,9198.0,8634.0,8358.0,7706.0,6842.0,6798.0,6395.0,6041.0,5545.0,4293.0,4148.0,4080.0,4096.0
정읍시 - 농가인구,Statistics,19079.0,19839.0,19417.0,19192.0,21129.0,22651.0,21965.0,21469.0,21521.0,20377.0,22239.0,21746.0,21497.0,20956.0
제주시 - 농가인구,Statistics,65476.0,66127.0,66994.0,64509.0,53649.0,53395.0,51242.0,48682.0,49830.0,47896.0,46149.0,43663.0,43244.0,40941.0
제주특별자치도 - 농가인구,Statistics,114062.0,113298.0,111745.0,109510.0,93404.0,88385.0,86463.0,82751.0,83133.0,79797.0,75548.0,74465.0,72985.0,68696.0
제천시 - 농가인구,Statistics,17449.0,16985.0,17049.0,17876.0,17353.0,17789.0,17331.0,16005.0,15577.0,14051.0,12695.0,13003.0,12543.0,11788.0
증평군 - 농가인구,Statistics,4352.0,4152.0,4012.0,3677.0,4017.0,3849.0,3548.0,3324.0,3196.0,3389.0,3274.0,3180.0,3094.0,2835.0
진도군 - 농가인구,Statistics,11701.0,12001.0,12392.0,11785.0,9085.0,9228.0,9210.0,8895.0,8720.0,7686.0,8616.0,8737.0,8498.0,8183.0
진안군 - 농가인구,Statistics,9928.0,9989.0,9665.0,8883.0,8546.0,8697.0,8008.0,7676.0,7511.0,6820.0,7117.0,6534.0,6459.0,6348.0
진주시 - 농가인구,Statistics,40352.0,39648.0,37984.0,37436.0,37443.0,33736.0,34230.0,32438.0,31857.0,30367.0,28545.0,28057.0,26560.0,25208.0
진천군 - 농가인구,Statistics,12749.0,13043.0,12115.0,11753.0,10909.0,11929.0,12242.0,11200.0,11346.0,7998.0,9499.0,9727.0,9650.0,9152.0
창녕군 - 농가인구,Statistics,17389.0,16953.0,15860.0,15442.0,16124.0,15486.0,14568.0,13796.0,13652.0,13464.0,12612.0,13923.0,13464.0,13283.0
창원시 - 농가인구,Statistics,26997.0,26408.0,27891.0,26970.0,27929.0,30498.0,28775.0,27315.0,26440.0,34349.0,33355.0,31624.0,29242.0,28533.0
천안시 - 농가인구,Statistics,34912.0,33207.0,33803.0,32240.0,31268.0,29257.0,29933.0,27799.0,27424.0,27245.0,22876.0,23159.0,22272.0,21433.0
철원군 - 농가인구,Statistics,11168.0,10456.0,10596.0,10010.0,10786.0,11426.0,10947.0,10245.0,10149.0,9260.0,8552.0,7977.0,7533.0,7239.0
청도군 - 농가인구,Statistics,16858.0,16984.0,16754.0,16197.0,15136.0,14690.0,15197.0,15115.0,14578.0,13649.0,11617.0,12749.0,12512.0,12407.0
청송군 - 농가인구,Statistics,10984.0,11679.0,11649.0,11440.0,10576.0,11663.0,11266.0,11037.0,10568.0,10243.0,10474.0,11034.0,10442.0,10349.0
청양군 - 농가인구,Statistics,13839.0,13698.0,13257.0,13026.0,14960.0,13354.0,12796.0,12264.0,12014.0,12933.0,11506.0,11279.0,11026.0,10520.0
청원군 - 농가인구,Statistics,32106.0,31400.0,29771.0,24611.0,,,,,,,,,,
청주시 - 농가인구,Statistics,22525.0,20726.0,21796.0,20346.0,42574.0,45264.0,44290.0,41421.0,41172.0,38113.0,40044.0,40508.0,35614.0,33519.0
춘천시 - 농가인구,Statistics,16323.0,15671.0,15272.0,15020.0,16902.0,14470.0,13110.0,12513.0,13017.0,16143.0,15580.0,14767.0,14340.0,14332.0
충주시 - 농가인구,Statistics,29054.0,28047.0,27143.0,26697.0,26169.0,25525.0,23700.0,22408.0,22397.0,20202.0,20703.0,21042.0,20424.0,19747.0
충청남도 - 농가인구,Statistics,378094.0,367944.0,356158.0,328993.0,308455.0,296801.0,288800.0,276426.0,263124.0,266509.0,252078.0,242326.0,237723.0,225083.0
충청북도 - 농가인구,Statistics,207174.0,202735.0,197410.0,187752.0,178248.0,180565.0,173436.0,164387.0,162083.0,147904.0,151793.0,152749.0,145053.0,139900.0
칠곡군 - 농가인구,Statistics,13974.0,14353.0,14264.0,13708.0,12146.0,12251.0,11805.0,11076.0,10754.0,11287.0,9136.0,9222.0,8556.0,8990.0
태백시 - 농가인구,Statistics,1582.0,1503.0,1323.0,1189.0,1575.0,1612.0,1489.0,1463.0,1456.0,1479.0,1466.0,1453.0,1379.0,1365.0
태안군 - 농가인구,Statistics,19274.0,18856.0,19665.0,18816.0,15720.0,15388.0,15266.0,15733.0,14525.0,13380.0,13969.0,13399.0,12868.0,11935.0
통영시 - 농가인구,Statistics,8394.0,8710.0,8027.0,7942.0,7684.0,7901.0,8087.0,8009.0,7589.0,7016.0,6273.0,6576.0,6390.0,6291.0
파주시 - 농가인구,Statistics,27299.0,25975.0,24232.0,23621.0,22068.0,20398.0,19584.0,18911.0,18519.0,16722.0,16522.0,17547.0,17007.0,16145.0
평창군 - 농가인구,Statistics,11800.0,11917.0,11803.0,11680.0,10438.0,10644.0,10276.0,10002.0,9770.0,8452.0,8818.0,8470.0,8270.0,7886.0
평택시 - 농가인구,Statistics,33561.0,32394.0,30478.0,29054.0,27174.0,23392.0,22192.0,21037.0,20153.0,22752.0,19198.0,19020.0,17233.0,17594.0
포천시 - 농가인구,Statistics,20714.0,20303.0,19798.0,19009.0,17712.0,14788.0,14310.0,14352.0,13836.0,14270.0,14012.0,13604.0,12969.0,12520.0
포항시 - 농가인구,Statistics,33808.0,33692.0,32278.0,32153.0,29305.0,26948.0,26740.0,24903.0,25085.0,30709.0,28546.0,29252.0,28139.0,26529.0
하남시 - 농가인구,Statistics,4659.0,4285.0,4420.0,4381.0,4001.0,4203.0,3867.0,3054.0,2699.0,2877.0,1954.0,2033.0,2050.0,1836.0
하동군 - 농가인구,Statistics,18834.0,17747.0,17140.0,16942.0,14728.0,14329.0,14559.0,14407.0,13988.0,13111.0,11382.0,11866.0,11681.0,11180.0
함안군 - 농가인구,Statistics,14704.0,14610.0,14235.0,13830.0,12287.0,11804.0,11737.0,11299.0,11042.0,10911.0,10117.0,9687.0,9645.0,8860.0
함양군 - 농가인구,Statistics,15542.0,16143.0,15031.0,14273.0,14862.0,14030.0,12790.0,12168.0,12148.0,11513.0,8921.0,8809.0,8947.0,8725.0
함평군 - 농가인구,Statistics,14900.0,14590.0,14131.0,13335.0,12158.0,13177.0,11989.0,11994.0,11482.0,10705.0,11459.0,11042.0,10822.0,10702.0
합천군 - 농가인구,Statistics,19940.0,19756.0,19347.0,18941.0,16224.0,14505.0,13434.0,13350.0,13149.0,13403.0,12611.0,13567.0,12231.0,11377.0
해남군 - 농가인구,Statistics,24017.0,23962.0,23470.0,22572.0,22032.0,19562.0,19195.0,19231.0,19525.0,18754.0,23353.0,22033.0,19613.0,18958.0
홍성군 - 농가인구,Statistics,26685.0,26422.0,24815.0,23686.0,22243.0,18474.0,18029.0,17289.0,16281.0,21265.0,20280.0,19765.0,19501.0,19163.0
홍천군 - 농가인구,Statistics,17791.0,17415.0,17334.0,17004.0,17523.0,17748.0,17000.0,16500.0,15274.0,15034.0,15800.0,14978.0,14183.0,13969.0
화성시 - 농가인구,Statistics,39443.0,41869.0,39518.0,39168.0,32763.0,31589.0,32073.0,30404.0,29567.0,26340.0,24132.0,24191.0,24161.0,22503.0
화순군 - 농가인구,Statistics,16322.0,15614.0,14953.0,13885.0,14326.0,13469.0,12416.0,11468.0,10856.0,11603.0,11470.0,10895.0,11348.0,10133.0
화천군 - 농가인구,Statistics,4850.0,4633.0,4740.0,4604.0,5156.0,5244.0,4620.0,4302.0,3989.0,3955.0,3714.0,3824.0,3663.0,3536.0
횡성군 - 농가인구,Statistics,13668.0,13609.0,13440.0,12924.0,13280.0,13929.0,12962.0,12675.0,12472.0,10926.0,11765.0,12071.0,11670.0,11146.0
