item,category,2008,2010,2012,2014,2016,2018,2020,2022,2024
강원 - 계 - 계,Statistics,100.0,100.0,100.0,100.0,100.0,100.0,100.0,100.0,100.0
강원 - 계 - 기타,Statistics,0.4,,0.4,0.6,,,,,
강원 - 계 - 딸 또는 사위,Statistics,3.3,0.8,2.2,2.1,1.7,1.7,,,
강원 - 계 - 모든 자녀(아들과 딸),Statistics,23.6,23.5,25.1,25.6,20.6,27.2,,,
강원 - 계 - 부모님 스스로 해결,Statistics,43.6,41.4,50.5,52.4,58.9,55.3,71.558,72.897,74.925
강원 - 계 - 부모님의 자녀(며느리 사위 포함) 또는 친척,Statistics,,,,,,,23.86,24.05,20.662
강원 - 계 - 아들(장남 포함) 또는 며느리,Statistics,12.0,13.9,9.3,8.7,9.7,7.5,,,
강원 - 계 - 장남 또는 맏며느리,Statistics,17.1,20.5,12.5,10.6,9.1,8.2,,,
강원 - 계 - 정부 및 사회단체,Statistics,,,,,,,4.582,3.053,4.412
경기 - 계 - 계,Statistics,100.0,100.0,100.0,100.0,100.0,100.0,100.0,100.0,100.0
경기 - 계 - 기타,Statistics,0.6,0.1,0.3,0.2,,0.1,,0.051,0.19
경기 - 계 - 딸 또는 사위,Statistics,2.1,1.9,2.4,2.1,2.0,1.8,,,
경기 - 계 - 모든 자녀(아들과 딸),Statistics,26.1,28.1,29.3,33.6,31.0,29.8,,,
경기 - 계 - 부모님 스스로 해결,Statistics,46.1,48.4,49.0,45.8,49.7,54.1,68.34,72.577,71.398
경기 - 계 - 부모님의 자녀(며느리 사위 포함) 또는 친척,Statistics,,,,,,,28.496,24.133,24.022
경기 - 계 - 아들(장남 포함) 또는 며느리,Statistics,9.7,11.1,8.9,8.9,8.7,7.7,,,
경기 - 계 - 장남 또는 맏며느리,Statistics,15.4,10.3,10.1,9.5,8.6,6.5,,,
경기 - 계 - 정부 및 사회단체,Statistics,,,,,,,3.164,3.238,4.39
경남 - 계 - 계,Statistics,100.0,100.0,100.0,100.0,100.0,100.0,100.0,100.0,100.0
경남 - 계 - 기타,Statistics,0.7,0.4,0.1,0.2,0.3,0.2,,,
경남 - 계 - 딸 또는 사위,Statistics,1.7,1.0,2.7,3.4,1.8,2.8,,,
경남 - 계 - 모든 자녀(아들과 딸),Statistics,25.8,27.1,30.6,28.3,31.3,27.5,,,
경남 - 계 - 부모님 스스로 해결,Statistics,43.8,41.6,44.2,46.2,48.8,51.7,69.595,68.519,72.843
경남 - 계 - 부모님의 자녀(며느리 사위 포함) 또는 친척,Statistics,,,,,,,26.952,26.846,23.09
경남 - 계 - 아들(장남 포함) 또는 며느리,Statistics,13.8,12.9,10.5,12.9,9.2,8.6,,,
경남 - 계 - 장남 또는 맏며느리,Statistics,14.1,17.0,12.0,8.9,8.6,9.3,,,
경남 - 계 - 정부 및 사회단체,Statistics,,,,,,,3.454,4.635,4.067
경북 - 계 - 계,Statistics,100.0,100.0,100.0,100.0,100.0,100.0,100.0,100.0,100.0
경북 - 계 - 기타,Statistics,0.4,0.1,0.4,0.4,,0.2,,,
경북 - 계 - 딸 또는 사위,Statistics,1.4,1.9,1.3,2.1,2.0,1.7,,,
경북 - 계 - 모든 자녀(아들과 딸),Statistics,23.2,24.3,22.5,21.6,32.3,24.0,,,
경북 - 계 - 부모님 스스로 해결,Statistics,48.0,46.0,49.9,49.0,49.4,57.4,69.812,69.31,68.604
경북 - 계 - 부모님의 자녀(며느리 사위 포함) 또는 친척,Statistics,,,,,,,23.848,24.373,24.07
경북 - 계 - 아들(장남 포함) 또는 며느리,Statistics,11.8,12.4,11.2,11.9,6.5,8.7,,,
경북 - 계 - 장남 또는 맏며느리,Statistics,15.2,15.3,14.7,15.0,9.9,8.0,,,
경북 - 계 - 정부 및 사회단체,Statistics,,,,,,,6.34,6.317,7.327
광주 - 계 - 계,Statistics,100.0,100.0,100.0,100.0,100.0,100.0,100.0,100.0,100.0
광주 - 계 - 기타,Statistics,0.9,0.9,0.5,,,,,,
광주 - 계 - 딸 또는 사위,Statistics,1.0,2.3,2.3,1.9,2.0,2.0,,,
광주 - 계 - 모든 자녀(아들과 딸),Statistics,28.7,25.9,25.7,29.0,23.9,23.6,,,
광주 - 계 - 부모님 스스로 해결,Statistics,50.3,49.3,54.9,55.1,58.2,65.1,72.521,73.324,74.751
광주 - 계 - 부모님의 자녀(며느리 사위 포함) 또는 친척,Statistics,,,,,,,21.666,23.386,20.762
광주 - 계 - 아들(장남 포함) 또는 며느리,Statistics,8.7,11.5,7.7,7.0,9.1,3.0,,,
광주 - 계 - 장남 또는 맏며느리,Statistics,10.3,10.0,8.9,6.9,6.7,6.3,,,
광주 - 계 - 정부 및 사회단체,Statistics,,,,,,,5.813,3.29,4.487
대구 - 계 - 계,Statistics,100.0,100.0,100.0,100.0,100.0,100.0,100.0,100.0,100.0
대구 - 계 - 기타,Statistics,0.5,0.3,,0.9,,,0.204,,
대구 - 계 - 딸 또는 사위,Statistics,1.4,1.0,2.0,3.1,1.8,0.9,,,
대구 - 계 - 모든 자녀(아들과 딸),Statistics,21.4,23.4,27.6,24.9,29.1,31.3,,,
대구 - 계 - 부모님 스스로 해결,Statistics,46.2,51.5,47.4,48.5,50.1,55.0,71.78,73.702,65.055
대구 - 계 - 부모님의 자녀(며느리 사위 포함) 또는 친척,Statistics,,,,,,,23.527,22.698,31.775
대구 - 계 - 아들(장남 포함) 또는 며느리,Statistics,11.2,7.2,9.6,11.9,9.5,5.4,,,
대구 - 계 - 장남 또는 맏며느리,Statistics,19.3,16.5,13.4,10.7,9.6,7.4,,,
대구 - 계 - 정부 및 사회단체,Statistics,,,,,,,4.489,3.6,3.171
대전 - 계 - 계,Statistics,100.0,100.0,100.0,100.0,100.0,100.0,100.0,100.0,100.0
대전 - 계 - 기타,Statistics,,0.3,0.6,,,0.6,,,
대전 - 계 - 딸 또는 사위,Statistics,2.0,1.8,1.9,3.2,1.6,2.9,,,
대전 - 계 - 모든 자녀(아들과 딸),Statistics,24.6,26.6,24.6,25.3,24.2,22.9,,,
대전 - 계 - 부모님 스스로 해결,Statistics,50.4,49.1,52.4,53.9,55.0,62.1,73.0,73.387,72.736
대전 - 계 - 부모님의 자녀(며느리 사위 포함) 또는 친척,Statistics,,,,,,,22.553,20.721,22.381
대전 - 계 - 아들(장남 포함) 또는 며느리,Statistics,11.9,12.2,8.2,9.0,9.5,4.7,,,
대전 - 계 - 장남 또는 맏며느리,Statistics,11.1,10.0,12.3,8.5,9.7,6.8,,,
대전 - 계 - 정부 및 사회단체,Statistics,,,,,,,4.447,5.892,4.883
부산 - 계 - 계,Statistics,100.0,100.0,100.0,100.0,100.0,100.0,100.0,100.0,100.0
부산 - 계 - 기타,Statistics,1.4,0.7,0.3,0.5,,0.2,,,
부산 - 계 - 딸 또는 사위,Statistics,1.6,3.1,2.7,2.9,3.3,2.5,,,
부산 - 계 - 모든 자녀(아들과 딸),Statistics,28.3,26.9,25.8,31.6,26.4,29.1,,,
부산 - 계 - 부모님 스스로 해결,Statistics,39.3,43.2,44.2,43.6,50.2,51.3,63.282,65.62,62.761
부산 - 계 - 부모님의 자녀(며느리 사위 포함) 또는 친척,Statistics,,,,,,,32.718,30.256,32.782
부산 - 계 - 아들(장남 포함) 또는 며느리,Statistics,12.5,13.8,11.8,7.9,7.8,6.5,,,
부산 - 계 - 장남 또는 맏며느리,Statistics,17.0,12.4,15.2,13.4,12.5,10.3,,,
부산 - 계 - 정부 및 사회단체,Statistics,,,,,,,4.001,4.125,4.458
서울 - 계 - 계,Statistics,100.0,100.0,100.0,100.0,100.0,100.0,100.0,100.0,100.0
서울 - 계 - 기타,Statistics,0.1,0.4,0.4,,,,0.135,0.091,
서울 - 계 - 딸 또는 사위,Statistics,1.7,1.6,2.5,2.9,3.0,2.4,,,
서울 - 계 - 모든 자녀(아들과 딸),Statistics,28.5,24.3,25.5,22.4,22.6,23.5,,,
서울 - 계 - 부모님 스스로 해결,Statistics,48.7,52.7,52.6,58.2,58.4,61.3,72.94,74.033,76.443
서울 - 계 - 부모님의 자녀(며느리 사위 포함) 또는 친척,Statistics,,,,,,,23.973,23.195,21.252
서울 - 계 - 아들(장남 포함) 또는 며느리,Statistics,8.3,9.7,10.2,8.3,8.3,6.5,,,
서울 - 계 - 장남 또는 맏며느리,Statistics,12.8,11.3,8.9,8.1,7.7,6.2,,,
서울 - 계 - 정부 및 사회단체,Statistics,,,,,,,2.952,2.681,2.305
세종 - 계 - 계,Statistics,,,,,100.0,100.0,100.0,100.0,100.0
세종 - 계 - 기타,Statistics,,,,,,,,0.335,
세종 - 계 - 딸 또는 사위,Statistics,,,,,2.0,2.4,,,
세종 - 계 - 모든 자녀(아들과 딸),Statistics,,,,,30.6,21.9,,,
세종 - 계 - 부모님 스스로 해결,Statistics,,,,,52.9,62.4,76.855,78.287,80.855
세종 - 계 - 부모님의 자녀(며느리 사위 포함) 또는 친척,Statistics,,,,,,,19.364,17.545,14.889
세종 - 계 - 아들(장남 포함) 또는 며느리,Statistics,,,,,7.0,6.0,,,
세종 - 계 - 장남 또는 맏며느리,Statistics,,,,,7.4,7.2,,,
세종 - 계 - 정부 및 사회단체,Statistics,,,,,,,3.78,3.833,4.256
울산 - 계 - 계,Statistics,100.0,100.0,100.0,100.0,100.0,100.0,100.0,100.0,100.0
울산 - 계 - 기타,Statistics,0.2,,0.4,0.2,0.6,,,,
울산 - 계 - 딸 또는 사위,Statistics,1.7,2.2,1.1,0.6,2.8,2.8,,,
울산 - 계 - 모든 자녀(아들과 딸),Statistics,27.4,24.5,34.3,24.3,32.3,28.4,,,
울산 - 계 - 부모님 스스로 해결,Statistics,42.9,46.6,44.6,53.3,46.6,52.5,67.906,72.115,75.243
울산 - 계 - 부모님의 자녀(며느리 사위 포함) 또는 친척,Statistics,,,,,,,28.118,24.059,21.354
울산 - 계 - 아들(장남 포함) 또는 며느리,Statistics,10.2,15.5,7.4,9.4,10.3,8.9,,,
울산 - 계 - 장남 또는 맏며느리,Statistics,17.6,11.2,12.2,12.1,7.4,7.4,,,
울산 - 계 - 정부 및 사회단체,Statistics,,,,,,,3.976,3.826,3.402
인천 - 계 - 계,Statistics,100.0,100.0,100.0,100.0,100.0,100.0,100.0,100.0,100.0
인천 - 계 - 기타,Statistics,1.0,0.6,0.3,0.5,0.7,,,,0.105
인천 - 계 - 딸 또는 사위,Statistics,2.7,1.5,2.7,3.4,2.2,3.8,,,
인천 - 계 - 모든 자녀(아들과 딸),Statistics,24.1,27.6,31.0,29.8,29.1,29.1,,,
인천 - 계 - 부모님 스스로 해결,Statistics,43.5,45.4,44.7,46.9,49.6,50.0,65.052,70.997,70.36
인천 - 계 - 부모님의 자녀(며느리 사위 포함) 또는 친척,Statistics,,,,,,,29.41,24.624,23.525
인천 - 계 - 아들(장남 포함) 또는 며느리,Statistics,13.0,11.4,8.7,7.7,9.9,9.5,,,
인천 - 계 - 장남 또는 맏며느리,Statistics,15.7,13.5,12.6,11.8,8.6,7.5,,,
인천 - 계 - 정부 및 사회단체,Statistics,,,,,,,5.538,4.379,6.01
전국 - 계 - 계,Statistics,100.0,100.0,100.0,100.0,100.0,100.0,100.0,100.0,100.0
전국 - 계 - 기타,Statistics,0.5,0.3,0.4,0.3,0.1,0.1,0.044,0.034,0.065
전국 - 계 - 딸 또는 사위,Statistics,1.9,1.8,2.3,2.6,2.3,2.3,,,
전국 - 계 - 모든 자녀(아들과 딸),Statistics,25.9,26.1,27.6,27.7,27.5,27.2,,,
전국 - 계 - 부모님 스스로 해결,Statistics,46.6,48.0,48.9,50.2,52.6,55.5,69.539,71.656,71.778
전국 - 계 - 부모님의 자녀(며느리 사위 포함) 또는 친척,Statistics,,,,,,,26.623,24.618,23.989
전국 - 계 - 아들(장남 포함) 또는 며느리,Statistics,10.5,11.3,9.7,9.1,8.7,7.4,,,
전국 - 계 - 장남 또는 맏며느리,Statistics,14.6,12.4,11.2,10.1,8.8,7.5,,,
전국 - 계 - 정부 및 사회단체,Statistics,,,,,,,3.794,3.693,4.169
전남 - 계 - 계,Statistics,100.0,100.0,100.0,100.0,100.0,100.0,100.0,100.0,100.0
전남 - 계 - 기타,Statistics,0.5,0.1,0.6,0.4,,0.1,,,
전남 - 계 - 딸 또는 사위,Statistics,1.1,1.3,1.5,2.9,4.1,3.0,,,
전남 - 계 - 모든 자녀(아들과 딸),Statistics,23.9,27.5,27.1,32.0,29.7,26.3,,,
전남 - 계 - 부모님 스스로 해결,Statistics,43.4,45.1,42.5,39.7,42.5,47.3,61.32,67.177,63.224
전남 - 계 - 부모님의 자녀(며느리 사위 포함) 또는 친척,Statistics,,,,,,,33.75,27.492,29.244
전남 - 계 - 아들(장남 포함) 또는 며느리,Statistics,15.3,11.1,10.8,10.3,9.2,10.1,,,
전남 - 계 - 장남 또는 맏며느리,Statistics,15.9,14.9,17.5,14.7,14.6,13.2,,,
전남 - 계 - 정부 및 사회단체,Statistics,,,,,,,4.93,5.332,7.532
전북 - 계 - 계,Statistics,100.0,100.0,100.0,100.0,100.0,100.0,100.0,100.0,100.0
전북 - 계 - 기타,Statistics,0.4,0.4,0.5,0.3,,,,,0.217
전북 - 계 - 딸 또는 사위,Statistics,2.0,2.3,0.8,2.8,2.6,2.3,,,
전북 - 계 - 모든 자녀(아들과 딸),Statistics,27.1,28.9,30.9,25.3,26.8,28.4,,,
전북 - 계 - 부모님 스스로 해결,Statistics,46.2,43.9,43.2,55.6,56.6,52.0,68.212,64.161,68.226
전북 - 계 - 부모님의 자녀(며느리 사위 포함) 또는 친척,Statistics,,,,,,,29.006,30.878,25.875
전북 - 계 - 아들(장남 포함) 또는 며느리,Statistics,12.1,12.5,13.3,6.0,7.5,9.9,,,
전북 - 계 - 장남 또는 맏며느리,Statistics,12.2,11.9,11.3,9.9,6.5,7.5,,,
전북 - 계 - 정부 및 사회단체,Statistics,,,,,,,2.781,4.962,5.682
제주 - 계 - 계,Statistics,100.0,100.0,100.0,100.0,100.0,100.0,100.0,100.0,100.0
제주 - 계 - 기타,Statistics,0.4,0.7,0.3,2.0,,,0.526,,
제주 - 계 - 딸 또는 사위,Statistics,2.1,1.7,2.5,1.7,0.6,2.7,,,
제주 - 계 - 모든 자녀(아들과 딸),Statistics,17.7,18.0,21.1,23.0,22.8,20.7,,,
제주 - 계 - 부모님 스스로 해결,Statistics,62.4,61.4,59.9,63.7,62.5,61.3,77.755,77.489,79.633
제주 - 계 - 부모님의 자녀(며느리 사위 포함) 또는 친척,Statistics,,,,,,,16.919,18.135,16.817
제주 - 계 - 아들(장남 포함) 또는 며느리,Statistics,7.0,8.5,8.3,4.6,7.2,8.1,,,
제주 - 계 - 장남 또는 맏며느리,Statistics,10.5,9.8,7.8,5.0,6.9,7.1,,,
제주 - 계 - 정부 및 사회단체,Statistics,,,,,,,4.8,4.376,3.55
충남 - 계 - 계,Statistics,100.0,100.0,100.0,100.0,100.0,100.0,100.0,100.0,100.0
충남 - 계 - 기타,Statistics,0.4,0.1,0.5,0.3,0.1,0.1,,,
충남 - 계 - 딸 또는 사위,Statistics,0.7,2.4,1.9,1.2,1.0,2.3,,,
충남 - 계 - 모든 자녀(아들과 딸),Statistics,21.6,24.8,29.3,28.1,24.7,30.0,,,
충남 - 계 - 부모님 스스로 해결,Statistics,54.6,45.9,48.8,48.1,57.1,49.1,69.225,72.79,73.98
충남 - 계 - 부모님의 자녀(며느리 사위 포함) 또는 친척,Statistics,,,,,,,27.833,24.45,23.174
충남 - 계 - 아들(장남 포함) 또는 며느리,Statistics,8.9,13.6,9.9,9.8,8.6,9.0,,,
충남 - 계 - 장남 또는 맏며느리,Statistics,13.9,13.1,9.5,12.4,8.5,9.5,,,
충남 - 계 - 정부 및 사회단체,Statistics,,,,,,,2.942,2.76,2.847
충북 - 계 - 계,Statistics,100.0,100.0,100.0,100.0,100.0,100.0,100.0,100.0,100.0
충북 - 계 - 기타,Statistics,,1.1,0.7,0.6,0.4,0.2,,,
충북 - 계 - 딸 또는 사위,Statistics,2.7,2.4,3.0,3.0,1.6,2.6,,,
충북 - 계 - 모든 자녀(아들과 딸),Statistics,22.9,28.1,29.2,22.2,28.3,26.0,,,
충북 - 계 - 부모님 스스로 해결,Statistics,48.7,44.9,49.4,54.6,46.9,55.6,70.596,69.746,70.103
충북 - 계 - 부모님의 자녀(며느리 사위 포함) 또는 친척,Statistics,,,,,,,25.171,27.496,26.038
충북 - 계 - 아들(장남 포함) 또는 며느리,Statistics,10.9,11.9,8.1,10.2,12.3,6.5,,,
충북 - 계 - 장남 또는 맏며느리,Statistics,14.8,11.6,9.8,9.4,10.4,9.1,,,
충북 - 계 - 정부 및 사회단체,Statistics,,,,,,,4.232,2.759,3.859
