item,category,2009,2011,2013,2015,2017,2019,2021,2023
강원특별자치도 - 계 - - 가족 및 친지 방문,Statistics,9.1,12.7,12.5,8.5,5.6,4.8,20.123,13.403
강원특별자치도 - 계 - - 관광,Statistics,81.2,76.0,82.5,85.9,89.8,92.2,50.117,85.29
강원특별자치도 - 계 - - 교육,Statistics,2.9,6.9,5.5,4.0,4.5,2.5,30.915,3.359
강원특별자치도 - 계 - - 업무,Statistics,15.6,13.6,10.4,7.9,6.0,7.5,12.796,8.703
강원특별자치도 - 계 - · 가족 및 친지방문 여행자 1인당 여행횟수(평균),Statistics,2.9,1.5,2.5,1.5,1.4,1.5,1.0,1.609
강원특별자치도 - 계 - · 관광여행자 1인당 여행횟수(평균),Statistics,1.3,1.3,1.4,1.4,1.4,1.5,1.967,1.431
강원특별자치도 - 계 - · 교육여행자 1인당 여행횟수(평균),Statistics,1.7,1.4,1.3,1.0,1.2,1.6,1.0,1.0
강원특별자치도 - 계 - · 업무여행자 1인당 여행횟수(평균),Statistics,2.1,2.3,1.5,2.0,1.7,2.1,1.0,1.745
강원특별자치도 - 계 - 계,Statistics,100.0,100.0,100.0,100.0,100.0,100.0,100.0,100.0
강원특별자치도 - 계 - 해외여행 한 적 없음,Statistics,89.9,90.1,85.1,82.4,78.0,74.9,99.614,
강원특별자치도 - 계 - 해외여행 한 적 있음,Statistics,10.1,9.9,14.9,17.6,22.0,25.1,0.386,12.795
경기도 - 계 - - 가족 및 친지 방문,Statistics,10.7,14.3,12.2,9.8,8.1,8.4,28.385,13.91
경기도 - 계 - - 관광,Statistics,66.9,66.3,75.7,77.7,86.2,89.1,37.273,79.605
경기도 - 계 - - 교육,Statistics,5.3,7.3,4.5,2.8,2.9,2.1,6.385,2.605
경기도 - 계 - - 업무,Statistics,28.4,22.7,20.6,20.7,12.9,9.9,35.685,13.924
경기도 - 계 - · 가족 및 친지방문 여행자 1인당 여행횟수(평균),Statistics,1.5,2.0,2.4,1.9,1.5,1.8,2.037,1.869
경기도 - 계 - · 관광여행자 1인당 여행횟수(평균),Statistics,1.4,1.4,1.5,1.4,1.5,1.5,1.929,1.642
경기도 - 계 - · 교육여행자 1인당 여행횟수(평균),Statistics,1.0,1.4,1.2,1.5,1.6,1.7,1.264,1.352
경기도 - 계 - · 업무여행자 1인당 여행횟수(평균),Statistics,2.7,2.6,2.5,2.6,2.6,2.7,1.594,2.186
경기도 - 계 - 계,Statistics,100.0,100.0,100.0,100.0,100.0,100.0,100.0,100.0
경기도 - 계 - 해외여행 한 적 없음,Statistics,84.8,81.9,81.1,77.3,71.0,66.1,98.79,
경기도 - 계 - 해외여행 한 적 있음,Statistics,15.2,18.1,18.9,22.7,29.0,33.9,1.21,17.73
경상남도 - 계 - - 가족 및 친지 방문,Statistics,12.4,14.4,8.6,9.0,6.5,6.0,23.975,12.62
경상남도 - 계 - - 관광,Statistics,73.5,69.2,76.0,81.4,89.7,90.5,59.514,81.425
경상남도 - 계 - - 교육,Statistics,4.7,7.7,6.2,5.4,2.4,2.8,16.512,2.662
경상남도 - 계 - - 업무,Statistics,17.3,13.0,17.3,14.7,7.8,7.8,6.814,9.856
경상남도 - 계 - · 가족 및 친지방문 여행자 1인당 여행횟수(평균),Statistics,1.9,1.7,2.6,1.5,1.7,1.9,2.03,1.551
경상남도 - 계 - · 관광여행자 1인당 여행횟수(평균),Statistics,1.3,1.4,1.3,1.4,1.6,1.6,1.878,1.587
경상남도 - 계 - · 교육여행자 1인당 여행횟수(평균),Statistics,1.1,1.2,1.1,1.2,1.1,1.6,1.0,1.168
경상남도 - 계 - · 업무여행자 1인당 여행횟수(평균),Statistics,1.7,2.6,3.0,2.9,3.2,2.3,2.0,1.885
경상남도 - 계 - 계,Statistics,100.0,100.0,100.0,100.0,100.0,100.0,100.0,100.0
경상남도 - 계 - 해외여행 한 적 없음,Statistics,90.1,89.8,84.3,83.5,77.2,71.5,99.435,
경상남도 - 계 - 해외여행 한 적 있음,Statistics,9.9,10.2,15.7,16.5,22.8,28.5,0.565,11.409
경상북도 - 계 - - 가족 및 친지 방문,Statistics,12.0,10.5,7.5,4.4,4.7,5.9,53.337,15.261
경상북도 - 계 - - 관광,Statistics,73.3,72.1,86.1,88.4,90.3,89.9,42.202,82.344
경상북도 - 계 - - 교육,Statistics,4.5,11.1,3.8,5.5,1.9,3.4,,1.215
경상북도 - 계 - - 업무,Statistics,20.7,17.1,5.2,8.8,7.2,6.5,11.767,11.561
경상북도 - 계 - · 가족 및 친지방문 여행자 1인당 여행횟수(평균),Statistics,1.7,2.6,2.8,2.3,1.7,2.5,1.311,2.463
경상북도 - 계 - · 관광여행자 1인당 여행횟수(평균),Statistics,1.2,1.5,1.3,1.4,1.4,1.6,1.346,2.293
경상북도 - 계 - · 교육여행자 1인당 여행횟수(평균),Statistics,1.6,1.5,1.3,1.3,1.4,1.4,,2.036
경상북도 - 계 - · 업무여행자 1인당 여행횟수(평균),Statistics,1.7,2.3,1.7,1.7,3.0,3.6,1.0,2.518
경상북도 - 계 - 계,Statistics,100.0,100.0,100.0,100.0,100.0,100.0,100.0,100.0
경상북도 - 계 - 해외여행 한 적 없음,Statistics,89.8,89.3,87.9,87.7,80.4,75.4,99.384,
경상북도 - 계 - 해외여행 한 적 있음,Statistics,10.2,10.7,12.1,12.3,19.6,24.6,0.616,9.33
광주광역시 - 계 - - 가족 및 친지 방문,Statistics,8.5,13.8,11.3,8.9,4.1,5.8,18.843,7.237
광주광역시 - 계 - - 관광,Statistics,77.7,72.9,77.1,79.4,89.9,87.4,74.065,94.077
광주광역시 - 계 - - 교육,Statistics,9.0,7.2,4.7,7.4,2.3,4.0,7.091,1.236
광주광역시 - 계 - - 업무,Statistics,20.0,10.9,15.9,14.5,8.3,8.3,7.091,6.07
광주광역시 - 계 - · 가족 및 친지방문 여행자 1인당 여행횟수(평균),Statistics,1.9,1.9,2.1,2.0,1.4,2.0,2.278,1.601
광주광역시 - 계 - · 관광여행자 1인당 여행횟수(평균),Statistics,1.4,1.3,1.4,1.5,1.3,1.5,1.751,1.454
광주광역시 - 계 - · 교육여행자 1인당 여행횟수(평균),Statistics,1.3,1.4,1.4,1.4,1.2,1.5,3.0,2.0
광주광역시 - 계 - · 업무여행자 1인당 여행횟수(평균),Statistics,1.9,2.4,2.4,2.3,2.7,1.3,1.0,1.477
광주광역시 - 계 - 계,Statistics,100.0,100.0,100.0,100.0,100.0,100.0,100.0,100.0
광주광역시 - 계 - 해외여행 한 적 없음,Statistics,92.3,88.6,86.9,85.3,79.4,75.4,99.318,
광주광역시 - 계 - 해외여행 한 적 있음,Statistics,7.7,11.4,13.1,14.7,20.6,24.6,0.682,14.237
대구광역시 - 계 - - 가족 및 친지 방문,Statistics,17.3,8.5,6.6,9.5,4.1,3.9,30.136,11.972
대구광역시 - 계 - - 관광,Statistics,68.0,75.8,78.4,80.5,90.7,94.4,35.922,85.875
대구광역시 - 계 - - 교육,Statistics,5.4,7.6,6.9,4.2,1.7,1.6,5.644,5.474
대구광역시 - 계 - - 업무,Statistics,20.1,13.1,13.5,13.2,9.3,6.1,28.298,8.047
대구광역시 - 계 - · 가족 및 친지방문 여행자 1인당 여행횟수(평균),Statistics,3.2,1.9,2.2,1.7,3.6,1.5,2.217,2.684
대구광역시 - 계 - · 관광여행자 1인당 여행횟수(평균),Statistics,1.4,1.2,1.3,1.5,1.5,1.6,1.658,1.749
대구광역시 - 계 - · 교육여행자 1인당 여행횟수(평균),Statistics,1.2,1.1,1.3,1.2,1.4,1.1,1.0,1.855
대구광역시 - 계 - · 업무여행자 1인당 여행횟수(평균),Statistics,2.2,2.0,2.6,2.5,2.0,2.6,1.0,2.604
대구광역시 - 계 - 계,Statistics,100.0,100.0,100.0,100.0,100.0,100.0,100.0,100.0
대구광역시 - 계 - 해외여행 한 적 없음,Statistics,91.8,89.5,86.1,81.9,77.0,73.2,99.151,
대구광역시 - 계 - 해외여행 한 적 있음,Statistics,8.2,10.5,13.9,18.1,23.0,26.8,0.849,11.527
대전광역시 - 계 - - 가족 및 친지 방문,Statistics,12.6,13.5,10.0,8.7,2.6,8.1,32.987,14.558
대전광역시 - 계 - - 관광,Statistics,73.0,72.3,78.9,80.4,90.7,91.1,36.493,79.447
대전광역시 - 계 - - 교육,Statistics,3.1,6.4,6.2,4.9,4.1,5.8,27.788,5.264
대전광역시 - 계 - - 업무,Statistics,21.4,15.9,17.4,14.3,9.4,11.9,13.834,11.902
대전광역시 - 계 - · 가족 및 친지방문 여행자 1인당 여행횟수(평균),Statistics,2.0,3.1,1.5,1.6,1.1,2.1,1.337,1.884
대전광역시 - 계 - · 관광여행자 1인당 여행횟수(평균),Statistics,1.4,1.5,1.3,1.4,1.5,1.5,1.289,1.344
대전광역시 - 계 - · 교육여행자 1인당 여행횟수(평균),Statistics,1.5,1.3,1.5,1.0,1.6,3.8,1.0,1.308
대전광역시 - 계 - · 업무여행자 1인당 여행횟수(평균),Statistics,2.0,1.9,2.0,1.8,2.2,2.3,1.0,1.957
대전광역시 - 계 - 계,Statistics,100.0,100.0,100.0,100.0,100.0,100.0,100.0,100.0
대전광역시 - 계 - 해외여행 한 적 없음,Statistics,86.3,85.1,81.0,79.7,71.7,71.1,99.392,
대전광역시 - 계 - 해외여행 한 적 있음,Statistics,13.7,14.9,19.0,20.3,28.3,28.9,0.608,14.58
부산광역시 - 계 - - 가족 및 친지 방문,Statistics,17.0,12.6,11.2,8.0,5.3,4.7,30.526,6.362
부산광역시 - 계 - - 관광,Statistics,72.5,75.4,75.9,82.0,88.5,90.2,46.695,89.662
부산광역시 - 계 - - 교육,Statistics,5.9,5.5,6.2,3.9,3.4,3.2,15.163,2.467
부산광역시 - 계 - - 업무,Statistics,17.6,18.7,14.0,11.4,9.7,9.2,17.16,8.621
부산광역시 - 계 - · 가족 및 친지방문 여행자 1인당 여행횟수(평균),Statistics,2.4,2.3,1.7,1.6,1.8,1.4,1.638,2.44
부산광역시 - 계 - · 관광여행자 1인당 여행횟수(평균),Statistics,1.3,1.5,1.4,1.5,1.6,1.6,1.509,1.568
부산광역시 - 계 - · 교육여행자 1인당 여행횟수(평균),Statistics,1.1,1.9,1.3,1.3,1.0,2.0,1.0,1.151
부산광역시 - 계 - · 업무여행자 1인당 여행횟수(평균),Statistics,3.1,2.9,2.6,4.0,3.2,3.2,1.298,1.454
부산광역시 - 계 - 계,Statistics,100.0,100.0,100.0,100.0,100.0,100.0,100.0,100.0
부산광역시 - 계 - 해외여행 한 적 없음,Statistics,86.9,84.8,83.6,82.6,75.0,72.5,98.881,
부산광역시 - 계 - 해외여행 한 적 있음,Statistics,13.1,15.2,16.4,17.4,25.0,27.5,1.119,14.267
서울특별시 - 계 - - 가족 및 친지 방문,Statistics,12.7,12.6,9.9,10.7,7.1,6.3,39.545,11.902
서울특별시 - 계 - - 관광,Statistics,72.2,75.1,77.6,79.6,87.6,89.1,41.493,82.397
서울특별시 - 계 - - 교육,Statistics,5.6,6.1,4.3,4.9,3.0,3.3,24.989,3.342
서울특별시 - 계 - - 업무,Statistics,23.0,19.9,21.1,17.8,13.3,11.6,43.439,14.791
서울특별시 - 계 - · 가족 및 친지방문 여행자 1인당 여행횟수(평균),Statistics,1.7,2.5,1.9,1.8,1.9,1.7,2.959,2.201
서울특별시 - 계 - · 관광여행자 1인당 여행횟수(평균),Statistics,1.4,1.5,1.5,1.6,1.7,1.6,3.011,1.556
서울특별시 - 계 - · 교육여행자 1인당 여행횟수(평균),Statistics,1.1,1.6,1.3,1.7,1.5,1.4,1.907,1.843
서울특별시 - 계 - · 업무여행자 1인당 여행횟수(평균),Statistics,2.9,2.9,2.7,2.8,3.3,2.5,2.92,3.134
서울특별시 - 계 - 계,Statistics,100.0,100.0,100.0,100.0,100.0,100.0,100.0,100.0
서울특별시 - 계 - 해외여행 한 적 없음,Statistics,80.4,77.1,78.1,74.0,64.9,63.2,98.328,
서울특별시 - 계 - 해외여행 한 적 있음,Statistics,19.6,22.9,21.9,26.0,35.1,36.8,1.672,19.675
세종특별자치시 - 계 - - 가족 및 친지 방문,Statistics,,,,11.8,6.0,4.0,30.952,10.086
세종특별자치시 - 계 - - 관광,Statistics,,,,80.8,86.6,90.6,50.306,78.084
세종특별자치시 - 계 - - 교육,Statistics,,,,3.9,3.0,2.3,32.944,3.369
세종특별자치시 - 계 - - 업무,Statistics,,,,17.6,13.9,13.2,33.623,16.343
세종특별자치시 - 계 - · 가족 및 친지방문 여행자 1인당 여행횟수(평균),Statistics,,,,2.5,2.1,3.1,2.434,2.177
세종특별자치시 - 계 - · 관광여행자 1인당 여행횟수(평균),Statistics,,,,1.6,1.6,1.5,2.268,1.652
세종특별자치시 - 계 - · 교육여행자 1인당 여행횟수(평균),Statistics,,,,1.2,1.3,1.1,1.96,1.085
세종특별자치시 - 계 - · 업무여행자 1인당 여행횟수(평균),Statistics,,,,2.2,2.2,2.4,6.605,2.563
세종특별자치시 - 계 - 계,Statistics,,,,100.0,100.0,100.0,100.0,100.0
세종특별자치시 - 계 - 해외여행 한 적 없음,Statistics,,,,73.1,68.6,61.9,98.971,
세종특별자치시 - 계 - 해외여행 한 적 있음,Statistics,,,,26.9,31.4,38.1,1.029,18.664
울산광역시 - 계 - - 가족 및 친지 방문,Statistics,13.8,11.0,8.7,6.9,4.6,5.9,37.171,16.352
울산광역시 - 계 - - 관광,Statistics,76.0,78.1,80.9,83.0,91.9,90.3,35.701,82.339
울산광역시 - 계 - - 교육,Statistics,4.6,7.7,8.1,3.7,1.5,1.1,17.845,1.725
울산광역시 - 계 - - 업무,Statistics,15.4,13.9,10.9,11.7,8.9,6.4,57.932,10.054
울산광역시 - 계 - · 가족 및 친지방문 여행자 1인당 여행횟수(평균),Statistics,3.3,3.0,2.5,2.4,2.2,1.4,1.277,1.903
울산광역시 - 계 - · 관광여행자 1인당 여행횟수(평균),Statistics,1.5,1.3,1.5,1.5,1.4,1.6,1.106,1.417
울산광역시 - 계 - · 교육여행자 1인당 여행횟수(평균),Statistics,1.0,1.6,1.5,1.4,1.0,1.5,6.794,1.341
울산광역시 - 계 - · 업무여행자 1인당 여행횟수(평균),Statistics,2.1,2.2,2.0,2.8,2.0,2.8,2.693,2.456
울산광역시 - 계 - 계,Statistics,100.0,100.0,100.0,100.0,100.0,100.0,100.0,100.0
울산광역시 - 계 - 해외여행 한 적 없음,Statistics,86.9,84.1,81.1,79.9,76.3,71.9,98.748,
울산광역시 - 계 - 해외여행 한 적 있음,Statistics,13.1,15.9,18.9,20.1,23.7,28.1,1.252,13.727
인천광역시 - 계 - - 가족 및 친지 방문,Statistics,9.1,11.2,13.8,12.1,5.7,8.7,24.16,12.777
인천광역시 - 계 - - 관광,Statistics,69.8,74.0,74.7,78.2,86.0,87.4,47.344,82.688
인천광역시 - 계 - - 교육,Statistics,6.0,5.7,4.3,4.1,2.1,2.5,3.385,6.572
인천광역시 - 계 - - 업무,Statistics,24.8,19.1,14.9,14.7,13.2,10.9,43.169,8.205
인천광역시 - 계 - · 가족 및 친지방문 여행자 1인당 여행횟수(평균),Statistics,2.0,1.9,1.7,2.1,2.1,2.5,4.532,3.202
인천광역시 - 계 - · 관광여행자 1인당 여행횟수(평균),Statistics,1.3,1.4,1.6,1.5,1.6,1.7,1.863,1.673
인천광역시 - 계 - · 교육여행자 1인당 여행횟수(평균),Statistics,1.1,1.3,1.5,1.5,1.1,1.8,10.0,2.08
인천광역시 - 계 - · 업무여행자 1인당 여행횟수(평균),Statistics,2.7,3.9,3.7,3.1,3.3,3.9,3.736,2.54
인천광역시 - 계 - 계,Statistics,100.0,100.0,100.0,100.0,100.0,100.0,100.0,100.0
인천광역시 - 계 - 해외여행 한 적 없음,Statistics,87.3,84.6,83.5,83.2,77.2,69.9,98.734,
인천광역시 - 계 - 해외여행 한 적 있음,Statistics,12.7,15.4,16.5,16.8,22.8,30.1,1.266,14.234
전국 - 계 - - 가족 및 친지 방문,Statistics,12.2,12.9,10.8,9.8,6.4,6.6,33.016,12.541
전국 - 계 - - 관광,Statistics,71.5,72.1,77.1,79.8,88.1,89.8,42.991,82.713
전국 - 계 - - 교육,Statistics,5.2,6.9,5.2,4.2,2.9,2.7,13.893,3.249
전국 - 계 - - 업무,Statistics,22.5,18.7,17.3,16.1,10.9,9.4,34.082,11.756
전국 - 계 - · 가족 및 친지방문 여행자 1인당 여행횟수(평균),Statistics,1.9,2.2,2.1,1.8,1.7,1.9,2.371,2.056
전국 - 계 - · 관광여행자 1인당 여행횟수(평균),Statistics,1.4,1.4,1.5,1.5,1.5,1.6,2.129,1.604
전국 - 계 - · 교육여행자 1인당 여행횟수(평균),Statistics,1.1,1.4,1.3,1.5,1.4,1.7,2.046,1.611
전국 - 계 - · 업무여행자 1인당 여행횟수(평균),Statistics,2.6,2.7,2.6,2.7,2.9,2.7,2.37,2.423
전국 - 계 - 계,Statistics,100.0,100.0,100.0,100.0,100.0,100.0,100.0,100.0
전국 - 계 - 해외여행 한 적 없음,Statistics,86.4,84.1,82.8,80.3,73.5,69.6,98.929,
전국 - 계 - 해외여행 한 적 있음,Statistics,13.6,15.9,17.2,19.7,26.5,30.4,1.071,15.097
전국 - 남자 - - 가족 및 친지 방문,Statistics,10.8,10.4,9.6,8.8,5.7,6.2,25.644,11.556
전국 - 남자 - - 관광,Statistics,62.8,63.9,70.2,73.2,83.9,86.5,40.163,78.757
전국 - 남자 - - 교육,Statistics,4.8,6.8,5.4,4.6,2.8,3.2,12.537,3.348
전국 - 남자 - - 업무,Statistics,35.3,30.2,26.5,25.6,18.3,15.6,43.455,17.598
전국 - 남자 - · 가족 및 친지방문 여행자 1인당 여행횟수(평균),Statistics,2.2,2.2,2.2,1.7,1.7,2.0,2.509,2.01
전국 - 남자 - · 관광여행자 1인당 여행횟수(평균),Statistics,1.4,1.4,1.5,1.5,1.5,1.5,2.012,1.661
전국 - 남자 - · 교육여행자 1인당 여행횟수(평균),Statistics,1.2,1.4,1.4,1.6,1.5,1.8,1.804,1.846
전국 - 남자 - · 업무여행자 1인당 여행횟수(평균),Statistics,2.7,2.7,2.7,2.7,2.9,2.8,1.989,2.227
전국 - 남자 - 계,Statistics,100.0,100.0,100.0,100.0,100.0,100.0,100.0,100.0
전국 - 남자 - 해외여행 한 적 없음,Statistics,85.4,84.1,82.6,80.4,75.2,70.9,98.633,
전국 - 남자 - 해외여행 한 적 있음,Statistics,14.6,15.9,17.4,19.6,24.8,29.1,1.367,14.822
전국 - 여자 - - 가족 및 친지 방문,Statistics,13.7,15.4,12.0,10.7,7.1,7.0,45.694,13.47
전국 - 여자 - - 관광,Statistics,81.1,80.3,84.0,86.1,91.7,92.8,47.854,86.446
전국 - 여자 - - 교육,Statistics,5.5,7.0,5.0,3.7,3.0,2.3,16.224,3.156
전국 - 여자 - - 업무,Statistics,8.3,7.6,8.2,7.0,4.6,3.9,17.962,6.241
전국 - 여자 - · 가족 및 친지방문 여행자 1인당 여행횟수(평균),Statistics,1.7,2.2,1.9,1.9,1.7,1.7,2.237,2.093
전국 - 여자 - · 관광여행자 1인당 여행횟수(평균),Statistics,1.3,1.5,1.4,1.5,1.5,1.6,2.297,1.554
전국 - 여자 - · 교육여행자 1인당 여행횟수(평균),Statistics,1.1,1.4,1.2,1.3,1.3,1.5,2.369,1.376
전국 - 여자 - · 업무여행자 1인당 여행횟수(평균),Statistics,2.1,2.7,2.1,2.5,2.7,2.2,3.958,2.945
전국 - 여자 - 계,Statistics,100.0,100.0,100.0,100.0,100.0,100.0,100.0,100.0
전국 - 여자 - 해외여행 한 적 없음,Statistics,87.4,84.2,82.9,80.1,71.9,68.2,99.22,
전국 - 여자 - 해외여행 한 적 있음,Statistics,12.6,15.8,17.1,19.9,28.1,31.8,0.78,15.366
전라남도 - 계 - - 가족 및 친지 방문,Statistics,13.8,13.5,18.0,15.1,7.1,4.9,41.754,15.587
전라남도 - 계 - - 관광,Statistics,74.6,79.0,71.2,76.8,87.8,93.4,51.431,81.054
전라남도 - 계 - - 교육,Statistics,1.8,8.6,5.2,2.9,5.7,1.4,6.816,4.387
전라남도 - 계 - - 업무,Statistics,16.6,8.9,14.5,14.3,5.5,4.4,6.974,7.936
전라남도 - 계 - · 가족 및 친지방문 여행자 1인당 여행횟수(평균),Statistics,2.8,1.9,1.6,1.5,1.5,1.2,1.231,1.901
전라남도 - 계 - · 관광여행자 1인당 여행횟수(평균),Statistics,1.2,1.4,1.6,1.2,1.4,1.4,2.481,1.47
전라남도 - 계 - · 교육여행자 1인당 여행횟수(평균),Statistics,1.0,1.5,1.0,1.4,1.2,1.5,1.0,1.084
전라남도 - 계 - · 업무여행자 1인당 여행횟수(평균),Statistics,2.2,2.3,2.1,1.8,1.5,2.1,1.0,1.444
전라남도 - 계 - 계,Statistics,100.0,100.0,100.0,100.0,100.0,100.0,100.0,100.0
전라남도 - 계 - 해외여행 한 적 없음,Statistics,92.6,89.1,89.9,88.3,81.8,77.5,99.48,
전라남도 - 계 - 해외여행 한 적 있음,Statistics,7.4,10.9,10.1,11.7,18.2,22.5,0.52,11.075
전북특별자치도 - 계 - - 가족 및 친지 방문,Statistics,14.0,16.7,12.2,7.7,2.7,3.8,57.093,10.159
전북특별자치도 - 계 - - 관광,Statistics,74.0,73.1,76.3,79.7,91.4,91.4,49.672,88.57
전북특별자치도 - 계 - - 교육,Statistics,5.0,6.7,7.5,2.9,5.3,3.2,,2.083
전북특별자치도 - 계 - - 업무,Statistics,14.1,10.2,11.2,13.5,6.1,6.6,11.732,5.429
전북특별자치도 - 계 - · 가족 및 친지방문 여행자 1인당 여행횟수(평균),Statistics,1.8,2.0,1.8,2.2,1.3,2.6,2.686,1.498
전북특별자치도 - 계 - · 관광여행자 1인당 여행횟수(평균),Statistics,1.4,1.3,1.9,1.3,1.4,1.6,1.906,1.444
전북특별자치도 - 계 - · 교육여행자 1인당 여행횟수(평균),Statistics,1.4,1.2,1.7,1.9,1.1,1.6,,2.783
전북특별자치도 - 계 - · 업무여행자 1인당 여행횟수(평균),Statistics,2.6,2.0,1.9,1.6,1.8,2.1,1.394,1.231
전북특별자치도 - 계 - 계,Statistics,100.0,100.0,100.0,100.0,100.0,100.0,100.0,100.0
전북특별자치도 - 계 - 해외여행 한 적 없음,Statistics,89.2,90.1,87.2,86.7,80.1,76.3,99.384,
전북특별자치도 - 계 - 해외여행 한 적 있음,Statistics,10.8,9.9,12.8,13.3,19.9,23.7,0.616,9.013
제주특별자치도 - 계 - - 가족 및 친지 방문,Statistics,9.7,12.3,11.3,12.8,7.8,4.5,15.152,6.627
제주특별자치도 - 계 - - 관광,Statistics,71.7,68.8,68.5,75.5,89.9,92.1,83.769,85.355
제주특별자치도 - 계 - - 교육,Statistics,6.1,9.7,6.1,6.1,2.9,3.2,20.329,3.648
제주특별자치도 - 계 - - 업무,Statistics,22.3,16.1,18.2,12.7,9.5,6.9,56.074,10.318
제주특별자치도 - 계 - · 가족 및 친지방문 여행자 1인당 여행횟수(평균),Statistics,2.0,1.2,1.7,1.4,2.7,2.1,1.986,1.33
제주특별자치도 - 계 - · 관광여행자 1인당 여행횟수(평균),Statistics,1.3,1.3,1.4,1.3,1.4,1.4,2.15,1.457
제주특별자치도 - 계 - · 교육여행자 1인당 여행횟수(평균),Statistics,1.1,1.4,1.1,1.4,1.6,1.2,4.996,1.0
제주특별자치도 - 계 - · 업무여행자 1인당 여행횟수(평균),Statistics,1.5,1.7,2.9,3.1,1.7,2.2,2.814,1.765
제주특별자치도 - 계 - 계,Statistics,100.0,100.0,100.0,100.0,100.0,100.0,100.0,100.0
제주특별자치도 - 계 - 해외여행 한 적 없음,Statistics,91.2,85.7,86.9,85.7,78.0,69.4,99.128,
제주특별자치도 - 계 - 해외여행 한 적 있음,Statistics,8.8,14.3,13.1,14.3,22.0,30.6,0.872,11.749
충청남도 - 계 - - 가족 및 친지 방문,Statistics,11.1,7.9,9.9,9.1,6.1,5.6,26.804,13.018
충청남도 - 계 - - 관광,Statistics,77.9,73.9,77.5,80.0,88.9,89.3,33.488,87.427
충청남도 - 계 - - 교육,Statistics,1.8,5.6,7.4,4.6,2.5,2.9,14.523,4.805
충청남도 - 계 - - 업무,Statistics,16.9,22.9,14.0,10.5,7.0,10.1,41.508,6.7
충청남도 - 계 - · 가족 및 친지방문 여행자 1인당 여행횟수(평균),Statistics,2.0,2.7,1.8,1.9,1.6,2.1,1.209,1.711
충청남도 - 계 - · 관광여행자 1인당 여행횟수(평균),Statistics,1.2,1.4,1.3,1.4,1.5,1.7,1.508,1.559
충청남도 - 계 - · 교육여행자 1인당 여행횟수(평균),Statistics,1.1,1.1,1.4,2.0,1.1,1.3,1.0,1.766
충청남도 - 계 - · 업무여행자 1인당 여행횟수(평균),Statistics,2.1,1.9,1.7,2.4,3.7,2.7,1.486,2.032
충청남도 - 계 - 계,Statistics,100.0,100.0,100.0,100.0,100.0,100.0,100.0,100.0
충청남도 - 계 - 해외여행 한 적 없음,Statistics,90.2,88.2,84.8,84.3,77.6,75.5,99.103,
충청남도 - 계 - 해외여행 한 적 있음,Statistics,9.8,11.8,15.2,15.7,22.4,24.5,0.897,11.782
충청북도 - 계 - - 가족 및 친지 방문,Statistics,10.3,14.6,9.7,10.9,5.3,7.2,37.734,14.726
충청북도 - 계 - - 관광,Statistics,76.8,69.9,79.7,80.4,91.3,90.1,71.457,86.044
충청북도 - 계 - - 교육,Statistics,5.7,10.2,6.9,5.3,1.4,2.6,12.472,4.084
충청북도 - 계 - - 업무,Statistics,15.9,11.3,10.0,10.2,6.3,6.5,31.748,5.017
충청북도 - 계 - · 가족 및 친지방문 여행자 1인당 여행횟수(평균),Statistics,2.0,1.7,1.6,1.7,1.6,2.0,1.737,2.046
충청북도 - 계 - · 관광여행자 1인당 여행횟수(평균),Statistics,1.6,1.3,1.2,1.3,1.5,1.4,1.329,1.673
충청북도 - 계 - · 교육여행자 1인당 여행횟수(평균),Statistics,1.0,1.1,1.0,1.0,1.0,1.3,7.0,1.884
충청북도 - 계 - · 업무여행자 1인당 여행횟수(평균),Statistics,2.0,2.0,2.5,1.8,1.7,1.8,4.143,2.508
충청북도 - 계 - 계,Statistics,100.0,100.0,100.0,100.0,100.0,100.0,100.0,100.0
충청북도 - 계 - 해외여행 한 적 없음,Statistics,88.3,88.2,85.0,81.3,78.4,74.5,99.342,
충청북도 - 계 - 해외여행 한 적 있음,Statistics,11.7,11.8,15.0,18.7,21.6,25.5,0.658,11.838
