item,category,2013,2014,2015,2016,2017,2018,2019,2020,2021,2022,2023,2024
가평군 - 실업률 (％),Statistics,2.1,1.8,1.9,2.0,1.2,1.4,1.2,0.6,1.8,1.7,1.1,1.9
강릉시 - 실업률 (％),Statistics,2.2,2.3,2.9,2.6,3.4,2.6,2.6,3.7,2.2,1.9,1.8,1.2
강진군 - 실업률 (％),Statistics,1.0,0.4,0.2,0.3,0.8,0.5,0.4,0.8,0.9,0.8,0.7,0.5
거제시 - 실업률 (％),Statistics,1.2,0.4,1.3,1.7,2.9,7.0,6.7,5.0,4.0,3.8,4.3,4.7
거창군 - 실업률 (％),Statistics,1.9,1.6,1.1,2.0,1.7,1.3,1.9,1.8,2.2,0.9,1.8,1.0
경산시 - 실업률 (％),Statistics,2.7,2.7,2.3,3.1,3.2,3.9,3.7,3.7,3.9,3.2,3.3,3.9
경주시 - 실업률 (％),Statistics,1.6,1.6,1.2,1.4,1.9,1.4,1.8,2.7,2.2,1.8,1.8,2.4
계룡시 - 실업률 (％),Statistics,1.4,1.6,1.2,1.4,2.1,2.2,2.3,1.7,2.9,2.0,2.2,1.6
고령군 - 실업률 (％),Statistics,3.0,2.2,2.0,1.5,1.8,2.8,2.4,1.5,1.6,1.2,1.1,1.4
고성군 - 실업률 (％),Statistics,0.3,0.6,1.0,0.3,0.2,0.4,0.7,2.0,1.5,1.3,2.1,2.3
고양시 - 실업률 (％),Statistics,1.9,2.3,2.9,3.1,3.7,3.7,4.3,3.5,4.3,2.7,3.1,2.8
고창군 - 실업률 (％),Statistics,1.1,0.7,0.2,0.7,0.2,0.7,0.5,0.9,0.7,0.2,0.2,0.2
고흥군 - 실업률 (％),Statistics,0.3,0.7,0.1,0.1,0.2,0.4,0.3,0.2,1.0,0.3,0.8,0.8
곡성군 - 실업률 (％),Statistics,1.0,1.0,0.6,1.3,0.5,1.0,0.4,0.2,0.8,0.6,0.2,1.2
공주시 - 실업률 (％),Statistics,1.9,1.9,1.5,1.3,1.3,0.9,2.3,3.5,2.9,1.7,3.2,3.7
과천시 - 실업률 (％),Statistics,4.5,3.8,4.2,3.3,3.3,3.7,2.9,3.2,3.3,3.0,2.6,3.1
광명시 - 실업률 (％),Statistics,4.5,3.8,4.5,4.1,4.5,4.0,4.6,4.4,4.5,4.3,3.9,3.8
광양시 - 실업률 (％),Statistics,2.3,2.2,3.0,3.5,3.8,3.2,1.6,1.0,2.1,1.5,1.5,2.2
광주 광산구 - 실업률 (％),Statistics,,,,,,,,,3.8,3.0,2.8,3.4
광주 남구 - 실업률 (％),Statistics,,,,,,,,,3.3,3.0,2.7,3.9
광주 동구 - 실업률 (％),Statistics,,,,,,,,,3.8,3.2,3.0,3.1
광주 북구 - 실업률 (％),Statistics,,,,,,,,,3.1,2.9,2.4,3.4
광주 서구 - 실업률 (％),Statistics,,,,,,,,,2.6,2.6,2.4,2.6
광주시 - 실업률 (％),Statistics,2.7,3.5,4.2,3.0,4.3,2.4,5.0,5.0,4.3,3.5,2.9,4.5
괴산군 - 실업률 (％),Statistics,0.4,1.5,1.0,1.2,2.9,1.3,1.0,0.6,2.3,1.9,1.9,0.4
구례군 - 실업률 (％),Statistics,0.9,0.4,0.7,1.3,1.2,1.4,1.7,0.1,1.4,0.8,0.2,0.7
구리시 - 실업률 (％),Statistics,3.1,4.6,3.5,3.6,3.4,3.4,4.3,5.3,4.7,3.7,2.7,3.3
구미시 - 실업률 (％),Statistics,3.2,4.8,4.9,5.5,4.3,5.2,5.4,5.4,4.9,4.3,4.6,4.5
군산시 - 실업률 (％),Statistics,1.9,1.0,0.7,1.5,1.6,4.1,3.5,2.5,2.9,1.3,1.3,1.4
군포시 - 실업률 (％),Statistics,4.8,5.1,4.3,4.0,3.5,5.0,4.5,5.1,4.9,2.8,2.6,3.4
금산군 - 실업률 (％),Statistics,0.5,0.5,1.2,1.2,0.8,0.6,2.2,2.9,1.4,0.9,0.8,0.9
김제시 - 실업률 (％),Statistics,1.3,1.1,1.5,1.3,0.9,1.5,1.8,1.8,2.0,1.7,3.0,2.1
김천시 - 실업률 (％),Statistics,1.6,3.4,2.7,2.5,2.2,2.0,3.4,2.9,2.4,2.4,2.7,1.6
김포시 - 실업률 (％),Statistics,3.5,3.7,2.7,3.9,3.5,3.9,3.5,3.5,2.2,2.0,1.8,3.4
김해시 - 실업률 (％),Statistics,2.2,2.4,2.4,3.7,3.1,4.3,5.4,5.0,4.1,3.8,2.0,2.9
나주시 - 실업률 (％),Statistics,0.7,2.3,3.4,1.7,2.4,2.1,1.5,1.5,2.8,2.7,1.8,2.1
남양주시 - 실업률 (％),Statistics,3.2,5.0,5.2,3.2,4.1,3.7,3.6,5.1,3.9,3.5,2.2,2.9
남원시 - 실업률 (％),Statistics,1.1,0.7,1.3,1.6,1.8,2.9,2.3,1.4,1.7,1.5,1.7,1.6
남해군 - 실업률 (％),Statistics,2.4,0.8,0.3,0.9,0.9,0.6,1.7,1.0,2.2,1.3,1.0,1.0
논산시 - 실업률 (％),Statistics,1.5,0.5,0.9,1.2,1.5,2.1,1.3,2.6,1.5,1.4,2.5,1.5
단양군 - 실업률 (％),Statistics,0.6,2.5,1.0,1.3,0.6,1.0,1.7,2.0,2.4,2.3,1.8,1.0
담양군 - 실업률 (％),Statistics,1.2,1.1,2.4,2.7,1.5,1.8,2.1,0.3,1.5,1.1,0.7,2.1
당진시 - 실업률 (％),Statistics,1.3,2.1,2.5,1.4,1.7,1.8,2.8,2.8,2.0,1.5,1.5,1.8
대구 군위군 - 실업률 (％),Statistics,0.6,1.2,1.2,1.3,0.4,0.5,0.9,0.7,1.5,0.6,0.7,1.2
대구 남구 - 실업률 (％),Statistics,,,,,,,,,3.9,3.0,3.5,3.4
대구 달서구 - 실업률 (％),Statistics,,,,,,,,,3.5,3.2,2.9,2.8
대구 달성군 - 실업률 (％),Statistics,,,,,,,,,2.6,2.4,2.6,3.3
대구 동구 - 실업률 (％),Statistics,,,,,,,,,4.9,3.1,3.2,3.1
대구 북구 - 실업률 (％),Statistics,,,,,,,,,4.8,2.5,3.5,3.1
대구 서구 - 실업률 (％),Statistics,,,,,,,,,4.5,3.4,4.2,3.4
대구 수성구 - 실업률 (％),Statistics,,,,,,,,,3.0,2.4,3.1,2.5
대구 중구 - 실업률 (％),Statistics,,,,,,,,,2.4,2.2,3.2,2.5
대전 대덕구 - 실업률 (％),Statistics,,,,,,,,,2.5,2.0,3.5,2.7
대전 동구 - 실업률 (％),Statistics,,,,,,,,,3.3,3.1,3.1,2.6
대전 서구 - 실업률 (％),Statistics,,,,,,,,,3.4,2.2,2.6,2.2
대전 유성구 - 실업률 (％),Statistics,,,,,,,,,2.5,1.9,2.1,3.1
대전 중구 - 실업률 (％),Statistics,,,,,,,,,3.5,2.8,3.4,2.4
동두천시 - 실업률 (％),Statistics,3.1,4.8,3.7,2.5,5.0,4.5,5.1,4.5,4.6,3.1,3.1,5.1
동해시 - 실업률 (％),Statistics,2.1,3.1,3.5,3.7,3.9,3.6,3.1,2.3,1.1,1.2,0.4,1.4
목포시 - 실업률 (％),Statistics,2.2,1.8,3.0,3.3,3.0,1.9,2.8,3.2,3.2,2.3,2.7,2.0
무안군 - 실업률 (％),Statistics,1.5,1.0,2.1,2.2,1.9,1.3,0.5,1.9,1.6,1.6,1.0,0.5
무주군 - 실업률 (％),Statistics,0.5,0.5,1.9,1.0,0.3,0.6,0.5,0.2,0.9,0.6,1.4,0.4
문경시 - 실업률 (％),Statistics,2.3,0.6,2.3,3.1,2.3,3.1,3.4,2.4,3.5,2.0,2.3,1.7
밀양시 - 실업률 (％),Statistics,0.7,1.8,2.0,2.4,2.0,2.2,3.1,3.0,2.6,2.4,1.3,1.2
보령시 - 실업률 (％),Statistics,2.5,1.7,3.3,2.7,2.2,2.4,2.6,1.0,2.4,1.3,1.0,1.4
보성군 - 실업률 (％),Statistics,0.4,0.9,0.7,2.4,0.7,1.2,1.7,0.2,1.6,0.4,0.9,1.2
보은군 - 실업률 (％),Statistics,0.5,0.1,0.6,0.9,0.8,0.5,1.8,1.2,0.4,0.5,0.3,0.6
봉화군 - 실업률 (％),Statistics,0.6,0.2,0.7,1.0,0.2,0.4,0.8,1.4,1.0,0.3,0.5,0.1
부산 강서구 - 실업률 (％),Statistics,,,,,,,,,4.5,4.1,3.5,4.2
부산 금정구 - 실업률 (％),Statistics,,,,,,,,,4.8,3.0,5.3,3.8
부산 기장군 - 실업률 (％),Statistics,,,,,,,,,5.6,4.0,4.5,3.8
부산 남구 - 실업률 (％),Statistics,,,,,,,,,5.3,3.5,3.5,4.6
부산 동구 - 실업률 (％),Statistics,,,,,,,,,4.9,3.6,4.4,3.6
부산 동래구 - 실업률 (％),Statistics,,,,,,,,,5.8,4.9,4.1,3.5
부산 부산진구 - 실업률 (％),Statistics,,,,,,,,,5.4,3.3,3.8,5.2
부산 북구 - 실업률 (％),Statistics,,,,,,,,,4.9,2.6,5.0,4.1
부산 사상구 - 실업률 (％),Statistics,,,,,,,,,5.6,3.2,5.0,5.3
부산 사하구 - 실업률 (％),Statistics,,,,,,,,,5.6,3.1,4.7,4.3
부산 서구 - 실업률 (％),Statistics,,,,,,,,,4.8,4.8,4.8,4.5
부산 수영구 - 실업률 (％),Statistics,,,,,,,,,5.4,3.4,4.7,4.7
부산 연제구 - 실업률 (％),Statistics,,,,,,,,,5.2,3.1,3.9,5.4
부산 영도구 - 실업률 (％),Statistics,,,,,,,,,4.3,3.4,4.8,5.8
부산 중구 - 실업률 (％),Statistics,,,,,,,,,4.4,4.1,4.7,5.0
부산 해운대구 - 실업률 (％),Statistics,,,,,,,,,4.8,3.1,3.9,4.5
부안군 - 실업률 (％),Statistics,0.6,1.0,0.9,1.0,1.3,1.1,1.1,0.8,0.5,1.5,0.7,0.1
부여군 - 실업률 (％),Statistics,1.6,1.8,2.3,1.2,1.7,2.5,1.1,1.2,2.0,1.2,0.9,0.8
부천시 - 실업률 (％),Statistics,4.2,4.1,4.2,4.7,4.5,4.5,4.2,4.8,3.6,2.8,4.0,4.8
사천시 - 실업률 (％),Statistics,0.9,1.0,1.7,2.8,2.1,2.9,4.2,3.5,4.4,3.5,2.6,1.4
산청군 - 실업률 (％),Statistics,0.1,0.2,0.5,1.6,0.3,1.5,2.2,0.1,0.9,0.8,1.3,2.3
삼척시 - 실업률 (％),Statistics,0.7,1.5,2.0,1.9,2.8,3.3,2.4,1.4,1.2,1.0,1.5,0.7
상주시 - 실업률 (％),Statistics,0.8,1.3,1.4,1.7,1.0,2.5,1.9,1.1,1.4,0.9,0.9,1.4
서귀포시 - 실업률 (％),Statistics,1.4,1.3,1.8,2.0,1.6,1.6,2.8,2.7,1.3,1.3,1.5,1.6
서산시 - 실업률 (％),Statistics,1.9,1.0,1.8,3.2,2.6,2.1,2.1,1.4,1.1,1.4,2.2,1.2
서울 강남구 - 실업률 (％),Statistics,,,,,,,,,4.7,3.3,2.8,3.5
서울 강동구 - 실업률 (％),Statistics,,,,,,,,,3.8,3.7,2.2,4.7
서울 강북구 - 실업률 (％),Statistics,,,,,,,,,5.5,4.9,3.5,4.5
서울 강서구 - 실업률 (％),Statistics,,,,,,,,,5.7,4.1,3.6,4.1
서울 관악구 - 실업률 (％),Statistics,,,,,,,,,6.2,4.8,4.6,4.4
서울 광진구 - 실업률 (％),Statistics,,,,,,,,,5.7,3.9,3.3,3.4
서울 구로구 - 실업률 (％),Statistics,,,,,,,,,5.1,3.3,3.6,5.0
서울 금천구 - 실업률 (％),Statistics,,,,,,,,,5.8,5.0,3.5,3.4
서울 노원구 - 실업률 (％),Statistics,,,,,,,,,4.9,3.6,3.5,4.5
서울 도봉구 - 실업률 (％),Statistics,,,,,,,,,6.1,4.8,3.9,5.6
서울 동대문구 - 실업률 (％),Statistics,,,,,,,,,5.0,4.1,4.4,4.7
서울 동작구 - 실업률 (％),Statistics,,,,,,,,,5.5,4.9,4.6,5.0
서울 마포구 - 실업률 (％),Statistics,,,,,,,,,3.7,3.1,3.2,5.1
서울 서대문구 - 실업률 (％),Statistics,,,,,,,,,5.6,4.3,4.0,3.7
서울 서초구 - 실업률 (％),Statistics,,,,,,,,,4.6,3.2,2.6,2.3
서울 성동구 - 실업률 (％),Statistics,,,,,,,,,5.4,4.1,3.0,2.6
서울 성북구 - 실업률 (％),Statistics,,,,,,,,,5.5,4.7,3.4,3.2
서울 송파구 - 실업률 (％),Statistics,,,,,,,,,5.6,3.8,3.0,3.4
서울 양천구 - 실업률 (％),Statistics,,,,,,,,,5.3,4.2,3.8,3.9
서울 영등포구 - 실업률 (％),Statistics,,,,,,,,,4.3,3.9,2.7,3.7
서울 용산구 - 실업률 (％),Statistics,,,,,,,,,5.7,4.3,3.4,3.7
서울 은평구 - 실업률 (％),Statistics,,,,,,,,,5.5,4.3,4.3,4.4
서울 종로구 - 실업률 (％),Statistics,,,,,,,,,4.6,3.5,2.8,5.2
서울 중구 - 실업률 (％),Statistics,,,,,,,,,5.0,4.1,3.8,3.5
서울 중랑구 - 실업률 (％),Statistics,,,,,,,,,5.9,4.2,3.4,2.1
서천군 - 실업률 (％),Statistics,2.3,1.6,2.4,1.4,0.9,0.6,1.3,0.6,1.2,0.8,0.6,0.9
성남시 - 실업률 (％),Statistics,4.4,4.5,4.3,3.3,2.7,4.7,4.6,3.9,4.9,3.0,3.1,4.1
성주군 - 실업률 (％),Statistics,0.5,0.7,1.1,1.2,1.5,0.8,2.0,0.7,1.1,0.4,1.2,0.6
속초시 - 실업률 (％),Statistics,0.8,1.1,1.2,0.8,0.8,0.9,1.0,0.9,1.8,1.4,1.9,1.8
수원시 - 실업률 (％),Statistics,5.1,4.3,5.0,4.7,3.6,4.8,4.3,3.8,3.8,2.3,3.6,4.8
순창군 - 실업률 (％),Statistics,0.9,0.5,1.7,1.6,1.2,1.6,2.3,0.2,2.2,0.6,2.4,1.1
순천시 - 실업률 (％),Statistics,1.3,2.5,3.0,2.2,1.4,2.8,2.5,2.5,3.3,2.5,1.5,2.3
시흥시 - 실업률 (％),Statistics,3.1,3.4,2.9,4.0,3.8,4.2,4.8,5.1,5.2,4.6,3.2,4.8
신안군 - 실업률 (％),Statistics,1.4,0.0,0.8,0.1,0.2,0.2,1.0,0.1,0.4,0.6,0.5,0.3
아산시 - 실업률 (％),Statistics,2.1,2.2,1.8,1.7,1.7,2.7,3.2,2.7,1.7,1.6,2.5,2.2
안동시 - 실업률 (％),Statistics,1.0,0.8,2.1,2.4,1.9,2.1,2.5,1.8,3.0,1.9,2.0,2.4
안산시 - 실업률 (％),Statistics,2.5,3.3,4.4,4.4,4.3,4.0,5.3,5.0,5.2,4.9,3.5,3.8
안성시 - 실업률 (％),Statistics,2.6,3.2,1.2,1.7,1.5,2.6,3.5,2.4,3.1,3.1,2.4,2.2
안양시 - 실업률 (％),Statistics,2.6,3.2,3.8,4.5,3.3,5.9,4.6,4.1,4.8,3.4,2.7,2.8
양구군 - 실업률 (％),Statistics,0.9,0.2,1.6,1.6,1.5,1.6,2.9,3.4,1.1,1.6,0.6,1.2
양산시 - 실업률 (％),Statistics,1.6,2.2,2.7,3.2,2.3,4.7,3.9,5.1,3.5,3.1,3.0,2.3
양양군 - 실업률 (％),Statistics,1.4,1.5,1.6,1.4,0.7,1.2,2.2,2.2,2.0,1.6,1.2,0.9
양주시 - 실업률 (％),Statistics,1.1,4.4,2.2,3.3,3.9,4.1,4.8,3.6,3.5,2.9,2.4,4.2
양평군 - 실업률 (％),Statistics,1.0,1.8,1.9,3.2,1.9,2.1,1.4,2.2,2.0,1.8,2.1,1.3
여수시 - 실업률 (％),Statistics,2.3,2.9,2.0,2.2,1.9,2.0,1.8,1.4,1.2,1.0,1.1,1.4
여주군 - 실업률 (％),Statistics,1.2,,,,,,,,,,,
여주시 - 실업률 (％),Statistics,1.1,1.4,1.4,1.2,1.0,2.5,1.9,2.2,1.5,1.5,1.0,1.4
연기군 - 실업률 (％),Statistics,2.0,1.5,0.3,2.1,,,,,,,,
연천군 - 실업률 (％),Statistics,3.6,1.8,2.1,1.8,2.4,3.5,3.5,2.0,1.2,1.4,0.8,1.2
영광군 - 실업률 (％),Statistics,0.9,0.2,1.8,1.8,0.8,0.5,1.6,1.1,0.5,1.3,0.3,1.0
영덕군 - 실업률 (％),Statistics,0.3,0.2,1.9,0.9,0.1,1.2,0.0,0.1,0.5,0.8,0.9,0.4
영동군 - 실업률 (％),Statistics,1.2,0.9,1.0,1.6,1.1,0.2,1.0,0.8,0.7,1.1,0.7,1.9
영암군 - 실업률 (％),Statistics,1.2,1.0,1.4,1.4,2.3,1.2,1.8,2.8,2.1,1.8,1.3,1.9
영양군 - 실업률 (％),Statistics,0.5,0.5,0.9,1.2,1.3,0.5,0.5,0.5,1.2,0.8,0.3,0.6
영월군 - 실업률 (％),Statistics,1.5,0.6,1.9,0.8,1.0,1.3,1.8,2.1,1.1,1.0,0.7,1.0
영주시 - 실업률 (％),Statistics,0.9,1.7,2.7,1.5,2.3,2.6,2.3,1.3,2.4,2.0,2.8,1.1
영천시 - 실업률 (％),Statistics,1.6,1.9,1.0,2.1,1.1,1.6,2.5,3.0,1.6,1.3,1.4,1.3
예산군 - 실업률 (％),Statistics,1.3,1.4,2.1,1.5,1.0,2.2,1.7,1.3,2.2,1.9,2.4,1.4
예천군 - 실업률 (％),Statistics,1.6,0.8,1.1,1.1,0.2,1.2,1.0,0.1,0.7,0.8,1.1,1.3
오산시 - 실업률 (％),Statistics,4.3,3.9,3.8,2.2,3.6,3.6,5.4,5.4,5.0,4.1,3.2,3.2
옥천군 - 실업률 (％),Statistics,1.9,1.6,2.0,0.8,1.0,1.0,1.4,1.8,1.7,0.7,1.7,2.7
완도군 - 실업률 (％),Statistics,0.2,0.1,0.8,0.4,1.0,1.3,0.9,0.6,0.4,0.1,0.2,0.1
완주군 - 실업률 (％),Statistics,1.4,1.6,1.8,1.8,3.3,1.8,0.6,2.8,2.1,2.2,2.5,3.8
용인시 - 실업률 (％),Statistics,2.5,2.8,4.6,4.5,2.7,3.6,4.1,4.1,3.9,3.0,2.6,4.1
울릉군 - 실업률 (％),Statistics,0.2,0.3,0.2,0.2,1.1,0.3,0.1,0.3,0.1,0.1,0.4,0.1
울산 남구 - 실업률 (％),Statistics,,,,,,,,,4.7,4.2,3.4,4.5
울산 동구 - 실업률 (％),Statistics,,,,,,,,,4.9,3.7,3.0,5.6
울산 북구 - 실업률 (％),Statistics,,,,,,,,,4.6,3.8,3.1,5.0
울산 울주군 - 실업률 (％),Statistics,,,,,,,,,3.6,3.2,4.1,4.7
울산 중구 - 실업률 (％),Statistics,,,,,,,,,4.4,4.2,3.9,4.4
울진군 - 실업률 (％),Statistics,0.7,0.0,0.9,1.9,1.2,0.3,1.7,1.4,2.2,1.7,1.9,3.1
원주시 - 실업률 (％),Statistics,2.7,3.2,3.7,4.0,3.2,4.3,4.8,3.3,3.5,3.4,3.0,4.1
음성군 - 실업률 (％),Statistics,1.2,0.9,2.7,2.2,1.9,2.8,2.4,2.7,2.5,2.4,2.4,2.2
의령군 - 실업률 (％),Statistics,0.9,0.1,0.6,0.4,0.5,0.2,1.3,1.9,0.8,0.8,0.6,0.5
의성군 - 실업률 (％),Statistics,0.8,1.2,0.5,0.3,0.7,1.1,0.9,0.9,0.2,0.2,0.2,0.5
의왕시 - 실업률 (％),Statistics,3.9,4.5,4.7,5.5,4.2,3.4,4.8,3.6,4.3,3.3,2.0,3.9
의정부시 - 실업률 (％),Statistics,2.0,3.0,3.5,3.9,5.0,4.6,4.3,4.0,5.1,3.3,2.8,3.5
이천시 - 실업률 (％),Statistics,2.6,2.6,3.2,3.0,2.7,2.1,2.7,2.8,3.2,1.3,2.8,3.4
익산시 - 실업률 (％),Statistics,0.5,1.3,1.4,1.3,1.0,1.9,3.4,1.6,2.8,2.1,2.6,1.7
인제군 - 실업률 (％),Statistics,0.3,0.8,2.2,1.6,0.4,1.9,1.4,2.4,1.2,0.7,1.0,1.0
인천 강화군 - 실업률 (％),Statistics,,,,,,,,,2.0,1.7,1.2,1.6
인천 계양구 - 실업률 (％),Statistics,,,,,,,,,5.5,5.0,5.0,5.6
인천 남동구 - 실업률 (％),Statistics,,,,,,,,,6.3,5.1,4.9,4.8
인천 동구 - 실업률 (％),Statistics,,,,,,,,,5.4,4.6,4.5,5.0
인천 미추홀구 - 실업률 (％),Statistics,,,,,,,,,5.9,4.3,4.0,5.3
인천 부평구 - 실업률 (％),Statistics,,,,,,,,,6.2,3.9,4.8,5.3
인천 서구 - 실업률 (％),Statistics,,,,,,,,,5.4,3.7,4.6,5.1
인천 연수구 - 실업률 (％),Statistics,,,,,,,,,5.3,3.3,4.8,5.1
인천 옹진군 - 실업률 (％),Statistics,,,,,,,,,2.2,1.0,1.5,1.0
인천 중구 - 실업률 (％),Statistics,,,,,,,,,5.2,3.6,3.0,4.5
임실군 - 실업률 (％),Statistics,0.8,1.4,1.7,2.0,0.8,1.0,2.4,1.9,1.1,1.8,1.6,0.8
장성군 - 실업률 (％),Statistics,1.2,1.0,1.6,1.9,1.3,2.0,1.6,2.1,1.0,2.0,1.0,2.3
장수군 - 실업률 (％),Statistics,0.1,1.1,0.6,0.3,0.5,0.3,1.7,0.1,1.1,1.1,0.5,0.6
장흥군 - 실업률 (％),Statistics,0.1,0.0,0.9,1.5,0.6,0.7,0.8,0.6,0.8,0.7,0.2,0.5
전주시 - 실업률 (％),Statistics,2.0,2.9,2.9,2.9,3.6,3.4,2.7,2.9,2.9,2.7,3.3,2.5
정선군 - 실업률 (％),Statistics,0.5,0.4,0.9,1.2,1.7,0.6,0.7,0.6,1.2,0.2,0.2,0.6
정읍시 - 실업률 (％),Statistics,1.4,1.8,2.2,2.2,1.9,1.8,0.8,0.9,0.9,1.1,1.5,2.0
제주시 - 실업률 (％),Statistics,2.4,3.3,3.4,2.5,2.8,1.6,2.5,2.6,3.0,2.1,2.3,2.7
제천시 - 실업률 (％),Statistics,1.4,2.1,1.9,2.2,1.2,2.4,1.7,2.3,2.1,2.2,1.7,1.7
증평군 - 실업률 (％),Statistics,2.0,2.2,2.2,2.6,2.3,2.0,4.0,4.4,3.2,3.0,3.9,2.3
진도군 - 실업률 (％),Statistics,0.0,0.1,0.8,1.2,0.1,1.0,0.5,0.7,0.0,0.7,0.1,0.1
진안군 - 실업률 (％),Statistics,1.6,0.2,0.1,1.2,0.9,0.5,0.9,0.1,0.4,0.2,0.4,0.6
진주시 - 실업률 (％),Statistics,1.8,2.0,2.5,2.2,2.2,3.4,3.3,3.7,4.0,3.1,3.5,2.9
진천군 - 실업률 (％),Statistics,1.6,2.6,2.2,3.2,2.5,2.0,2.0,3.5,3.1,1.8,3.0,2.5
창녕군 - 실업률 (％),Statistics,0.9,2.6,3.3,1.5,1.7,1.3,2.4,2.8,1.6,0.3,0.6,1.5
창원시 - 실업률 (％),Statistics,2.8,2.8,3.0,3.8,3.5,3.4,4.7,4.1,3.7,3.7,3.3,2.2
천안시 - 실업률 (％),Statistics,2.2,3.4,3.3,3.7,2.7,3.2,3.1,3.8,2.5,1.8,2.7,3.0
철원군 - 실업률 (％),Statistics,0.9,0.5,0.1,1.3,1.7,0.7,0.6,2.4,2.5,0.7,0.6,0.2
청도군 - 실업률 (％),Statistics,1.1,1.8,0.9,0.6,0.4,1.0,0.8,1.5,0.8,0.5,0.7,0.4
청송군 - 실업률 (％),Statistics,0.8,1.1,0.5,1.1,0.8,1.6,1.6,1.0,0.7,0.7,0.2,0.7
청양군 - 실업률 (％),Statistics,0.8,1.5,1.5,0.9,0.5,0.7,0.4,0.8,1.4,0.8,0.9,0.3
청원군 - 실업률 (％),Statistics,2.3,2.1,,,,,,,,,,
청주시 - 실업률 (％),Statistics,2.7,3.8,4.4,3.4,3.1,3.6,3.6,3.0,3.4,3.3,2.8,2.5
춘천시 - 실업률 (％),Statistics,2.0,3.4,4.2,3.6,2.9,2.7,3.6,4.3,3.9,3.0,2.1,2.9
충주시 - 실업률 (％),Statistics,3.1,2.8,3.1,3.5,3.3,2.3,2.4,2.4,1.2,1.5,1.2,0.5
칠곡군 - 실업률 (％),Statistics,2.7,4.0,3.5,3.3,3.2,4.1,3.8,3.2,3.3,3.0,2.2,2.9
태백시 - 실업률 (％),Statistics,1.0,0.6,0.1,0.8,0.8,0.2,0.5,1.6,1.4,0.9,1.0,1.2
태안군 - 실업률 (％),Statistics,1.0,1.4,1.1,1.2,2.1,1.6,1.3,1.2,0.5,0.6,0.8,1.0
통영시 - 실업률 (％),Statistics,2.5,1.6,2.7,3.3,3.7,6.2,5.9,3.8,4.6,4.4,4.2,2.9
파주시 - 실업률 (％),Statistics,2.6,2.9,2.8,3.1,2.8,3.5,3.0,2.8,3.9,2.3,2.0,2.6
평창군 - 실업률 (％),Statistics,1.2,0.6,1.1,1.3,1.5,0.5,0.7,1.3,0.8,0.7,0.2,0.1
평택시 - 실업률 (％),Statistics,3.1,2.5,2.7,3.5,2.0,2.3,3.8,3.1,3.6,2.8,2.4,4.5
포천시 - 실업률 (％),Statistics,4.0,2.7,3.7,2.8,3.6,3.0,3.0,3.6,2.7,2.3,2.3,2.2
포항시 - 실업률 (％),Statistics,2.2,2.2,1.4,1.8,2.6,2.6,3.5,3.5,3.7,2.8,2.5,2.9
하남시 - 실업률 (％),Statistics,3.0,4.5,2.1,2.9,3.7,2.5,2.3,1.8,3.4,1.5,1.9,3.4
하동군 - 실업률 (％),Statistics,1.4,1.1,1.1,0.9,1.5,0.4,0.3,0.7,1.8,0.5,0.8,0.9
함안군 - 실업률 (％),Statistics,1.7,1.4,3.4,2.9,2.2,2.6,2.7,2.1,2.0,2.0,2.2,1.0
함양군 - 실업률 (％),Statistics,1.2,0.2,0.8,1.8,0.5,2.1,0.8,1.2,1.1,0.6,0.6,0.8
함평군 - 실업률 (％),Statistics,0.2,0.8,1.9,0.9,0.4,0.7,0.3,0.6,1.1,0.6,0.4,0.7
합천군 - 실업률 (％),Statistics,0.3,0.2,0.5,0.3,0.4,1.1,1.4,1.0,1.0,0.8,1.0,0.3
해남군 - 실업률 (％),Statistics,0.4,1.0,0.8,0.9,0.7,0.4,0.3,0.3,0.6,0.7,0.9,0.1
홍성군 - 실업률 (％),Statistics,1.8,1.2,1.6,2.6,1.2,2.0,2.7,1.3,1.4,1.3,2.3,2.4
홍천군 - 실업률 (％),Statistics,0.3,1.2,0.5,2.0,2.0,1.6,2.5,2.8,1.8,1.4,1.2,1.6
화성시 - 실업률 (％),Statistics,2.8,2.0,3.1,2.6,2.3,3.7,3.6,4.0,3.7,2.5,2.8,2.9
화순군 - 실업률 (％),Statistics,1.6,2.2,3.4,2.7,1.8,1.0,2.4,2.2,3.0,2.3,1.3,1.5
화천군 - 실업률 (％),Statistics,0.7,0.3,0.7,0.2,0.4,1.1,0.7,1.9,1.7,0.3,0.5,0.3
횡성군 - 실업률 (％),Statistics,1.0,1.2,1.9,1.3,0.7,1.4,2.0,1.4,1.2,1.9,1.8,1.4
