item,category,2020,2022,2024
강원특별자치도 - 계 - 계,Statistics,100.0,100.0,100.0
강원특별자치도 - 계 - 매우 만족,Statistics,24.377,20.954,17.711
강원특별자치도 - 계 - 매우 불만족,Statistics,0.18,0.139,0.666
강원특별자치도 - 계 - 보통,Statistics,30.318,30.358,36.427
강원특별자치도 - 계 - 약간 만족,Statistics,40.622,44.972,39.695
강원특별자치도 - 계 - 약간 불만족,Statistics,4.503,3.577,5.501
경기도 - 계 - 계,Statistics,100.0,100.0,100.0
경기도 - 계 - 매우 만족,Statistics,14.662,15.101,17.435
경기도 - 계 - 매우 불만족,Statistics,0.255,0.23,0.331
경기도 - 계 - 보통,Statistics,37.795,39.357,34.641
경기도 - 계 - 약간 만족,Statistics,39.169,40.854,40.506
경기도 - 계 - 약간 불만족,Statistics,8.12,4.458,7.087
경상남도 - 계 - 계,Statistics,100.0,100.0,100.0
경상남도 - 계 - 매우 만족,Statistics,15.837,17.4,16.511
경상남도 - 계 - 매우 불만족,Statistics,0.374,0.248,0.435
경상남도 - 계 - 보통,Statistics,32.793,32.81,30.166
경상남도 - 계 - 약간 만족,Statistics,42.531,46.212,47.109
경상남도 - 계 - 약간 불만족,Statistics,8.465,3.33,5.78
경상북도 - 계 - 계,Statistics,100.0,100.0,100.0
경상북도 - 계 - 매우 만족,Statistics,11.419,14.735,11.99
경상북도 - 계 - 매우 불만족,Statistics,0.548,0.262,1.022
경상북도 - 계 - 보통,Statistics,38.434,32.202,34.353
경상북도 - 계 - 약간 만족,Statistics,44.337,48.068,46.831
경상북도 - 계 - 약간 불만족,Statistics,5.263,4.734,5.804
광주광역시 - 계 - 계,Statistics,100.0,100.0,100.0
광주광역시 - 계 - 매우 만족,Statistics,15.354,17.835,21.387
광주광역시 - 계 - 매우 불만족,Statistics,,0.333,0.332
광주광역시 - 계 - 보통,Statistics,33.673,32.504,24.059
광주광역시 - 계 - 약간 만족,Statistics,44.509,43.493,49.389
광주광역시 - 계 - 약간 불만족,Statistics,6.464,5.835,4.832
대구광역시 - 계 - 계,Statistics,100.0,100.0,100.0
대구광역시 - 계 - 매우 만족,Statistics,14.565,16.619,18.24
대구광역시 - 계 - 매우 불만족,Statistics,,0.101,0.293
대구광역시 - 계 - 보통,Statistics,36.618,37.463,29.792
대구광역시 - 계 - 약간 만족,Statistics,42.533,41.755,46.699
대구광역시 - 계 - 약간 불만족,Statistics,6.284,4.062,4.976
대전광역시 - 계 - 계,Statistics,100.0,100.0,100.0
대전광역시 - 계 - 매우 만족,Statistics,19.857,17.848,29.587
대전광역시 - 계 - 매우 불만족,Statistics,1.188,,0.164
대전광역시 - 계 - 보통,Statistics,28.517,27.75,27.894
대전광역시 - 계 - 약간 만족,Statistics,41.902,52.105,39.112
대전광역시 - 계 - 약간 불만족,Statistics,8.537,2.298,3.243
부산광역시 - 계 - 계,Statistics,100.0,100.0,100.0
부산광역시 - 계 - 매우 만족,Statistics,20.238,18.688,23.252
부산광역시 - 계 - 매우 불만족,Statistics,0.104,,
부산광역시 - 계 - 보통,Statistics,30.284,26.812,31.112
부산광역시 - 계 - 약간 만족,Statistics,43.96,50.156,41.132
부산광역시 - 계 - 약간 불만족,Statistics,5.415,4.345,4.504
서울특별시 - 계 - 계,Statistics,100.0,100.0,100.0
서울특별시 - 계 - 매우 만족,Statistics,19.816,15.598,17.521
서울특별시 - 계 - 매우 불만족,Statistics,0.282,0.147,0.376
서울특별시 - 계 - 보통,Statistics,36.736,33.7,31.855
서울특별시 - 계 - 약간 만족,Statistics,38.472,45.536,45.42
서울특별시 - 계 - 약간 불만족,Statistics,4.694,5.019,4.828
세종특별자치시 - 계 - 계,Statistics,100.0,100.0,100.0
세종특별자치시 - 계 - 매우 만족,Statistics,16.901,16.311,16.7
세종특별자치시 - 계 - 매우 불만족,Statistics,0.414,0.17,0.298
세종특별자치시 - 계 - 보통,Statistics,29.084,37.302,36.207
세종특별자치시 - 계 - 약간 만족,Statistics,46.541,43.115,42.255
세종특별자치시 - 계 - 약간 불만족,Statistics,7.06,3.102,4.539
울산광역시 - 계 - 계,Statistics,100.0,100.0,100.0
울산광역시 - 계 - 매우 만족,Statistics,16.356,13.457,16.264
울산광역시 - 계 - 매우 불만족,Statistics,0.673,0.579,0.322
울산광역시 - 계 - 보통,Statistics,35.293,37.542,36.446
울산광역시 - 계 - 약간 만족,Statistics,44.368,44.333,40.092
울산광역시 - 계 - 약간 불만족,Statistics,3.309,4.089,6.876
인천광역시 - 계 - 계,Statistics,100.0,100.0,100.0
인천광역시 - 계 - 매우 만족,Statistics,19.537,19.919,17.409
인천광역시 - 계 - 매우 불만족,Statistics,0.328,0.1,0.496
인천광역시 - 계 - 보통,Statistics,38.11,41.07,36.289
인천광역시 - 계 - 약간 만족,Statistics,38.633,35.412,40.322
인천광역시 - 계 - 약간 불만족,Statistics,3.393,3.499,5.485
전국 - 계 - 계,Statistics,100.0,100.0,100.0
전국 - 계 - 매우 만족,Statistics,17.108,16.76,17.814
전국 - 계 - 매우 불만족,Statistics,0.31,0.226,0.394
전국 - 계 - 보통,Statistics,35.556,34.875,32.701
전국 - 계 - 약간 만족,Statistics,40.734,43.86,43.129
전국 - 계 - 약간 불만족,Statistics,6.292,4.279,5.963
전라남도 - 계 - 계,Statistics,100.0,100.0,100.0
전라남도 - 계 - 매우 만족,Statistics,18.029,23.457,19.906
전라남도 - 계 - 매우 불만족,Statistics,0.294,0.276,0.16
전라남도 - 계 - 보통,Statistics,28.546,27.855,29.644
전라남도 - 계 - 약간 만족,Statistics,45.517,43.896,44.939
전라남도 - 계 - 약간 불만족,Statistics,7.614,4.516,5.351
전북특별자치도 - 계 - 계,Statistics,100.0,100.0,100.0
전북특별자치도 - 계 - 매우 만족,Statistics,18.959,15.912,21.311
전북특별자치도 - 계 - 매우 불만족,Statistics,0.137,0.059,0.071
전북특별자치도 - 계 - 보통,Statistics,31.646,31.955,24.459
전북특별자치도 - 계 - 약간 만족,Statistics,43.506,48.52,45.814
전북특별자치도 - 계 - 약간 불만족,Statistics,5.751,3.554,8.345
제주특별자치도 - 계 - 계,Statistics,100.0,100.0,100.0
제주특별자치도 - 계 - 매우 만족,Statistics,15.934,14.006,17.53
제주특별자치도 - 계 - 매우 불만족,Statistics,0.142,0.56,0.479
제주특별자치도 - 계 - 보통,Statistics,40.157,34.545,31.953
제주특별자치도 - 계 - 약간 만족,Statistics,38.863,46.439,44.048
제주특별자치도 - 계 - 약간 불만족,Statistics,4.904,4.45,5.991
충청남도 - 계 - 계,Statistics,100.0,100.0,100.0
충청남도 - 계 - 매우 만족,Statistics,15.974,18.669,12.821
충청남도 - 계 - 매우 불만족,Statistics,0.397,1.262,0.917
충청남도 - 계 - 보통,Statistics,39.801,39.312,37.151
충청남도 - 계 - 약간 만족,Statistics,37.592,37.295,42.438
충청남도 - 계 - 약간 불만족,Statistics,6.236,3.461,6.672
충청북도 - 계 - 계,Statistics,100.0,100.0,100.0
충청북도 - 계 - 매우 만족,Statistics,15.365,17.695,12.587
충청북도 - 계 - 매우 불만족,Statistics,0.625,,0.595
충청북도 - 계 - 보통,Statistics,36.429,32.93,35.62
충청북도 - 계 - 약간 만족,Statistics,40.186,44.193,41.645
충청북도 - 계 - 약간 불만족,Statistics,7.396,5.182,9.553
